round,stratum,raw_article_id,company_id,company,source,title,body,url,relevance_label,advertisement_label,note,decision,relevance_score
1,E_커뮤니티회수,17236,5,SSG,kakao_daum,오디세이랑 스파이더맨 중에 뭐 보러 갈까요? - 영화/TV - 에펨코리아,남자새끼들마냥 아무거나봐~ 상태라 그 아무거나를 골라야하는 상황입니다. 친구들 원래 좋아하는 영화는 신세계나 한국 느와르 영화를 좋아하는 쪽이라 저 둘 중엔 뭐 고를까 애매하더라구요. 의견들이 어떠신가여,https://www.fmkorea.com/10263674202,irrelevant,no,영화명임,accepted,0.939075
1,E_커뮤니티회수,21117,8,네이버,kakao_daum,안녕하세요. 복귀 희망유저입니다.,오래전에 했던 게임이라 다시 해볼까하고 여기에서 정보글좀 보려고 들어왔다가 정보글이 안보여서 네이버 카페를 읽다보니 신규유입이 없어서 신규서버를 하는것은 무리라고 판단하게 되었습니다. 그래서 계정을...,https://gall.dcinside.com/mgallery/board/view/?id=3kingdoms&no=368801,irrelevant,no,,accepted,0.911758
1,D_중간대역,21843,1,올리브영,kakao_daum,올리브영 중화역점,"올리브영은 최신 K-뷰티 제품을 경험할 수 있는 헬스앤뷰티 전문 스토어입니다. 스킨케어, 메이크업, 건강식품 등 다양하고 트렌디한 제품을 합리적인 가격에 판매하여, 외국인 관광객들 사이에서 특히 인기가...",http://www.tourcoupon.co.kr/view.html?contentid=2923080,relevant,no,,accepted,0.885061
1,E_커뮤니티회수,41371,5,SSG,kakao_daum,피시엑스 타면 탈수록 신세계네..,이정도였나 ㄷㄷ 지나가던 커브 발로까고 빽점놓음,https://gall.dcinside.com/mgallery/board/view/?id=deliverydriver&no=78187,irrelevant,no,,accepted,0.974862
1,C_경계,18076,9,쿠팡,kakao_daum,펩시 제로슈거 라임향,"펩시 제로슈거 라임향 14,630원 로켓 쿠팡에서 보기 가격/재고/혜택은 수시로 변동될 수 있으며, 링크 이동 시점의 정보를 기준으로 합니다.",https://icoupang.com/best_product/9611,irrelevant,yes,,review_required,0.004971
1,C_경계,37065,8,네이버,kakao_daum,[팝업] HK LUNAR 오픈 하우스,8.28(금) 단 이틀! 선착순 10팀을 초대합니다. 팝업스토어를 직접 체험하고 리뷰를 작성해 주신 분께는 네이버 2만 원의 혜택도 드립니다! Benefit 2만원 네이버페이 기프티콘 2026.08.21 ~ 2026.08.28 상시 유선...,https://s1forum.kr/trial-apply/view.php?bo_table=trial&wr_id=5,irrelevant,yes,,review_required,0.608909
1,A_확신통과,21187,1,올리브영,naver_api_hub,"[28일 인천 제물포구] 송현1·2동 지사협, 취약계층 청소년 ‘올리브영...",20명에게 ‘올리브영 기프트 카드’를 전달했다고 밝혔다. ‘우리동네 청춘 가꿈’ 전달식은 청소년들이... 이에 지역사회보장협의체는 이러한 문제점을 개선하고자 청소년들이 선호하는 브랜드 매장인 ‘올리브영’의...,https://www.asiatime.co.kr/article/20260828500186,incidental,no,,accepted,0.981582
1,B_확신거절,23746,7,카카오,kakao_daum,새로워진 아이코스 일루마 i 원 키트,"재고 및 택배사 상황에 따라 다소 지연될 수 있습니다. 4. 제품 출고 이후 배송 현황 확인을 위한 카카오 알림톡이 발송되며, 아이코스닷컴 > 주문내역에서도 배송조회가 가능합니다. 주문취소 1. 주문상태가...",https://kr.iqos.com/iluma-i-one-kit,irrelevant,no,,rejected,0.098499
1,A_확신통과,14671,8,네이버,naver_api_hub,휴온스글로벌 주가 기세등등… 자회사 톡신 제제 글로벌 승인 기대감 부...,네이버 증권. 보툴리눔톡신(보톡스) 관련주가 27일 강세를 보이고 있다. 글로벌 미용·성형 시장이 성장하는 가운데 국내 업체들의 해외 시장 진출이 확대될 것이라는 기대가 관련주에 반영된 것으로 풀이된다....,https://www.pinpointnews.co.kr/news/articleView.html?idxno=481006,irrelevant,no,,accepted,0.940414
1,C_경계,35796,6,11번가,kakao_daum,소상공인 온라인 판로지원 신청방법｜쇼핑몰 입점·라이브커머스 지원,"선택이 아닌 필수가 되었습니다. 오프라인 매장만 운영하던 사업자도 네이버 스마트스토어, 쿠팡, 11번가, G마켓, 라이브커머스 등을 활용하면서 새로운 매출을 만들고 있습니다. 하지만 상세페이지 제작, 상품...",https://dreameum.com/%EC%86%8C%EC%83%81%EA%B3%B5%EC%9D%B8-%EC%98%A8%EB%9D%BC%EC%9D%B8-%ED%8C%90%EB%A1%9C%EC%A7%80%EC%9B%90-%EC%8B%A0%EC%B2%AD%EB%B0%A9%EB%B2%95/,uncertain,no,브랜드 여론과 관계 있는지 불확실,review_required,0.604323
1,B_확신거절,13724,7,카카오,naver_api_hub,"하츠투하츠, '15-LOVE' 후속 활동 돌입…테니스 콘셉트 제대로 살렸다","카카오엔터테인먼트의 글로벌 K팝 미디어 1theK(원더케이)는 오리지널 콘텐츠 '온더스팟(On the Spot)'을 통해 하츠투하츠(지우, 카르멘, 유하, 스텔라, 주은, 에이나, 이안, 예온)의 '15-LOVE' 퍼포먼스 영상을 공개했다....",https://www.slist.kr/news/articleView.html?idxno=761709,irrelevant,no,,rejected,0.063954
1,D_중간대역,18829,5,SSG,naver_api_hub,"이마트 초저가 PB '5K프라이스', 1년 만에 4000만개 팔렸다","아울러 행사 기간 전 품목 대상 2만원 이상 구매 고객에게 신세계포인트 적립 시 e머니 3000점을 증정하며, 1만원 이상 구매 후 앱 응모 시 최대 5만원 이마티콘을 추첨 지급한다. 황운기 이마트 상품본부장은...",https://news.tf.co.kr/read/economy/2358983.htm,relevant,no,,accepted,0.70161
1,B_확신거절,15501,5,SSG,naver_api_hub,"유망주 1군 콜업은 최다, 엔트리 활용률은 꼴찌...키움의 리빌딩, 제대로...","키움은 27일 기준 42승73패3무, 승률 0.365로 9위 SSG 랜더스에도 7.0경기나 뒤진 리그 최하위다. 사상 초유의 4년 연속 꼴찌가 유력한 상황에서, 남은 시즌 유망주를 키우고 경험치를 먹여 내년 시즌을 대비하는 게 그나마...",http://www.spochoo.com/news/articleView.html?idxno=129327,irrelevant,no,,rejected,0.023508
1,A_확신통과,12223,5,SSG,naver_api_hub,"""우리 아파트에 생긴 '스타벅스', 짭이라고요?"" 입주민들 황당","우리가 일반 상가에서 접하는 스타벅스 매장은 신세계그룹 계열사인 스타벅스코리아가 운영한다. 따라서 기프티콘, 상품권, 이벤트 등 매장에서 이용·참여 가능한 요소들 모두 스타벅스코리아가 담당한다. 구체적인...",https://realty.chosun.com/site/data/html_dir/2026/08/26/2026082601997.html,relevant,no,,accepted,0.937317
1,B_확신거절,22142,5,SSG,kakao_daum,"SSG 김성현, 9월 5일 은퇴식 개최…21년 ‘원클럽맨’ 선수 생활 마감",프로야구 SSG 랜더스의 ‘원클럽맨’ 김성현(39) 플레잉코치가 21년간의 선수 생활에 마침표를 찍습니다. SSG는 오는 9월 5일 인천SSG랜더스필드에서 열리는 2026 신한 SOL KBO리그 두산 베어스와의 홈경기에서...,https://v.daum.net/v/tW04FcpX7g,irrelevant,no,,rejected,0.009035
1,A_확신통과,20404,7,카카오,naver_api_hub,"'모두의 AI' 카카오-LG, '카톡·전화' 중심 서비스 구축…진입 장벽 낮춘...",카카오와 LG그룹이 카카오톡 및 전화 서비스를 중심으로 보편적 AI(인공지능) 서비스 개발에 나선다. 카카오는 자사가 주관사를 맡고 LG유플러스 등이 핵심 참여사로 함께하는 카카오 컨소시엄이 과학기술정보통신부의...,https://www.shinailbo.co.kr/news/articleView.html?idxno=5055964,relevant,no,,accepted,0.978475
1,D_중간대역,19365,7,카카오,naver_api_hub,"전국민 무료 AI, 카카오·SKT·KT가 만든다(종합)","이기범 신민경 기자 = 정부가 추진하는 '모두의 AI' 사업자로 카카오·SK텔레콤·KT가 선정됐다. 이들은 '챗GPT... 거쳐 카카오 컨소시엄, SK텔레콤 컨소시엄, KT 컨소시엄을 사업 수행기관으로 선정했다고 밝혔다....",https://www.news1.kr/it-science/internet-platform/6272359,relevant,no,,rejected,0.981656
1,C_경계,35504,4,마켓컬리,kakao_daum,"자주 마시는 산수음료, 저렴하게 대량 구매하려면",병에 드는 비용이 훨씬 내려가요. 저렴하게 대량으로 구매하는 가장 직접적인 방법은 쿠팡·이마트몰·마켓컬리 같은 온라인 대형몰에서 묶음 상품을 찾는 것입니다. 이런 사이트들의 음료 코너에는 박스 단위...,https://picjjang.com/1003694/,irrelevant,no,,review_required,0.606701
1,E_커뮤니티회수,12403,8,네이버,kakao_daum,서울에서 수영 살내강습 받는 익 있어?,수영복 어디서 샀어? 타지사람인데 왜 네이버에 서치해도 잘 안나오지 ㅜ 아레나 말고! 편집샵 없나료? ㅠㅠ,https://www.instiz.net/name/67356831,irrelevant,no,,accepted,0.789409
1,B_확신거절,18877,5,SSG,kakao_daum,[2026 프로야구] 8월 28일 구단별 선발투수와 생중계 채널,LG 트윈스 김윤식의 경기는 부산 사직야구장에서 열린다. 생중계채널은 SPOTV에서 볼 수 있다. KIA 타이거즈 올러와 SSG 랜더스 이준기의 경기는 광주 기아챔피언스필드에서 펼쳐진다. 생중계채널은 SBS SPORTS다...,https://www.mimint.co.kr/bbs/view/news/S1N150/5552228,irrelevant,no,,rejected,0.003985
1,C_경계,35616,4,마켓컬리,naver_api_hub,[Digital & Now] 네이버 '컬리N마트' 출시 1년 만에 거래액 10배 증가,네이버는 컬리와 함께 출시한 '컬리N마트'의 거래액이 출시 1년 만에 초기 대비 약 10배 증가했다고 31일 밝혔다. 지난해 9월 출시된 컬리N마트는 네이버의 쇼핑 사용자 기반과 컬리의 상품 소싱 및 새벽배송 인프라를...,https://www.ebn.co.kr/news/articleView.html?idxno=1722345,relevant,no,,review_required,0.60631
1,B_확신거절,21361,8,네이버,naver_api_hub,오늘부터 공연·스포츠 암표에 50배 과징금…'오디세이' 영화관 암표는...,NOL티켓·멜론티켓·예스24·티켓링크·쿠팡플레이 등 예매처와 네이버·당근마켓·번개장터·중고나라·티켓베이 등 중고거래 플랫폼이 참석했다. 경찰청·공정거래위원회·국민체육진흥공단·한국콘텐츠진흥원·관련...,https://www.econovill.com/news/articleView.html?idxno=749217,uncertain,no,브랜드 여론과 관계 있는지 불확실,rejected,0.004018
1,E_커뮤니티회수,16238,2,무신사,kakao_daum,한스킨 무신사 단독샷 포카는 그 어느 커뮤에도 받은 사람이 없어?,,https://gall.dcinside.com/mgallery/board/view/?id=rescene1&no=373012,irrelevant,no,,accepted,0.960608
1,D_중간대역,13149,4,마켓컬리,naver_api_hub,"컬리, ‘8월 패션위크’ 개최","컬리가 오는 31일까지 ‘8월 패션위크’ 기획전을 열고 패션 상품을 할인 판매한다고 26일 밝혔다. 이번... ▲ [사진=컬리] 여름 제품 클리어런스에서는 티세르 ‘마리나 시어서커 커플 반팔 잠옷’, 울랄라 파자마 ‘밀라...",https://www.megaeconomy.co.kr/news/newsview.php?ncode=1065599115262355,relevant,no,,accepted,0.854576
1,C_경계,38906,4,마켓컬리,naver_api_hub,"컬리N마트, 1년 만에 거래액 10배 뛰었다",리테일 테크 기업 컬리가 ‘컬리N마트’가 서비스를 시작한 지 1년 만에 월 거래액이 약 10배 뛰었다고 1일 밝혔다. 컬리N마트는 지난해 9월 컬리와 네이버가 손잡고 네이버플러스 스토어에 오픈한 장보기 서비스다....,https://biz.heraldcorp.com/article/10858002,relevant,no,,review_required,0.629353
1,B_확신거절,21509,8,네이버,kakao_daum,"현대소방설비㈜ 기업정보 - 직원수, 근무환경, 복리후생 등 | 잡코리아",영업활동 등을 통해 얻는 수익을 말합니다. 상품 등의 판매나 용역의 제공으로 얻어진 수익입니다. [출처 : 네이버 지식백과 > 용어해설 > 매출액] 2025년 매출액 111억 8천만원 상승 업계평균 대비 상승 2022...,https://www.jobkorea.co.kr/Recruit/Co_Read/C/hdsb119/Company_name/%ed%98%84%eb%8c%80%ec%86%8c%eb%b0%a9%ec%84%a4%eb%b9%84%e3%88%9c,irrelevant,no,,rejected,0.007077
1,D_중간대역,38773,2,무신사,naver_api_hub,"[유통갤러리]11번가, 9월 ‘월간 십일절’ 실시…최대 55% 할인 외","◆블랙포레, 김원훈 초청 이벤트 진행 애경산업의 탈모 케어 전문 헤어 브랜드 ‘블랙포레’가 오는 14일까지 서울 성동구에 위치한 ‘무신사 메가 스토어 성수’에서 체험형 브랜드 부스를 운영한다. 오는 4일에는...",https://theviewers.co.kr/View.aspx?No=4207110,uncertain,no,기사 title과 body의 내용 불일치,accepted,0.876802
1,C_경계,38551,1,올리브영,naver_api_hub,"삼성전자, 가성비 내세운 '뉴 갤럭시 북6' 국내 출시","300명에게는 올리브영 3만원 상품권도 제공된다. 체험단 운영이 끝난 뒤에는 22일까지 출시 프로모션이 이어진다. 이 기간 구매 고객에게는 네이버페이 5만 포인트가 제공되며, 후기 작성 시 올리브영 5만원 상품권...",https://www.nextdaily.co.kr/news/articleView.html?idxno=252652,irrelevant,no,,review_required,0.01024
1,C_경계,23536,5,SSG,kakao_daum,"추석 선물, 남들보다 일찍 사면 얼마나 이득일까","세트 무료 배송도 제공합니다. 더 빨라진 2026 추석, 더 일찍 준비한 신세계그룹 이마트뿐만이 아닙니다. 신세계백화점과 SSG닷컴, 조선호텔앤리조트까지 각자의 강점을 살린 사전예약에 나섰습니다...",https://v.daum.net/v/yIkaCQSru6,uncertain,no,,review_required,0.600317
1,B_확신거절,12981,1,올리브영,naver_api_hub,에너지 기업 10곳 중 9곳 “하반기 채용”…정유화학도 75%,"고려대 SK미래관 최종현홀에서 ‘제24회 2026 인크루트 채용설명회’를 열고 하반기 채용시장 전망을 소개한다. 행사에는 SK하이닉스, CJ올리브영, 한국전력공사 등이 참여해 기업별 채용 동향을 전달할 예정이다.",https://www.gosiweek.com/article/1065566871230771,uncertain,no,,rejected,0.092085
1,C_경계,36611,7,카카오,naver_api_hub,"KT&G, 3초 예열 전자담배 선보여···'릴' 확장","릴 카카오톡 채널과 공식 홈페이지에서 할인쿠폰을 발급받으면 출시 기념 특별가 4만9000원에 구매할 수 있다. 한정판 루비 블랙 SV는 권장 소비자가 12만원, 쿠폰 적용가는 5만9000원이다. 전용 스틱 브랜드 '나우(NAU)...",http://www.finomy.com/news/articleView.html?idxno=260416,irrelevant,no,,review_required,0.010856
1,C_경계,17065,7,카카오,kakao_daum,카카오톡 배경화면 바꾸기 설정이 가능한 스마트폰 기종과 제약 사항,"카카오톡 배경화면 바꾸기를 고민하는 분들은 단순히 채팅방의 분위기를 전환하려는 목적이 크지만, 최신 스마트폰의 보안 기술이나 소프트웨어 호환성에 따라 설정 방식이 달라질 수 있습니다. 특히 최근 출시된...",https://info.infonbox.com/%ec%b9%b4%ec%b9%b4%ec%98%a4%ed%86%a1-%eb%b0%b0%ea%b2%bd%ed%99%94%eb%a9%b4-%eb%b0%94%ea%be%b8%ea%b8%b0-%ec%84%a4%ec%a0%95%ec%9d%b4-%ea%b0%80%eb%8a%a5%ed%95%9c-%ec%8a%a4%eb%a7%88%ed%8a%b8%ed%8f%b0/,incidental,no,,review_required,0.438884
1,D_중간대역,20150,7,카카오,kakao_daum,"넵튠, 카카오페이 미니게임 파트너사 선정",ⓒ 넵튠 넵튠은 28일 카카오페이와 게임 콘텐츠 공급 계약을 체결하고 카카오페이 '미니게임' 파트너사로 참여한다고 밝혔다. 카카오페이가 올해 2월 출시한 '미니게임'은 이용자가 게임과 간단한 미션을...,https://v.daum.net/v/bZyiukUZv7,incidental,no,,accepted,0.848465
1,B_확신거절,11588,5,SSG,naver_api_hub,2026 KBO 리그 잔여 경기 일정 확정,"KBO 사무국은 10월 7일 두산 베어스-LG 트윈스(잠실), 한화 이글스-키움 히어로즈(고척), NC 다이노스-SSG 랜더스(인천), 삼성 라이온즈-kt wiz(수원), KIA 타이거즈-롯데 자이언츠(부산) 5경기로 정규리그를 마감하는 일정을...",https://www.newsgn.com/news/articleView.html?idxno=569882,irrelevant,no,,rejected,0.004381
1,D_중간대역,19405,7,카카오,naver_api_hub,"SKT·카카오·KT, 모두의 AI 구축 사업자 최종 선정...B200 GPU 512장 지원","SK텔레콤과 카카오, KT 컨소시엄을 선정했다. 사진=연합뉴스 28일 연합뉴스에 따르면 과학기술정보통신부는 '모두의 AI' 프로젝트 수행기관으로 SK텔레콤·카카오·KT 등 3개 컨소시엄을 최종 선정했다고 밝혔다. 이번...",https://www.slist.kr/news/articleView.html?idxno=762000,relevant,no,,rejected,0.98119
1,B_확신거절,41818,4,마켓컬리,kakao_daum,21 46 80 디알텍,럼피로봇로봇청소기롯데그룹리리모델링리비안리츠리튬마그네슘마리나마리화나마스크마이크로마이크로바이옴마켓컬리맥주메가서울메르스메타버스면세점모듈모바일신분증모피의류무상급식물류미디어미세먼지미용...,http://tvs.landmoa.net/?acmode=b_s&curjong=stock001010&no=214680&page=1&orgcstyle=&cstyle=4,irrelevant,yes,,rejected,0.004158
1,A_확신통과,20948,5,SSG,naver_api_hub,[2026 상반기 업종 분석⑤·끝] 살아난 소비 ··· 실적은 온도차,할인점 기존점 매출과 트레이더스 실적이 성장하며 본업은 개선됐지만 스타벅스를 운영하는 SCK컴퍼니의 적자 전환과 SSG닷컴 손실 등이 연결실적을 끌어내렸다. 본업과 연결실적이 반대 방향으로 움직인 셈이다....,https://www.datasom.co.kr/news/articleView.html?idxno=209706,relevant,no,,accepted,0.940662
1,B_확신거절,22609,9,쿠팡,kakao_daum,창문 틈새 바람 막는 방법｜아파트 외풍 막기와 단열필름 붙이는 방법 - 라이프알림,"창문 외풍 차단용품 확인하기 이 포스팅은 쿠팡 파트너스 활동의 일환으로, 이에 따른 일정액의 수수료를 제공받습니다. 날씨가 추워지면 보일러를 켜도 유난히 창문 주변만 서늘하게 느껴지는 집이 있습니다...",https://life.info-wp.kr/%ec%b0%bd%eb%ac%b8-%ed%8b%88%ec%83%88-%eb%b0%94%eb%9e%8c-%eb%a7%89%eb%8a%94-%eb%b0%a9%eb%b2%95%ef%bd%9c%ec%95%84%ed%8c%8c%ed%8a%b8-%ec%99%b8%ed%92%8d-%eb%a7%89%ea%b8%b0%ec%99%80-%eb%8b%a8%ec%97%b4/,irrelevant,yes,,rejected,0.042141
1,D_중간대역,36170,8,네이버,kakao_daum,세이코 프로스펙스 1965 헤리티지 다이버 워치 팬-셀렉티드 리미티드 에디션 - MAGAZINE - TIMEFORUM,한정) 타임포럼 뉴스 게시판 바로 가기 인스타그램 바로 가기 유튜브 바로 가기 페이스북 바로 가기 네이버 카페 바로 가기 Copyright ⓒ 2026 by TIMEFORUM All Rights Reserved. 게시물 저작권은 타임포럼에...,https://www.timeforum.co.kr/NEWSNINFORMATION/20613030,irrelevant,yes,,accepted,0.704355
1,A_확신통과,41236,5,SSG,naver_api_hub,"대상 청정원, 추석 선물세트 2026 출시…'가성비'에 취향·스토리 더했다",대상 공식 온라인몰 정원e샵을 비롯해 컬리와 SSG닷컴 등 주요 온라인 채널에서 판매한다. 젊은 소비자를 겨냥한 디자인 협업도 확대했다. 청정원은 생동감 있는 색채와 경쾌한 표현으로 알려진 차인철 아티스트와...,http://www.youngnong.co.kr/news/articleView.html?idxno=62011,irrelevant,no,,accepted,0.918407
1,C_경계,41638,8,네이버,kakao_daum,[연제구 거제1동맛집] 닭요리 토종가흑임자삼계탕,"위치한 한식토종가흑임자삼계탕 ※식사메뉴닷컴에 등록된 이미지가 없는 경우에는 포털(구글,다음,네이버등)에서 실시간 검색한 이미지가 노출되며, 이경우 검색엔진의 정확도에 따라 해당업체와 관련이 없는...",https://siksamenu.co.kr/food/detail.asp?seq=106267323,irrelevant,yes,,review_required,0.405022
1,A_확신통과,17485,8,네이버,naver_api_hub,"초록우산, 네팔 대규모 홍수 피해 지원 위해 3억 원 규모 긴급구호 착수","한편 초록우산은 네팔 홍수 피해 이재민 지원을 위한 긴급구호 모금 캠페인을 진행하고 있다. 참여를 희망하는 후원자는 초록우산 공식 홈페이지, 카카오 같이가치, 네이버 해피빈 등을 통해 동참할 수 있다.",https://www.gosiweek.com/article/1065598635801343,incidental,no,,accepted,0.928324
1,D_중간대역,34917,7,카카오,kakao_daum,GitHub - kakao/singlestore_exporter: singlestore_exporter collects metrics from SingleStore...,"pprof false License This software is licensed under the Apache 2 license, quoted below. Copyright 2024 Kakao Corp. http://www.kakaocorp.com Licensed under the Apache License, Version 2.0 (the...",https://github.com/kakao/singlestore_exporter,irrelevant,yes,,rejected,0.229539
1,E_커뮤니티회수,17950,5,SSG,kakao_daum,VS SSG ㄹㅇㅇ,이날 한화는 이원석（우익수）-문현빈（중견수）-한지윤（좌익수）-강백호（지명타자）-노시환（3루수）-김태연（1루수）-허인서（포수）-황영묵（2루수）-심우준（유격수） 순으로 라인업을 꾸렸다.,https://web.humoruniv.com/board/humor/read.html?table=pride&number=1326199,irrelevant,no,,accepted,0.965828
1,E_커뮤니티회수,6097,7,카카오,kakao_daum,"'오딘: 발할라 라이징', 편의성 개선 업데이트...길드원 집결지 시스템 신설",카카오게임즈는 라이온하트 스튜디오가 개발한 MMORPG '오딘: 발할라 라이징'에 이용자 피드백을 반영한 편의성 개선 업데이트를 실시했다고 26일 밝혔다. 제공=카카오게임즈 먼저 길드원 간 협동 플레이를 지원...,https://gall.dcinside.com/board/view/?id=khgames&no=9963,irrelevant,no,,accepted,0.936076
1,A_확신통과,15289,2,무신사,kakao_daum,"""드라마 보고 왔어요""…외국인들 몰려든 '핫플' 정체 [현장+]","일상 패션 의류나 음식 등 소장 가능한 상품으로 소비하려는 수요가 맞물린 결과다. /사진=김소연 기자 무신사, '오징어 게임' 이어 '신병4' 성수 임시 매장 흥행…팬덤 패션 선도패션업계에서는 무신사가 콘텐츠...",https://www.hankyung.com/article/202608276255g,relevant,no,,accepted,0.940189
1,A_확신통과,41388,5,SSG,naver_api_hub,‘면세 쇼핑+뷰티포인트’ 결합…신세계免·아모레 동맹,신세계면세점이 아모레퍼시픽의 자체 멤버십 ‘뷰티포인트’를 온라인몰에 연동하며 면세 쇼핑과 브랜드... ▲ 신세계면세점이 아모레퍼시픽의 멤버십 포인트를 온라인몰에 연동한다. [사진=신세계면세점]...,https://www.megaeconomy.co.kr/news/newsview.php?ncode=1065598682005540,relevant,no,,accepted,0.981846
1,B_확신거절,11957,5,SSG,kakao_daum,호텔스컴바인 (Jirisan Shinsegae Resort),"홈 대한민국 39,895 경상남도 3,320 산청 지리산신세계리조트 9월 1일 화 9월 2일 수 ​투숙객 2​명, ​객실 1개 예약 사이트 지리산신세계리조트 예약 업체 지리산신세계리조트 예약 업체 지리산신세계리조트 예약...",https://www.hotelscombined.co.kr/Hotel/Sancheong_Sinsegye_jirisan_resort.htm,irrelevant,yes,,rejected,0.01034
1,E_커뮤니티회수,17900,8,네이버,kakao_daum,"[네이버] 우거지 뼈해장국 1kg 2,900원",네멤 3개부터 무배,https://gall.dcinside.com/mgallery/board/view/?id=itssaexodus&no=218673,irrelevant,yes,,review_required,0.347963
1,C_경계,34985,7,카카오,kakao_daum,운영 정책 - 카카오디벨로퍼스 | 약관,운영정책 회원의 카카오 플랫폼 서비스에 대한 사용은 본 운영정책의 적용을 받습니다. 운영정책을 지키지 않을 경우 불이익을 당할 수 있으니 주의 깊게 읽어주시기 바랍니다. 카카오는 운영정책을 개정할 수...,https://developers.kakao.com/terms/ko/site-policies,irrelevant,no,,review_required,0.652527
1,B_확신거절,18190,8,네이버,kakao_daum,책상 색상 조합 — 프레임 2종 × 상판 5종,수 있습니다. 프레임과 상판 색상은 모든 조합으로 자유롭게 선택할 수 있습니다. 실제 선택 화면은 네이버 공식 스토어의 상품 옵션에서 확인해 주세요. 구분 선택 가능한 색상 프레임 화이트 · 블랙 상판...,https://indeup.com/guide/desk-frame-top-color-guide/,irrelevant,yes,,rejected,0.004475
1,E_커뮤니티회수,15796,8,네이버,kakao_daum,[개미심리지수] 14:05 공포탐욕 36 (공포),라이브 ▶ 43 (공포) DC 미국주식 ▶ 39 (공포) 에펨코리아 ▶ 47 (중립) DC 해외주식 ▶ 51 (중립) 네이버 종토방 ▶ 37 (공포) 토스증권 ▶ 64 (탐욕) 뽐뿌 ▶ 84 (극도의 탐욕) 더쿠 ▶ 44 (공포) 블라인드...,https://gall.dcinside.com/mgallery/board/view/?id=krstock&no=3348783,irrelevant,no,,accepted,0.936584
1,D_중간대역,20358,5,SSG,naver_api_hub,"신세계백화점, 연중 최대 주류 행사 뱅드신세계 개최",신세계백화점이 다음 달 3일까지 일주일간 연중 최대 주류 행사인 '뱅드신세계'를 열고 다양한 상품을 특가로 선보입니다. 이번 행사는 최근 세분화되는 주류 소비 트렌드에 발맞추어 와인을 중심으로 위스키와 사케...,https://news.bbsi.co.kr/news/articleView.html?idxno=4103312,relevant,no,,accepted,0.89306
1,E_커뮤니티회수,16519,9,쿠팡,kakao_daum,쿠수니인데 본인 쿠팡가면 아스크림 6개 먹고 옴!,아스크림 너무 맛있음,https://gall.dcinside.com/mgallery/board/view/?id=coupangar&no=383808,uncertain,no,labor/hr 관련 여론으로 볼 수 있는지 불확실,accepted,0.951431
1,A_확신통과,18109,7,카카오,naver_api_hub,"카카오뱅크 임원 보수, 2년째 100% 현금…시중은행과 대비",카카오뱅크가 임원 성과보수를 2년 연속 현금으로 책정한 것이 논란이다. 경영진의 보상을 장기 사업... 임원 성과보수 2년 연속 '전액 현금' 27일 카카오뱅크가 '2025년 지배구조 및 보수체계 연차보고서'에 따르면...,https://www.insightkorea.co.kr/news/articleView.html?idxno=253297,relevant,no,,accepted,0.983042
1,A_확신통과,17291,5,SSG,naver_api_hub,"SSG닷컴, 라이프스타일 부문 인적분할 단행… 계열분리 포석 및 쿠팡 대...",SSG닷컴이 사업 전문성과 효율성 제고를 명목으로 라이프스타일 사업부문의 인적분할을 추진한다. SSG닷컴은 지난 27일 이사회를 열고 관련 안건을 승인했다고 밝혔다. 오는 10월 말 임시 주주총회를 거쳐 12월 1일을...,http://www.lkp.news/news/articleView.html?idxno=83420,relevant,no,,accepted,0.982174
1,A_확신통과,40535,8,네이버,naver_api_hub,"MMORPG '도깨비의세계', 8일 온라인 쇼케이스서 주요 콘텐츠 소개","'도깨비의세계'는 네이버 인기 웹소설 및 웹툰 '멸귀수도전' IP를 기반으로 개발 중인 MMORPG다. 2D 도트 캐릭터와 3D 배경을 결합한 하이브리드 비주얼을 적용해 레트로 감성과 입체적인 공간감을 동시에 구현했으며, 한국...",https://www.fomos.kr/redirect/news_view?news_cate_id=2&entry_id=155568,irrelevant,no,,accepted,0.929079
1,A_확신통과,38320,7,카카오,naver_api_hub,"""탈색에 담배까지 배웠다""…'6년 만 복귀' 하지원, 파격 변신에 스튜디...","김선영이 ""너의 전화번호가 없어서 카카오톡 프로필로 연락했다""고 주장하자, 하지원은 ""연락처를 교환했고 실제로 연락도 나눴다""고 반박했다. 진실 확인 결과 하지원의 말이 맞는 것으로 드러났고, 내기에서 진 김선영은...",https://www.stardailynews.co.kr/news/articleView.html?idxno=548010,irrelevant,no,,accepted,0.940621
1,E_커뮤니티회수,17862,7,카카오,kakao_daum,김호중 그중에 그대를 만나,meet you among them (그중에 그대를 만나) Provided to YouTube by Kakao Entertainmentmeet you among them (그중에 그대를 만나) · Kim ho joongThree siblings are brave OST Part. 1℗ 2022 CANVAS MUSIC...,https://gall.dcinside.com/mini/board/view/?id=kimhojoong&no=67148,irrelevant,no,,rejected,0.009492
1,D_중간대역,20757,7,카카오,naver_api_hub,‘모두의 AI’ SKT·카카오·KT 선정,"정부가 전 국민이 무료로 사용하는 ‘모두의 AI’ 사업자로 SK텔레콤, 카카오, KT 등 컨소시엄 3곳을... 28일 과학기술정보통신부(과기정통부)는 모두의 AI 공모에 참여한 6개 사업자 중 SK텔레콤, 카카오, KT 컨소시엄 등을...",https://biz.heraldcorp.com/article/10855377,relevant,no,,rejected,0.98221
1,A_확신통과,16243,1,올리브영,naver_api_hub,"[현장] 이마트·트레이더스 품은 서울 첫 스타필드마켓 가보니, '미래형...","올리브영은 기존보다 3배 넓은 397㎡(약 120평) 규모로 확대됐다. 신세계팩토리스토어와 데카트론, ABC마트도 들어섰다. 11월에는 유니클로와 무인양품도 추가 개점한다. 물론 월계점의 중심은 여전히 장보기였다. 이른...",https://www.businesspost.co.kr/BP?command=article_view&num=445744,incidental,no,,accepted,0.939262
1,C_경계,35483,4,마켓컬리,kakao_daum,"""점심값 2만원"" 직장인 비명 터지더니…SNS 뒤흔든 '핫템' [김기자의 알고리즘]",보냉 도시락가방' 검색량 656%↑이 같은 흐름은 도시락과 간편식 소비 증가로도 이어지고 있다. 마켓컬리에 따르면 이달 1~24일 도시락 카테고리 판매량은 전년 동기 대비 약 30% 늘었다. '온더고 간편 미식 덮밥...,https://www.hankyung.com/article/202608289043H,irrelevant,no,,review_required,0.602352
1,E_커뮤니티회수,39828,8,네이버,kakao_daum,MGSD 짱킷은 어디서 사는게 싸냐,알리익스프레스 검색해보니깐 네이버몰에서 사는거랑 가격차이 거의 없던데 다들 직구하는 사람들은 어디서 사는겨,https://gall.dcinside.com/mgallery/board/view/?id=gundam&no=4099752,relevant,no,,accepted,0.906173
1,B_확신거절,19288,2,무신사,naver_api_hub,'모두의 AI' 최종 승자는 SKT·카카오·KT…3개사 모두 낙점,"다음 포털·앱 및 다나와·무신사·직방 등 파트너 채널, KT 통신 채널과 미디어(IPTV 등)에 AI 진입점을 배치해 일상 어디서든 이용을 시작할 수 있게 한다. 교육·부동산 등 생활밀착 특화 서비스도 지원하며, 믿음 K 프로...",https://www.edaily.co.kr/News/Read?newsId=02991366645551912&mediaCodeNo=257,relevant,no,,rejected,0.011145
1,C_경계,19505,3,에이블리,naver_api_hub,"에이블리 ""빅사이즈 카테고리 거래액 22% 성장…마켓 수 32% ↑""",스타일 커머스 플랫폼 에이블리는 지난달 16~23일 진행한 '빅사이즈 연합전' 기간 빅사이즈 카테고리 거래액이 전년 대비 22% 성장했다고 28일 밝혔다. 에이블리는 체형에 관계 없이 자신이 원하는 스타일을 발견할 수...,https://www.news1.kr/industry/distribution/6272349,relevant,no,,review_required,0.506432
1,B_확신거절,15736,7,카카오,kakao_daum,스벅형들 별 150개짜리 MD 안나와 ?,md제품 안나오려나 ..? tag SCK컴퍼니 쿠팡에서 반려동물용품 특가를 살펴보세요 공식 APPLE 브랜드관에서 쿠팡 특가로 지금 만나보세요 좋아요좋아요 댓글댓글 공유하기 카카오톡 페이스북 트위터 링크복사 퍼가기,https://www.teamblind.com/kr/post/%EC%8A%A4%EB%B2%85%ED%98%95%EB%93%A4-%EB%B3%84-150%EA%B0%9C%EC%A7%9C%EB%A6%AC-MD-%EC%95%88%EB%82%98%EC%99%80-edjyetef,irrelevant,yes,,rejected,0.004351
1,B_확신거절,23353,7,카카오,naver_api_hub,"[종합] 인뱅 3사, 중·저신용 대출 비중 30% 웃돌아…토뱅 34.2% 최고","카카오뱅크와 케이뱅크는 각각 5000억원대, 3000억원대의 중·저신용 대출을 신규 공급했고, 토스뱅크는 3사 가운데 가장 높은 중·저신용 대출 잔액 비중을 기록했다. 28일 카카오뱅크의 2분기 중·저신용자 대출 잔액...",https://www.sentv.co.kr/article/view/sentv202608280145,relevant,no,,rejected,0.016544
1,C_경계,35823,6,11번가,kakao_daum,넷플릭스 한국 팬 커뮤니티 4(넷)플릭스,"[11번가]경량랙 중량랙 스피드랙맥스 200 300kg 중량물 철제선반 문서고 물류창고 사무실 랙 선반 진열… ₩68,960 + 무료배송",https://www.4flix.co.kr/ch3/p5,irrelevant,yes,,review_required,0.69502
1,B_확신거절,20842,9,쿠팡,kakao_daum,충전 임팩드릴 고를 때 꼭 확인할 4가지,"수치라도 실제 체결력은 다를 수 있으니, 표기값은 대략의 급을 가늠하는 참고로만 보세요. 이 포스팅은 쿠팡 파트너스 활동의 일환으로, 이에 따라 일정액의 수수료를 제공받습니다. 선택 기준과 맞는지 확인할...",https://livinganswer.kr/%ec%9e%84%ed%8c%a9%eb%93%9c%eb%a6%b4%ec%b6%94%ec%b2%9c/,irrelevant,yes,,rejected,0.008154
1,E_커뮤니티회수,14999,4,마켓컬리,kakao_daum,컬리에서 에프클 4.7에 탐,사고 나닠까 쿠폰이 없어서 저리 뜨는데 암튼 4.7에 탐. 살 사람 사라,https://gall.dcinside.com/mgallery/board/view/?id=coffee&no=688490,relevant,yes,,accepted,0.907152
1,D_중간대역,38579,1,올리브영,naver_api_hub,"라네즈, 마뗑킴과 한정판 컬래버레이션 컬렉션 출시",립틴트 전용 체인 스트랩 등 굿즈 3종도 함께 선보인다. 컬렉션은 9월 1일부터 글로벌 시장에서 한정 수량으로 순차 출시된다. 국내에서는 오는 10월 올리브영 선론칭을 시작으로 다양한 이커머스 채널에서 판매할 예정이다.,https://hbnpress.com/news/view/1065574912386636,irrelevant,no,,accepted,0.841187
1,B_확신거절,11348,1,올리브영,kakao_daum,목동 하이페리온 2차 - 우만위키,"따라서 번잡하지 않고 1차에 비해서 쾌적한 편이다. 상가에는 크리스피도넛, 아마스틴버블티, GS25, 올리브영, 마인츠돔 제과점 등과 옷가게 등이 들어서 있어 상가도 준수한 편이다. 하이페리온 1차보다 3년후에...",https://tcatmon.com/wiki/%EB%AA%A9%EB%8F%99_%ED%95%98%EC%9D%B4%ED%8E%98%EB%A6%AC%EC%98%A8_2%EC%B0%A8,irrelevant,no,,rejected,0.004108
1,B_확신거절,13875,9,쿠팡,kakao_daum,원상희찰보리빵 저당빵 부모님 할머니 할아버지 간식거리 가격 후기!,"이 포스팅은 쿠팡 파트너스 활동의 일환으로, 이에 따른 일정액의 수수료를 제공받습니다. 빵이나 간식이 생각날 때 가장 먼저 고민되는 게 바로 ‘너무 달지 않을까?’ 하는 부분이에요. 특히 팥이 들어간 빵은...",https://www.modeunview.co.kr/2026/08/blog-post.html,irrelevant,yes,,rejected,0.008556
1,B_확신거절,23313,5,SSG,naver_api_hub,이범호 감독 ‘경기 전 취재진과 대화’[포토],"28일 오후 광주기아챔피언스필드에서 열리는 '2026 신한 SOL Bank KBO리그' SSG 랜더스와 KIA 타이거즈의 경기, KIA 이범호 감독이 취재진과 대화를 나누고 있다.",https://www.xportsnews.com/article/2189293,irrelevant,no,,rejected,0.006209
1,A_확신통과,20547,7,카카오,naver_api_hub,"외산 AI 대항마 '모두의 AI', 정부 손잡은 3사는","SK텔레콤, 카카오, KT가 최종 낙점됐다. 과학기술정보통신부(이하 과기정통부)는 모두의 AI 프로젝트 공모에 참여한 6개 컨소시엄을 대상으로 서면 및 발표평가를 진행한 결과 △SK텔레콤 컨소시엄 △카카오...",http://www.hansbiz.co.kr/news/articleView.html?idxno=860353,relevant,no,,accepted,0.938501
1,D_중간대역,6111,7,카카오,kakao_daum,큐넷 국가기술자격증 조회 및 출력 방법 3가지 안내,"좋습니다. 1단계: 회원가입 및 본인 인증 온라인 조회를 진행하기 위해서는 Q-net 계정이 필요합니다. 카카오톡, 네이버, PASS 등 간편인증을 활용하면 별도의 복잡한 절차 없이 빠르게 인증을 완료할 수 있어요...",https://moonari.com/korcham-license-check-korea04/,irrelevant,no,,rejected,0.500942
1,E_커뮤니티회수,6019,8,네이버,kakao_daum,"[네이버] 컬쳐랜드 문화상품권 (46,500원) (무료) - 핫딜 - 에펨코리아",됨) 삼섬 페이 '머니'로 결제하면 3.5% 추가 포인트로 적립해줌 그리고 웹툰이나 웹소설 네이버로 보는 사람들은 네이버 웹툰 경유해서 사면 3만원권 당 쿠키 8~9개 줌 나는 3장 다사서 25개 들어옴. 웹툰 경유는...,https://www.fmkorea.com/10258674875,irrelevant,yes,,review_required,0.346559
1,A_확신통과,36469,2,무신사,naver_api_hub,올리브영 외국인 매출 1조원 돌파…K뷰티 소비 전국 확산,"무신사는 올해 2분기 무신사 스탠다드 매장 41곳의 판매액은 전년 동기 대비 64% 증가했고, 무신사 메가스토어 성수의 경우 외국인 고객 판매액 비중이 약 44%를 차지했다. 신발 편집숍 무신사 킥스도 홍대·성수점에서...",https://www.lcnews.co.kr/news/articleView.html?idxno=207466,relevant,no,,accepted,0.938418
1,C_경계,18352,7,카카오,kakao_daum,PC 카카오톡 (카톡) 채팅방 흐려졌을 때 투명도 설정 방법,"왼쪽은 투명하게, 오른쪽은 투명하지 않게 영향을 줍니다. 모든 채팅방에 투명도를 조절 하는 방법 카카오톡을 실행하고 왼쪽 아래 ①톱니바퀴 아이콘을 클릭해 줍니다 ➜ ②설정을 클릭해 줍니다. 카카오톡 설정...",https://www.mk2info.com/2026/05/kakao-chatting-opacity.html,irrelevant,no,,review_required,0.340822
1,A_확신통과,20367,5,SSG,naver_api_hub,"신세계면세점, 추석부터 웨딩까지 가을 시즌 쇼핑 수요 공략","신세계면세점이 추석과 국경절 연휴, 가을 여행과 웨딩 시즌에 맞춘 상품과 혜택을 구성하며 가을철 쇼핑 수요 확보에 나선다. 신세계면세점은 11월 5일까지 인천공항점과 명동점, 국·영·중문 온라인몰에서 가을 시즌...",http://www.lawissue.co.kr/view.php?ud=202608281057072402204ead0791_12,relevant,no,,accepted,0.977767
1,D_중간대역,20444,7,카카오,naver_api_hub,'모두의 AI' 사업자로 SKT·카카오·KT 확정 … 연내 정식 서비스,"과학기술정보통신부는 28일 SK텔레콤, 카카오, KT 세 개 컨소시엄을 이 사업의 최종 수행기관으로... 카카오 컨소시엄은 이미 대부분의 국민이 쓰고 있는 메신저를 진입점 삼아 범용 챗봇과 AI 에이전트를 하나로 묶는다....",http://www.worktoday.co.kr/news/articleView.html?idxno=88523,relevant,no,,rejected,0.981817
1,B_확신거절,14236,8,네이버,kakao_daum,(현직 고등학교 선생님들이 직접 고른) 생기부 필독서 100,"어떤 책을 읽어야 할지 선택조차 어려운 학생부터, 상당한 독서량을 갖추었으나 심화 독후 활동으로 연결하는 아이디어를 고민하는 학생까지, 이 책에서 현실적인 가이드라인을 찾을 수 있을 것이다. [NAVER 제공...",https://cwglib.cwg.go.kr/dls_lt/index.php?mod=wdDataSearch&act=searchResultDetail&dbType=dan&jongKey=10103963550&time=1742899945&offset=19&searchItem%5B%5D=keyword&searchWord%5B%5D=%EC%84%A0%EC%83%9D%EB%8B%98&dataSort=rk+desc&listNum=30&keyword=,irrelevant,no,,rejected,0.017193
1,A_확신통과,36085,5,SSG,kakao_daum,SSG닷컴 다시 쪼갠다…'신세계 남매' 계열분리 속도,이번 분할은 이마트와 신세계 간 계열 분리를 위한 것이라는 분석도 나온다. 향후 존속법인과 신설법인이 주식교환 등을 활용해 계열 분리 수순을 밟을 가능성이 높다는 관측이 제기된다...,https://www.dogdrip.net/722147279,relevant,no,,accepted,0.982672
1,D_중간대역,37247,7,카카오,kakao_daum,breeze_201701.pdf,"그리고 듀얼 제품이 차지했다. 특 히, 쿠션 부문 위너에 오른 ‘더페이스샵 피지 잡는 수분 쿠 션’은 카카오프렌즈와의 콜라보레이션으로 올 한해 언파 피 플에게 특히 많은 사랑을 받은 브랜드로 주목을 받기도...",http://www.cmn.co.kr/breeze/2017/breeze_201701/breeze_201701.pdf,irrelevant,no,,rejected,0.626025
1,B_확신거절,11274,8,네이버,kakao_daum,SK디앤디(210980) 주가·종토방·종목토론방·차트,"의견, 호재/악재 분석, 매집/평단/손절/익절 같은 SK디앤디 종목토론방 용어가 자주 사용되며, 종토넷은 네이버 증권 종목토론실, 토스증권 커뮤니티와 함께 한국 주식 투자자들이 자주 찾는 종토방 서비스입니다...",https://jongto.net/stock/210980,uncertain,no,,rejected,0
1,C_경계,35500,4,마켓컬리,kakao_daum,FILE_000000000045163,"사회과학 무조건 돈이 되는 공부를 하라 이승준 지음 나비의활주로 2020 1 15,000 15,000 173 사회과학 마켓컬리 인사이트 김난도 지음 다산북스 2020 1 18,000 18,000 174 사회과학 시그니처 Signature 이항심...",https://www.cbelib.go.kr/cmm/fms/FileDown.do;jsessionid=16FDBB1653D80DAF79DA4B65BF2FBEB4?atchFileId=FILE_000000000045163&fileSn=1&bbsId=00000000000000000000,irrelevant,yes,,review_required,0.60925
1,A_확신통과,15853,5,SSG,naver_api_hub,"SSG닷컴, 라이프스타일 사업부문 인적분할…'신세계몰' 신설","분할 후 존속법인은 SSG닷컴, 신설법인은 신세계몰이 된다. SSG닷컴은 그로서리 중심의 온라인 장보기를 비롯해 기존 커머스 사업 경쟁력 강화에 집중한다. 신세계몰은 패션·뷰티·라이프스타일을 중심으로 고객 경험과...",https://www.fnnews.com/news/202608271348308993,relevant,no,,accepted,0.978565
1,A_확신통과,11621,7,카카오,naver_api_hub,결의대회 하는 카카오 노조,카카오 노동조합원들이 26일 오후 경기 성남시 판교역 광장에서 열린 카카오뱅크 파업투쟁 결의대회 및 카카오 분할 반대 공동교섭 선포식에서 손피켓을 들고 있다. 2026.08.26. hwang@newsis.com,https://www.newsis.com/view/NISI20260826_0021411638,relevant,no,,accepted,0.982207
1,A_확신통과,15100,8,네이버,kakao_daum,[정보이슈] 네이버 시리즈 앱으로 웹툰 웹소설 무제한 즐기기,"네이버 시리즈 앱으로 웹툰 웹소설 무제한 즐기기 [바 로 가 기] 네이버 시리즈 앱으로 웹툰 웹소설 무제한 즐기기 ※ 여기에서 확인하세요. ■ 핵심 브리핑 상상 초월 콘텐츠의 홍수 속에서, 당신의 시간을 훔쳐...",https://ye-ah.net/all/41316,irrelevant,yes,,accepted,0.971396
1,E_커뮤니티회수,15346,4,마켓컬리,kakao_daum,컬리 스위치 살만한거 뭐있음,알려주셈,https://gall.dcinside.com/mgallery/board/view/?id=game_nintendo&no=3525772,irrelevant,no,,review_required,0.35293
1,D_중간대역,12616,9,쿠팡,naver_api_hub,"코람코 라이프인프라, 수도권 라스트마일 '안양물류센터' 우협 선정","쿠팡을 비롯해 농심, 지오영, 용마로지스 등이 임차하고 있다. 코람코라이프인프라리츠는 이곳을 연면적 기준 평당 900만원 중반대로 매입할 계획이다. 서울 강남권과 인접한 입지와 신축급 시설, 99% 이상의 임대율과...",https://www.newsis.com/view/NISX20260827_0003764496,incidental,no,,accepted,0.817547
1,D_중간대역,36416,5,SSG,kakao_daum,고현정.md,action= edit&section=4)] 2.2. 결혼과 이혼 ¶ 그러나 모래시계의 종영과 동시에 신세계그룹 부회장인 정용진과 결혼함과 동시에 연예계 은퇴를 선언하여 마지막으로 엄청난 폭풍을 몰고 왔다... 1995...,https://github.com/forkwikiman/enha/blob/master/mirror/%EA%B3%A0%ED%98%84%EC%A0%95.md,irrelevant,no,,accepted,0.746689
1,E_커뮤니티회수,13128,1,올리브영,kakao_daum,작년 6월부터 내년 3-4월까지 일하면 제대로 일했다고 쳐주나?,주3회 올영 알바임,https://www.instiz.net/name_enter/100403197,uncertain,no,,accepted,0.800296
1,E_커뮤니티회수,17973,9,쿠팡,kakao_daum,쿠팡 3만원쿠폰받앗삼,와우 회원 아니여도 쓰게해주네,https://gall.dcinside.com/board/view/?id=comic_new6&no=5951618,uncertain,no,,review_required,0.345498
1,D_중간대역,16640,7,카카오,naver_api_hub,"[기획] 검색·AI·플랫폼…K-IT, '국내 1등'만으로 못 버틴다","카카오는 국내 메신저 시장을 사실상 독점하지만 글로벌 경쟁력은 취약하다. 카카오의 월간 이용자수는 5000만명대로, 그중 국내 이용자가 4900만명에 달한다. 반면 경쟁 메신저인 텔레그램은 10억명 이상, 라인은 2억...",https://www.m-i.kr/news/articleView.html?idxno=1406657,relevant,no,,rejected,0.939944
1,D_중간대역,19574,1,올리브영,naver_api_hub,CJ도너스캠프 아카데미 10년째 청년 1000여명 자립 지원,"실습을 마친 교육생의 취업은 CJ제일제당, CJ푸드빌, CJ프레시웨이, CJ올리브영 등 CJ그룹 계열사와 동종업계로 연계된다. 교육비는 전액 무료이며, 교육 기간 동안 월 50만 원의 교육 지원금이 지급된다. 교육장 인근에...",https://www.hankookilbo.com/news/article/A2026082714310004091?did=NA,relevant,no,,accepted,0.864856
1,E_커뮤니티회수,19230,9,쿠팡,kakao_daum,"단독] 쿠팡, 한국 소비자에게 일제 식민지배 상징 '욱일기' 판매","단독] 쿠팡, 한국 소비자에게 일제 식민지배 상징 '욱일기' 판매 등록일 2026-08-28 07:02 조회수 3546",https://www.ppomppu.co.kr/zboard/view.php?id=social&no=49928,relevant,no,,review_required,0.594709
1,E_커뮤니티회수,23677,8,네이버,kakao_daum,[네이버] 26 FW 남성 간절기바지 5종택1 59500원,중심으로 구성해 가격적인 메리트를 높였습니다. 스토어 상단 알림받기 중복15%쿠폰 놓치지마세요 백화점 : 네이버+ 스토어 패션타운에서 구경하세요! 오픈런 없이 만나는 백화점의 모든 신상 shopping.naver.com,https://ygosu.com/board/gosudeal/43638,irrelevant,yes,,review_required,0.352633
1,C_경계,40020,7,카카오,kakao_daum,대전광역시 - 리브레 위키,"않은지라 중단거리 이동은 버스 기다리는 시간과 이동 시간을 고려하면 전동킥보드나 공유자전거(타슈, 카카오 T 바이크, 쏘카일레클) 등 PM을 이용하는 것이 나을 지경이다. ↑ 그래서 이들 지역의 도시철도...",https://librewiki.net/wiki/%EB%8C%80%EC%A0%84%EA%B4%91%EC%97%AD%EC%8B%9C,incidental,no,,review_required,0.547479
1,E_커뮤니티회수,20606,8,네이버,kakao_daum,남자들이 박위 까는 이유 (객관적 자료로 분석),"평생 먹을 욕을 다 먹어"" 연정훈 데스노트 연정훈 ""한가인과 결혼 후 욕 많이 먹었다"" 한가인 인터뷰 : 네이버 블로그 송지은이 한가인급은 아니지만 그래도 왕년에 탑 여돌반열에 올랐던 시크릿 메인보컬이었고...",https://gall.dcinside.com/mgallery/board/view/?id=parkwe&no=1136,irrelevant,no,,accepted,0.939427
1,E_커뮤니티회수,16670,7,카카오,kakao_daum,SBS 에서 제보를 기다립니다.,"분, - 혼자만 알기 아까운 이야기가 있으신 분 모자이크, 음성변조, 대역재연 등 제보자 신원 보장됩니다. 많은 제보 바랍니다 E-mail: ********@*****.*** Tel.: 02-2113-5555 카카오플러스 : 궁금한이야기...",https://ygosu.com/board/free/2261025,irrelevant,no,,accepted,0.712422
1,C_경계,5126,6,11번가,kakao_daum,11번가 판매자센터 셀러 로그인 및 상품등록 이용방법 총정리,"▶ 11번가 판매자센터 바로가기 11번가 판매자센터는 온라인 판매자를 위한 통합 관리 시스템입니다. 상품 등록과 주문 관리, 배송 처리, 정산 조회, 광고 운영, 고객 문의 관리 등 쇼핑몰 운영에 필요한 다양한...",https://www.ezday.co.kr/bbs/view_board.html?q_sq_board=9152191,irrelevant,no,,review_required,0.476424
1,C_경계,36813,5,SSG,kakao_daum,IWC 파일럿 워치 크로노그래프 41 메르세데스-AMG 페트로나스 포뮬러 원™ 팀 에디션 - MAGAZINE...,법적인 처벌을 받을 수 있습니다. 이전글 - 피아제 폴로 미닛 리피터 로렌스 그라프 시그니처 팝업 @ 신세계 강남점 & 센텀시티점 - 다음글 이전글 - 피아제 폴로 미닛 리피터 다음글 - 로렌스 그라프 시그니처...,https://www.timeforum.co.kr/NEWSNINFORMATION/20613929,irrelevant,yes,,review_required,0.578343
1,D_중간대역,40932,9,쿠팡,kakao_daum,마이비 신생아 면봉 개별포장,"9,580원 쿠팡에서 구매 [상세정보 확인]",https://www.sisopick.com/product/%EC%B6%9C%EC%82%B0-%EC%9C%A0%EC%95%84%EB%8F%99/%EC%9C%84%EC%83%9D-%EA%B1%B4%EA%B0%95-%EC%84%B8%EC%A0%9C/%EC%9C%84%EC%83%9D%EC%9A%A9%ED%92%88/%EC%9C%A0%EC%95%84%EB%A9%B4%EB%B4%89/%EB%A7%88%EC%9D%B4%EB%B9%84-%EC%8B%A0%EC%83%9D%EC%95%84-%EB%A9%B4%EB%B4%89-%EA%B0%9C%EB%B3%84%ED%8F%AC%EC%9E%A5-300%EA%B0%9C%EC%9E%85-6%EA%B0%9C-5wIZ_zcm,irrelevant,yes,,accepted,0.744386
1,B_확신거절,16259,8,네이버,naver_api_hub,"초격차 핵심 부품 쥐었다… 지아이에스, MLCC 공정 장비 공급 확대",네이버 증권. 글로벌 빅테크 기업들의 인공지능(AI) 데이터센터 투자가 확대되면서 27일 적층세라믹콘덴서(MLCC) 관련주가 강세를 보이고 있다. AI 서버와 전기차·전장 부품에 들어가는 고용량·고내열 MLCC 수요가...,https://www.pinpointnews.co.kr/news/articleView.html?idxno=481100,incidental,no,,rejected,0.083958
1,C_경계,39132,5,SSG,naver_api_hub,"삼성전자, 실속형 ‘New 갤럭시 북6’ 출격…119만원부터","22일까지 진행되는 출시 프로모션에서는 네이버페이 5만 포인트를 비롯해 후기 작성 시 올리브영 5만원 상품권, 매장 픽업 이용 시 신세계 3만원 상품권을 제공한다. 체험단과 출시 프로모션 구매 고객에게는 한컴...",https://www.dizzotv.com/site/data/html_dir/2026/09/01/2026090180045.html,irrelevant,no,,review_required,0.007185
1,B_확신거절,19957,5,SSG,naver_api_hub,"[KBO] 삼성, 키움 꺾고 4연승 질주..KT 0.5경기차 선두 유지","SSG 랜더스는 인천 SSG랜더스필드에서 한화 이글스를 13-6으로 꺾고 한화와의 3연전을 모두 승리로 장식했다. 한편, 광주-기아 챔피언스필드에서 열릴 예정이던 KIA 타이거즈와 롯데 자이언츠의 경기는 비로...",https://www.hg-times.com/news/articleView.html?idxno=304796,irrelevant,no,,rejected,0.006228
1,B_확신거절,11180,1,올리브영,kakao_daum,중국 추석 연휴기간 2026 여행 팁,일정 미국 메모리얼데이 증시 휴장 쇼핑팁 2026 아이치 나고야 아시안게임 일정 관전 포인트 총정리 2026 광복절 대체공휴일 3일 연휴와 수당 총정리 7월 올리브영 세일 일정 추천템 2026 단오 날짜와 전통 풍습,https://www.sano.co.kr/%ec%a4%91%ea%b5%ad-%ec%b6%94%ec%84%9d-%ec%97%b0%ed%9c%b4%ea%b8%b0%ea%b0%84-2026-%ec%97%ac%ed%96%89-%ed%8c%81,irrelevant,yes,,rejected,0.007728
1,A_확신통과,32499,9,쿠팡,naver_api_hub,"""전문화 제고 vs 효율성 저하""…SSG닷컴, '신세계몰' 시너지 시험대","일례로 쿠팡·G마켓·11번가 등 SSG닷컴 및 신세게몰의 경쟁 플랫폼들은 상품 카테고리별 별도의 플랫폼을 운영하는 것이 아닌, 플랫폼 내 전문관 등을 입점하는 형태로 전문화를 시도하고 있다. 무엇보다 분할 이후 두...",https://www.youthdaily.co.kr/news/article.html?no=225898,relevant,no,,accepted,0.939774
1,B_확신거절,17725,7,카카오,naver_api_hub,"고양시, 민원콜센터 운영 노하우 광양시와 공유","오전 8시부터 오후 9시까지, 토요일과 공휴일에는 오전 9시부터 오후 6시까지 이용할 수 있다. 전화 상담뿐 아니라 문자와 카카오톡, 페이스북, 트위터 등을 활용한 상담 서비스도 제공하고 있다. [전국매일신문] 임청일기자",https://www.jeonmae.co.kr/news/articleView.html?idxno=1287748,incidental,no,,rejected,0.013941
1,C_경계,39686,7,카카오,naver_api_hub,들안길서 먹고 인증하면 경품…대구교통공사 9월 캠페인,참여자는 음식점 이용 영수증이나 인증사진을 대구교통공사 오픈 카카오톡 채팅방에 제출하고 경품을 받을 희망 역을 작성하면 된다. 공사는 참여자 가운데 당첨자를 뽑아 공사 캐릭터 기념품 4종 세트와 2만원 상당의...,https://www.ziksir.com/news/articleView.html?idxno=144924,irrelevant,no,,review_required,0.503545
1,C_경계,41016,5,SSG,kakao_daum,아미 옷 사고 싶은데 어디서 사는게 저렴한가요? 할인 받을 수 있는 쇼핑몰 추천해주세요~ : 궁금증...,lSB_4L4PfQIpVbzVY 꼬르소밀라노 제품 대기업쇼핑몰 안끼고 구매해도 괜찮을까요? 아미옷을 찾아보다가 SSG닷컴에서 판매자가 꼬르소밀라노인 제품을 찾았는데요. 동일제품으로 꼬르소밀라노 홈페이지에선 SSG...,https://ggha.net/content/view.php?cate=6&page=1&id=105346,irrelevant,no,,review_required,0.546427
1,D_중간대역,19425,7,카카오,naver_api_hub,[속보] 정부 '모두의 AI' 사업자로 SKT·카카오·KT 선정,"전 국민 대상 인공지능(AI) 서비스 구축 사업인 '모두의 AI' 프로젝트 수행기관으로 SK텔레콤, 카카오, KT 3개... 카카오 컨소시엄은 범용 챗봇과 AI 에이전트를 결합한다. LG유플러스와 함께 연내 전화 AI 서비스 라이트...",https://www.busan.com/view/busan/view.php?code=2026082809473344541,relevant,no,,rejected,0.981313
1,C_경계,35441,3,에이블리,kakao_daum,"교섭할까, 지켜볼까…'노란봉투법 한달' 유통업계 온도차 - 언론보도 | 대륜","아직 교섭 요청이 없어 상황을 주시하고 있다. 다만 GS리테일, BGF리테일 등 편의점 업계와 무신사, 에이블리, 컬리 등 이커머스 플랫폼은 외주 물류 비중이 높은 편이라 가이드라인 마련이 필요한 상태다. 삼성...",https://www.daeryunlaw.com/broadcast/6240,relevant,no,,review_required,0.557492
1,A_확신통과,15127,5,SSG,naver_api_hub,"SSG닷컴, 그로서리·라이프스타일 쪼갠다…‘신세계몰’ 별도 법인으로",분할 이후에도 SSG닷컴 앱에서 신세계몰 플랫폼을 연동해 신세계몰 상품을 구매할 수 있도록 한다. 신세계몰 역시 자체 플랫폼을 강화하는 동시에 SSG닷컴 등 다양한 채널과 연결해 고객 접점을 넓힐 예정이다. SSG닷컴은...,https://www.etoday.co.kr/news/view/2618828,relevant,no,,accepted,0.974359
1,A_확신통과,21309,5,SSG,kakao_daum,비즈워치,"AI 경쟁력 승부 봐야…'독파모' 평가 기준 보완"" ""3시간이 훌쩍""…이마트 월계점, '스타필드 마켓' 변신 SSG닷컴 인적분할…신세계그룹 '계열분리' 속도 빗썸, '비트코인 오지급' 부당이득 반환소송 1심 승소 IT...",https://www.bizwatch.co.kr/?c=4,uncertain,타이틀이 비즈워치로만 나옴,,accepted,0.940902
1,E_커뮤니티회수,12842,7,카카오,kakao_daum,"아이유 음모론, 선 세게 넘었다…제주 실종자까지 '눈살' [핫피플] : MLBPARK","최근 한 SNS에는 “아이유에게 명예훼손으로 고소 당했다”라는 주장을 담은 글이 게재됐다. 이 글의 작성자는 카카오 본사 위치와 2020년 제주도에서 실종된 A씨, 아이유가 JTBC ‘효리네 민박’에서 입었던...",https://mlbpark.donga.com/mp/b.php?p=1&b=bullpen&id=202608270118278729&select=&query=&shop=&subselect=&subquery=&user=&site=donga.com&reply=&pos=&sig=hgjcGf-Akh9RKfX2hda9RY-A5mlq,irrelevant,no,,accepted,0.941142
1,E_커뮤니티회수,37280,9,쿠팡,kakao_daum,"[쿠팡] 피지오겔 사이언수티컬즈 데일리뮨 앰플 세럼, 20ml, 2개 (47,130원) (0원) - 핫딜 - 에펨코리아",로켓와우 가격이고 올리브영 세일 의식한건지 쿠팡이 최저가 정책으로 더 가격 내려서 조심스럽게 올려봅니다.. 세럼 20ml 2개가 이 가격이 맞아? 싶겠지만 순수 비타민C 6% 함유에 비타민은 특히 산화에 민감...,https://www.fmkorea.com/10280426818,irrelevant,yes,,accepted,0.973357
1,A_확신통과,18743,5,SSG,naver_api_hub,SSG닷컴 인적분할… 신세계 남매 계열분리 마침표 찍는다,이에 따라 회사는 존속법인 SSG닷컴과 신설법인 ‘신세계몰’(가칭)로 재편된다. 10월 말 임시 주주총회를 거쳐 12월 1일 분할을 마무리한다. 분할 후 SSG닷컴은 그로서리(식료품) 중심 장보기 사업에 집중해 이마트와의...,https://www.seoul.co.kr/news/economy/distribution/2026/08/28/20260828031004?wlog_tag3=naver,relevant,no,,accepted,0.980807
1,E_커뮤니티회수,12724,9,쿠팡,kakao_daum,쿠팡물류센터 오후조는 회사휴게실서 자고다음날바로 출근해도 몸이 베기나요? : MLBPARK,가족과의갈등으로집에못들어가서요 걍밤2 시 30분에끝나면 휴게실서자고다음날 주변서 김밥천국서밥사몌먹고 그냥 도로 출근히ㅣㅣ도 몸이 베기나요? 신선센터인데뇌출혈 일으킬수도있을까요 중년아줌마에요 추천...,https://mlbpark.donga.com/mp/b.php?p=1&b=bullpen&id=202608270118277781&select=&query=&shop=&subselect=&subquery=&user=&site=donga.com&reply=&pos=&sig=hgjTGg2YhhRRKfX2hda9RY-A5mlq,relevant,no,,accepted,0.979979
1,B_확신거절,33153,9,쿠팡,naver_api_hub,"샤오미, 'REDMI 워치 6' 시리즈 등 웨어러블 신제품 3종 출시","'REDMI 워치 6 라이트' 예약판매는 9월 1일부터 6일까지 쿠팡과 샤오미 온·오프라인 스토어에서 진행된다.... 쿠팡과 샤오미 온·오프라인 스토어, 네이버 브랜드스토어에서는 9월 26일까지 첫 구매 고객을 대상으로...",https://www.slist.kr/news/articleView.html?idxno=762516,irrelevant,no,,rejected,0.024353
1,A_확신통과,5794,8,네이버,naver_api_hub,"LG CNS·네이버클라우드, 삼송 데이터센터에 액체냉각 인프라 구축",CNS가 네이버클라우드와 함께 경기 고양시 삼송 데이터센터에 차세대 액체냉각 인프라를 구축한다.... 이번 인프라는 정보통신산업진흥원(NIPA)이 보유한 엔비디아 차세대 GPU ‘베라 루빈’을 네이버클라우드가...,https://sateconomy.co.kr/news/view/1065578974238788,relevant,no,,accepted,0.97756
1,B_확신거절,17603,7,카카오,naver_api_hub,"한국도박치유원, 국회서 ‘청소년 도박문제 포럼’ 개최","“1336 카카오톡 챗봇 등 청소년이 쉽게 이용할 수 있는 상담 서비스를 알리고 조기 개입을 강화하겠다”고 말했다. 한국도박문제예방치유원은 전화, 문자, 카카오톡 챗봇 등을 통해 도박 문제 당사자와 가족에게 무료...",https://www.joongang.co.kr/article/25456797,irrelevant,no,,rejected,0.055583
1,A_확신통과,21861,8,네이버,naver_api_hub,"수성대, '제5회 전국 고교생 웹소설 공모전' 시상식 개최",실제 수성대학교 신산업자율학부 웹툰웹소설 전공의 재학생 출신 작가 유담 작가의 ‘안 죽는 방랑기사’는 네이버시리즈에서 정식연재로 최근 론칭해 독자들의 반응을 기대하고 있다. 심사를 맡은 웹소설 플랫폼...,https://www.pressian.com/pages/articles/2026082812023702108,irrelevant,no,,accepted,0.935366
1,B_확신거절,18037,5,SSG,naver_api_hub,"[사진]채은성-노시환, 웃으면 복이 와요~","27일 오후 인천 SSG랜더스필드에서 열린 2026 신한 SOL KBO리그 SSG 랜더스와 한화 이글스의 경기가 진행됐다. 이날 SSG는 김건우를, 한화는 짐머맨을 선발투수로 내세웠다. 경기 앞두고 한화 채은성과 노시환이...",http://www.osen.co.kr/article/G1112864659,irrelevant,no,,rejected,0.005495
1,D_중간대역,11148,5,SSG,kakao_daum,Way of the Hunter – Official Game Site,"deer and Himalayan tahr! MAP PACK 2 The Steyr Arms pack includes 4 new hunting rifles: Steyr SSG-M1, intended for mid-size big game. Steyr Mannlicher CL II Fullstock. Steyr Monobloc ARMAD, made...",https://wayofthehunter.thqnordic.com/KR/ps5,irrelevant,yes,,accepted,0.88467
1,C_경계,37205,9,쿠팡,kakao_daum,여고생 살해 사형 구형된 장윤기 사건의 법적 쟁점과 판결 전망 분석,"극도로 높다고 판단함 강간살인죄의 중대성을 고려하여 법정 최고형인 사형을 요청함 이 포스팅은 쿠팡 파트너스 활동의 일환으로, 이에 따른 일정액의 수수료를 제공받습니다. 범행의 계획성과 사전 정황 증거의...",https://wizdatacenter.com/%ec%97%ac%ea%b3%a0%ec%83%9d-%ec%82%b4%ed%95%b4-%ec%82%ac%ed%98%95-%ea%b5%ac%ed%98%95%eb%90%9c-%ec%9e%a5%ec%9c%a4%ea%b8%b0-%ec%82%ac%ea%b1%b4%ec%9d%98-%eb%b2%95%ec%a0%81-%ec%9f%81%ec%a0%90%ea%b3%bc/,irrelevant,yes,,review_required,0.681664
1,E_커뮤니티회수,23875,1,올리브영,kakao_daum,올리브영씨발아동착취뭐냐고,주7일은 ㅆㅂ,https://gall.dcinside.com/mini/board/view/?id=virtual0000&no=300192,relevant,no,,accepted,0.901915
1,A_확신통과,17312,5,SSG,naver_api_hub,백화점·면세점 매출 두 자릿수 성장…지난달 유통가 훈풍,백화점(롯데·현대·신세계)과 면세점이 지난달 나란히 두 자릿수 매출 성장을 기록하며 유통가에 훈풍이 불고 있다. 27일 업계에 따르면 지난달 국내 주요 26개 유통업체 매출은 전년 동월 대비 6.4% 증가했다....,https://www.g-enews.com/view.php?ud=202608271604342281056c162803_1,relevant,no,,accepted,0.939573
1,B_확신거절,13904,7,카카오,kakao_daum,2024 스프링워크서울 | 어반스포츠,바랍니다. (하단 '참가자 유의사항'의 '참가자 준비물' 안내 참고) ◆ 1:1 채팅상담 : <어반스포츠> 카카오채널 - 문의가능시간 : 월~금 10:00~17:00 (점심시간 12:30~13:30) (주말 및 공휴일 제외) ※ 다음...,https://urbansports.kr/shop_view/?idx=96,irrelevant,no,,rejected,0.004793
1,E_커뮤니티회수,23386,9,쿠팡,kakao_daum,새벽배송 금지 추진 ㅠㅠㅠㅠ멈춰주세요 ㅠㅠ : 클리앙,가장 또라이 같은 정책이라 봅니다. 아무도 원치않은데 이념으로 법 만들기 쿠팡을 견제하고 싶으면 비등한 다른 국내 업체를 키울 수 있게 규제를 풀면 되는 건데요 박홍배 엄태영 대표발의자라고 나오네요 법좀...,https://www.clien.net/service/board/park/19254927,relevant,no,,accepted,0.939318
1,A_확신통과,11595,5,SSG,naver_api_hub,"신세계그룹, 프리즈 서울서 ‘신세계 라운지’ 공개",이투데이=정영인 기자 | 프랑스 작가 폴 콕스 ‘Diary’ 연작 336점 세계 최초 공개 신세계그룹은 9월 2∼5일 서울 코엑스에서 열리는 아트페어 '프리즈 서울 2026'에서 일상 속 예술 경험을 전하는 공간 '신세계 라운지'를...,https://www.etoday.co.kr/news/view/2618358,relevant,no,,accepted,0.974615
1,A_확신통과,17395,2,무신사,kakao_daum,"강북 모텔 연쇄살인 김소영 1심 무기징역 선고, 전자발찌 30년 부착 명령","보입니다. ※ 이어서 보면 좋은 글 여러분께 도움되는 알짜배기 정보들 꼭 확인하세요! 무신사 뜻 이 대통령 무신사 민주항쟁 조롱 광고 대놓고 비판에 놀랐죠? 취임 1주년 기자회견, 장동혁 국민의힘 대표 당원...",https://honamhotnews.com/post/1178/,irrelevant,yes,,accepted,0.940881
1,A_확신통과,12281,9,쿠팡,kakao_daum,이진숙 제명촉구 배경과 탄핵 소추안이 가지는 법적 절차적 의미 분석,"2인 체제 운영에 대한 위법성 논란 심화 이사 선임 과정에서의 충분한 숙의 절차 부재 이 포스팅은 쿠팡 파트너스 활동의 일환으로, 이에 따른 일정액의 수수료를 제공받습니다. 탄핵 소추안이 방송 현장에...",https://infolife.infowid.com/%ec%9d%b4%ec%a7%84%ec%88%99-%ec%a0%9c%eb%aa%85%ec%b4%89%ea%b5%ac-%eb%b0%b0%ea%b2%bd%ea%b3%bc-%ed%83%84%ed%95%b5-%ec%86%8c%ec%b6%94%ec%95%88%ec%9d%b4-%ea%b0%80%ec%a7%80%eb%8a%94-%eb%b2%95%ec%a0%81/,irrelevant,yes,,accepted,0.940375
1,B_확신거절,35421,3,에이블리,kakao_daum,"저렴한 트위드조끼, 쇼핑앱별 추천과 똑똑하게 고르는 법","트위드 조끼 한 장으로 코디가 확 달라지는데, 가성비 좋은 제품을 고르는 게 관건이에요. 에이블리나 지그재그 같은 국내 쇼핑앱을 추천드려요. 트렌디한 국내 브랜드들이 가득하고, 가격대도 다양해서 예쁘면서...",https://picjjang.com/1003837/,uncertain,no,body엔 관련 내용이 들어가지만 브랜드 여론 관련인지 불확실,rejected,0.045414
1,B_확신거절,15528,5,SSG,naver_api_hub,KGC 롯데칠성음료 영원아웃도어 外(유통家 이모저모),"SSG닷컴,KGC,임왕섭,안빈,호텔신라,이부진,영원아웃도어,성기학,롯데GRS,이원택,롯데칠성음료,박윤기... '웰니스 전문관' 오픈= 신세계면세점(대표 이석구)이 온라인몰에 건강 및 라이프스타일 상품을 모은 '웰니스 전문관...",https://www.newsclaim.co.kr/news/articleView.html?idxno=3073348,relevant,no,,rejected,0.005472
1,B_확신거절,13379,5,SSG,kakao_daum,북부리그 | 팀 순위 | 퓨처스리그 | KBO,14.5 2승8패0무 4패 19-25-0 19-23-0 5 두산 90 38 52 0 0.422 16.5 4승6패0무 2패 18-27-0 20-25-0 6 SSG 88 34 54 0 0.386 19.5 4승6패0무 1패 20-24-0 14-30-0 *기록 순서는 승-패-무 기준입니다. 북부리그 팀...,https://www.koreabaseball.com/Futures/TeamRank/North.aspx,irrelevant,no,,rejected,0.004312
1,D_중간대역,5991,8,네이버,naver_api_hub,"박수홍, 딸 오열에 승객들 앞 연신 사과..""이코노미석은 영문도 모르고...","최근 네이버 '괌 자유여행 길잡이' 카페에는 '출국부터 입국까지 너무 힘들었다'는 제목의 글이 올라왔다. 당시 박수홍 가족과 같은 항공편에 탑승했다는 작성자는 ""딜레이 없이 출발 직전 박수홍 아저씨 아기가 정말...",https://www.sportschosun.com/entertainment/2026-08-26/202608260100154470009884,irrelevant,no,,rejected,0.940815
1,B_확신거절,23162,7,카카오,kakao_daum,병원에서 엉덩이 주사 없는데 바지내린 썰,"도 없지만 문득 궁금해서 ㅋㅋ 허먼밀러 뉴 에어론 풀 의자 50% 할인, 방문설치 직장인끼리 소개팅하러 가기💛 by 블라인드가 만든 소개팅앱 좋아요좋아요 댓글2 공유하기 카카오톡 페이스북 트위터 링크복사 퍼가기",https://www.teamblind.com/kr/post/%EB%B3%91%EC%9B%90%EC%97%90%EC%84%9C-%EC%97%89%EB%8D%A9%EC%9D%B4-%EC%A3%BC%EC%82%AC-%EC%97%86%EB%8A%94%EB%8D%B0-%EB%B0%94%EC%A7%80%EB%82%B4%EB%A6%B0-%EC%8D%B0-de10phkf,irrelevant,yes,,rejected,0.003946
1,D_중간대역,37251,7,카카오,kakao_daum,쏠라텍 코리아 공식 홈페이지,차량 시공을 맡게 되어 영광입니다. 가맹점 및 취급점 문의: 1577-5837 일반예약상담: 051-512-3336 카카오톡 ID solartec Copyright(c) 2016 SolartecKorea. All rights reserved. 가맹점 및 취급점 문의: 1577...,http://www.solar-tec.co.kr/board/?todo=view&idx=27&bd_cd=NEWS&mode=&select_key=&input_key=&sca=&p=1,irrelevant,yes,,accepted,0.870585
1,E_커뮤니티회수,14298,9,쿠팡,kakao_daum,"[쿠팡] 팔도 진국 설렁탕면 100g, 32개 (18,270원) (무료) - 핫딜 - 에펨코리아",싸다,https://www.fmkorea.com/10262657810,irrelevant,yes,,review_required,0.343492
1,D_중간대역,21243,5,SSG,kakao_daum,유니클로 신세계백화점 의정부점,"유니클로는 기본기 충실한 제품을 선보이는 글로벌 SPA 패션 브랜드입니다. 히트텍, 에어리즘 등 계절별 기능성 제품을 합리적인 가격에 제공하며, 심플한 디자인으로 남녀노소 누구나 즐길 수 있는 일상복을...",http://www.tourcoupon.co.kr/view.html?contentid=2918186,irrelevant,no,,accepted,0.780073
1,C_경계,35148,2,무신사,kakao_daum,러쉬 스토미웨더 후기. 향 지속력 가격 비교 등 완벽히,"독자가 좋은 가격에 제품을 업어갔으면 한다. 아래 가격표를 한 번 보자. 파는 곳 가격 구매는 어떻게? 무신사 76,000원 구매하기 쿠팡 85,000원 구매하기 1. 200ml 기준, 공식 판매처 2. 할인/적립 들어간 가격...",https://mellocent.com/lush-stormy-weather-perfume-review/,irrelevant,yes,,review_required,0.595055
1,B_확신거절,16273,8,네이버,kakao_daum,육군훈련소 내자녀찾기 방법｜폰 사용시간·편지 보내는 법·홈페이지·자대배치 확인,대한민국 육군의 신병부대배치 조회에서 최종 배치 결과를 확인하면 됩니다. 페이스북 밴드 카카오톡 네이버 라인 X 링크 복사 이 게시물이 얼마나 유용했나요? 평점을 매겨주세요.^^ 평점 제출 평균 평점 4.9...,https://zwpnews.com/%ec%9c%a1%ea%b5%b0%ed%9b%88%eb%a0%a8%ec%86%8c-%eb%82%b4%ec%9e%90%eb%85%80%ec%b0%be%ea%b8%b0-%eb%b0%a9%eb%b2%95%ef%bd%9c%ed%8f%b0-%ec%82%ac%ec%9a%a9%ec%8b%9c%ea%b0%84%c2%b7%ed%8e%b8%ec%a7%80-%eb%b3%b4/,irrelevant,no,,rejected,0.005083
1,B_확신거절,24068,5,SSG,naver_api_hub,취재진과 대화나누는 SSG 이숭용 감독[포토],"28일 오후 광주기아챔피언스필드에서 열리는 '2026 신한 SOL Bank KBO리그' SSG 랜더스와 KIA 타이거즈의 경기, SSG 이숭용 감독이 취재진과 대화를 나누고 있다.",https://www.xportsnews.com/article/2189316,irrelevant,no,,rejected,0.006613
1,D_중간대역,22804,1,올리브영,kakao_daum,올리브영 발산점,"올리브영은 최신 K-뷰티 제품을 경험할 수 있는 헬스앤뷰티 전문 스토어입니다. 스킨케어, 메이크업, 건강식품 등 다양하고 트렌디한 제품을 합리적인 가격에 판매하여, 외국인 관광객들 사이에서 특히 인기가...",http://www.tourcoupon.co.kr/view.html?contentid=2923921,uncertain,no,기업에 대한 단순 설명인 경우,accepted,0.886309
1,B_확신거절,11689,7,카카오,kakao_daum,메이크업샵 창업ㆍ운영 > 메이크업샵 창업 준비 > 메이크업샵 창업 > 미용업(메이크업)의 개념 및 범위...,운영 생활법령 내 검색 생활법령 내 검색 X 검색어 검색 공유 저장 인쇄 즐겨찾기 페이스북 트위터 카카오톡 전체 PDF 저장 전체 EPUB 저장 현재 페이지 PDF 저장 본문 영역 「공중위생관리법」 2026년 11월 12일...,https://www.easylaw.go.kr/CSP/CnpClsMain.laf?csmSeq=1013&ccfNo=1&cciNo=1&cnpClsNo=1,irrelevant,no,,rejected,0.004191
1,E_커뮤니티회수,14738,8,네이버,kakao_daum,"[네이버] 컬쳐랜드상품권(모바일문화상품권) 5만원 (46,310원) (무료) - 핫딜 - 에펨코리아","앱에서 46,310원임",https://www.fmkorea.com/10262765068,irrelevant,yes,,review_required,0.342648
1,D_중간대역,41880,7,카카오,naver_api_hub,"동국제약, 추석 건강식품 할인행사…""부모님 선물 마련하세요""","이번 행사는 자사 동국제약 건강몰과 네이버 뉴트리션 브랜드 스토어, 카카오톡 선물하기 등 주요 온라인... 카카오톡 선물하기에서는 오는 27일까지 주요 제품 구매 고객에게 홍삼 제품과 구강관리 제품 등을 사은품으로...",https://www.delighti.co.kr/news/articleView.html?idxno=121142,irrelevant,no,,accepted,0.852896
1,E_커뮤니티회수,17679,5,SSG,kakao_daum,잘하면 tns들어갈듯,통신비 지원도 되는 신세계 시발ㅋㅋ,https://gall.dcinside.com/mgallery/board/view/?id=intp_mbti&no=1199045,irrelevant,no,,accepted,0.89721
1,A_확신통과,17841,4,마켓컬리,naver_api_hub,"[리테일 인사이드] 이마트·컬리·SSG닷컴·현대백화점·GS25...""머무는 소...",컬리 컬리는 오는 31일까지 여름 상품과 가을·겨울 신상품을 최대 85% 할인하는 '8월 패션위크'를 진행한다. 이번 행사는 올여름 마지막 패션 할인 기획전으로 잠옷과 원피스 등 계절 상품의 재고 소진 행사와 새 시즌...,http://www.kdfnews.com/news/articleView.html?idxno=187163,relevant,no,,accepted,0.963854
1,D_중간대역,22744,9,쿠팡,naver_api_hub,"""저장이 곧 구매 신호"" '딸깍' 만든 스튜디오포레, 데이터 기업 꿈꾼다...","메타나 구글 같은 글로벌 광고 플랫폼은 유저가 콘텐츠를 '봤는지'만 알고, 쿠팡이나 네이버쇼핑 같은 커머스는 '샀는지'만 안다. 그 사이, 사고 싶다는 의도가 구체화되는 '관심·고려' 단계의 신호는 그동안...",https://it.donga.com/109429/,irrelevant,no,,rejected,0.939624
1,D_중간대역,35517,8,네이버,kakao_daum,Beauty 화장품,인더뉴스 이종현 기자ㅣ네이버[035420]는 컬리와 함께 지난해 9월 출시한 '컬리N마트'가 출시 1년 만에 오픈 초기 대비 거래액이 약 10배 증가했다고 31일 밝혔습니다. 이는 네이버의 쇼핑 사용자 기반과 네이버...,https://www.inthenews.co.kr/news/section_list_all.html?sec_no=279,relevant,no,,accepted,0.765527
1,E_커뮤니티회수,11168,7,카카오,kakao_daum,아니 카카오에 리제로 있길래 봤는데,"2,200화 뭐임 ㅋㅋㅋ 쥰네 기네;;",https://gall.dcinside.com/mgallery/board/view/?id=tgijjdd&no=1312431,irrelevant,no,,accepted,0.965413
1,C_경계,15101,8,네이버,kakao_daum,사이트 제목,"튜닝할 수 있는 초대규모 AI 'HyperCLOVA X'로 혁신을 지원합니다 비즈니스를 위한​​​​​ 업무용 협업툴 '네이버웍스', 스마트 브라우저 '웨일' 등에도 클로바의 AI 기술을 더해 네이버의 B2B SaaS 경쟁력을 강화합니다...",https://looktest002.creatorlink.net/%EC%86%8C%EA%B0%9C,relevant,no,,review_required,0.484766
1,C_경계,35080,1,올리브영,kakao_daum,패션ㆍ뷰티,"1종과 스페셜 재킷 1종으로 구성된 이번 컬렉션에는 바다와 갈매기 등 부산을 상 박혜연 기자 올리브영, 30일 '올영세일' 시작…3만여종 뷰티·웰니스 할인 CJ올리브영(340460)이 가을을 맞아 '올영세일'을 30일...",https://www.news1.kr/industry/fashion,uncertain,no,할인도 관련 있는 이슈에 포함되는지 불확실,review_required,0.640304
1,B_확신거절,13898,7,카카오,kakao_daum,ria계좌개설,1년 보유 부담과 절세 효과를 비교한 뒤 활용 결정을 빠르게 내리는 것이 합리적입니다. 네이버로 공유하기 카카오톡으로 공유하기 관련 글 더 보기 미국주식 세금신고 꽃이름 검색 앱 설치와 꽃이름 검색 방법...,https://blog.nets.kr/ria%ea%b3%84%ec%a2%8c%ea%b0%9c%ec%84%a4/,irrelevant,no,,rejected,0.004821
1,B_확신거절,19313,2,무신사,naver_api_hub,"아이브 장원영, 로라로라 2026 가을 컬렉션 '오프 아워즈' 공개",혜택을 제공하고 '장원영 포토카드'와 'R♥LA 참 브로치' 등을 증정하는 프로모션을 진행한다. 이후 무신사와 29CM 등 주요 온라인 플랫폼과 한남·성수·서촌 플래그십스토어를 비롯한 전국 오프라인 매장에서 판매한다.,https://www.slist.kr/news/articleView.html?idxno=761953,irrelevant,no,,rejected,0.00876
1,E_커뮤니티회수,37124,9,쿠팡,kakao_daum,덬딜,"67,330원) 18:17 169 291490 잡담/질문 ㅇㄷㄷ ㄴㅇㅂ라방 포인트 줄였넼ㅋㅋㅋㅋ 20 18:12 640 291489 쿠팡) 농심 라뽁구리 큰사발면 105g, 8개 (7,470원) 1 18:06 153 291488 잡담/질문 ㅋㄹ 갈비 맛 없어? 9...",https://theqoo.net/theqdeal,irrelevant,yes,,accepted,0.890509
1,A_확신통과,6384,7,카카오,naver_api_hub,"카카오페이지, '초신작 프로젝트' 9월 신작 2종 공개",카카오엔터테인먼트는 카카오페이지 '초신작 프로젝트'의 9월 신작 라인업을 공개했다고 26일 밝혔다. 이번 라인업에는 낙하산 작가의 '사역술사의 다크판타지 공략법'과 하늘가리기 작가의 '바람은 불을 잠재우고'가...,https://www.webeconomy.co.kr/news/articleView.html?idxno=2278052,incidental,no,카카오지만 이커머스가 아닌 계열사 이슈,accepted,0.975216
1,C_경계,36447,1,올리브영,kakao_daum,"더샘, ‘9월 올영세일’ 출격…신제품 기획세트부터 최대 43% 할인",더샘이 올리브영 ‘9월 올영세일’에 참여해 신제품을 포함한 기획세트와 주요 인기 제품을 대상으로 최대 43% 할인 혜택을 제공한다. 더샘은 오는 9월 5일까지 진행되는 ‘9월 올영세일’을 통해 ‘커버 퍼펙션...,https://dpg.danawa.com/news/view?boardSeq=60&listSeq=6053246,irrelevant,no,,review_required,0.659971
1,E_커뮤니티회수,20081,8,네이버,kakao_daum,[반려정보]🐶강아지가 치킨 뼈를 삼켰는데 멀쩡해 보인다고요? 방치 시,"멀쩡해 보인다고요? 방치 시 나타나는 치명적 위험 신호 맛있는 냄새에 끌려 순식간에 강아지가 닭뼈를 삼켰을 때, 눈앞이 아찔해지며 당황하신 적 있으신가요? 지... blog.naver.com 출처: 네이버 반려동물",https://gall.dcinside.com/mgallery/board/view/?id=poodle&no=211,irrelevant,no,,accepted,0.939324
1,A_확신통과,14341,1,올리브영,naver_api_hub,"이퀄베리, 美 타겟 611개 매장 입점…오프라인 유통 확대","올해 5월부터는 올리브영 미국 1·2호점과 영국 드럭스토어 부츠에 입점하며 오프라인 유통망도 확대하고 있다. 부스터스 관계자는 ""브랜드 출시 약 2년 만에 미국 대형 유통 채널에 입점한 데에는 온라인 채널을 통해...",https://zdnet.co.kr/view/?no=20260827103301,irrelevant,no,,accepted,0.928261
1,D_중간대역,14650,2,무신사,naver_api_hub,"무신사, 日 스토어 거래액 성장세…글로벌 사업 확장 속도","무신사는 일본 사업이 본격적인 성장 궤도에 오른 가운데, 중국과 동남아시아 등 글로벌 사업 확대에 속도를 낸다고 27일 밝혔다. 올해 7개월간 무신사 일본 지역 거래액은 지난해 연간 거래액에 도달했다. 지난해 1년...",https://www.etnews.com/20260827000158,relevant,no,,accepted,0.861114
1,D_중간대역,20673,3,에이블리,naver_api_hub,‘빅사이즈’ 틈새 공략 통했다…에이블리서 거래액 22% 성장,에이블리는 지난달 진행한 ‘빅사이즈 연합전’ 행사 기간 빅사이즈 카테고리 거래액이 전년 동기 대비 22% 성장했다고 28일 밝혔다. 에이블리는 누구나 자신이 원하는 스타일을 발견할 수 있도록 빅사이즈 카테고리를...,https://biz.heraldcorp.com/article/10855328,relevant,no,,accepted,0.866308
1,C_경계,23058,6,11번가,kakao_daum,[쌍계명차]삼각티백_빈티지 히비스커스블라썸 12티백 원산지: 대한민국,판매중인 상품이 아닙니다. 최대 적립 포인트807P 11pay포인트807P 최대 리뷰 적립 170P 11번가 신한카드 결제 시 637P 11pay 신한은행 계좌이체 결제 시 구매적립 포인트 2%(기본 구매 적립 포함)가 적립됩니다...,http://m.11st.co.kr/products/m/1536039094?prdNo=1536039094&trTypeCd=DEP03,irrelevant,yes,,review_required,0.003552
1,C_경계,36750,8,네이버,kakao_daum,마늘쫑볶음볶음황금레시피 양념 비율 불세기 조리시간 한 번에 맞추기,살아납니다. 마지막에 참기름과 통깨를 뿌리면 고소한 풍미가 완성됩니다. 🔎 관련 정보 확인하기 네이버 인플루언서: 맛있는 찰나의 홈 자세히 보기 → 불세기와 조리시간은 어느 정도로 맞춰야 할까요? 모든...,https://guide.infotipguide.com/%eb%a7%88%eb%8a%98%ec%ab%91%eb%b3%b6%ec%9d%8c%eb%b3%b6%ec%9d%8c%ed%99%a9%ea%b8%88%eb%a0%88%ec%8b%9c%ed%94%bc-%ec%96%91%eb%85%90-%eb%b9%84%ec%9c%a8-%eb%b6%88%ec%84%b8%ea%b8%b0-%ec%a1%b0%eb%a6%ac/,irrelevant,no,,review_required,0.573252
1,D_중간대역,19943,7,카카오,naver_api_hub,모두의 AI 사업자에 SKT·카카오·KT 선정…연말 서비스 출시(종합),"SK텔레콤, 카카오, KT 등 3개 사업자가 선정됐다. 과학기술정보통신부는 '모두의 AI' 프로젝트 공모에 참여한 6개 사업자(컨소시엄)를 대상으로 서면·발표 평가를 진행하고 SKT 컨소시엄, 카카오 컨소시엄, KT...",https://view.asiae.co.kr/article/2026082810100228039,relevant,no,,rejected,0.980788
1,D_중간대역,21580,1,올리브영,kakao_daum,올리브영 청담역점,"올리브영은 최신 K-뷰티 제품을 경험할 수 있는 헬스앤뷰티 전문 스토어입니다. 스킨케어, 메이크업, 건강식품 등 다양하고 트렌디한 제품을 합리적인 가격에 판매하여, 외국인 관광객들 사이에서 특히 인기가...",http://www.tourcoupon.co.kr/view.html?contentid=2922764,uncertain,no,,accepted,0.879449
1,A_확신통과,12296,8,네이버,naver_api_hub,"고려아연 온산제련소, 학대피해아동 심리회복 1000만원 지원","네이버 해피빈 모금함·사내 소액기부 플랫폼 연계…심리치료 지원 고려아연 온산제련소가 울산지역... 고려아연은 네이버 해피빈 내 파트너 페이지에 학대피해아동의 심리치료를 지원하기 위한 모금함을 개설하고, 사내...",https://www.bizwork.co.kr/news/articleView.html?idxno=418562,irrelevant,no,,accepted,0.937892
1,C_경계,18192,8,네이버,kakao_daum,매거진 제작 – 사바나미디어,띕니다. 클릭률이 높아지고 브랜드 신뢰도도 함께 올라갑니다. 뉴스 검색 채널에 자동 수집 구글 뉴스·네이버 뉴스 등 뉴스 전용 검색 채널에 기사가 자동 수집되어 노출됩니다. 일반 블로그가 진입하기 어려운...,https://sabanamedia.com/services/magazine/,irrelevant,no,,review_required,0.54366
1,D_중간대역,38460,7,카카오,naver_api_hub,건강 챙기고 젊음 더하고… 헬스케어 확장전,"동국제약 건강몰과 네이버 뉴트리션 브랜드스토어, 카카오톡 선물하기에서 채널별 기획전을 진행하며... 카카오톡 선물하기 프로모션은 9월 27일까지 이어지며, 15일 오후 8시30분에는 쇼핑라이브도 진행한다. 일부...",https://www.pressman.kr/news/articleView.html?idxno=103458,irrelevant,no,,rejected,0.610236
1,A_확신통과,15758,5,SSG,naver_api_hub,"스타필드 마켓 월계점 오픈, 온종일 머무는 매장으로 변신","올리브영 매장은 기존보다 3배 넓은 120평으로 확장했고, 신세계팩토리스토어와 데카트론, ABC마트 등을 새로 들였다. 11월에는 유니클로와 무인양품이 각각 300평 이상 규모로 추가 입점할 예정이다. 자체 브랜드 쇼핑...",https://www.koreareport.co.kr/news/articleView.html?idxno=52386,irrelevant,no,,accepted,0.933365
1,B_확신거절,6035,9,쿠팡,kakao_daum,"나에게 딱 맞는 커리어만 매치, 사람인! | 취업, 채용, 커리어 매칭 플랫폼","설립 (60년차) 사원수 1,035명 (2026년) ㈜케이조선 2026년 경력사원 수시 모집 공고공고 스크랩 버튼 쿠팡로지스틱스서비스 물류센터 알바관리자 전국 대규모 채용 물류센터 알바관리자 전국 대규모 채용 기업...",https://www.saramin.co.kr/zf_user/?csn=4098126040,irrelevant,no,,rejected,0.007058
1,E_커뮤니티회수,19504,7,카카오,kakao_daum,"㈜넵튠, 카카오페이 미니게임 파트너사로 선정...자체 IP H5게임 공급",보안 등 높은 수준의 기술 요건 충족하며 파트너사 선정...운영 역량 입증 ㈜넵튠(대표 강율빈)이 카카오페이(대표 신원근)와 게임 콘텐츠 공급 계약을 체결하고 카카오페이 ‘미니게임’ 파트너사로 참여한다고...,https://bbs.ruliweb.com/news/read/228693,incidental,no,,accepted,0.969863
1,C_경계,13057,1,올리브영,naver_api_hub,"[뷰티브리핑] 코스맥스, 현대홈쇼핑과 공동 개발 업무 체결 외","대표 컨실러 제품 체험존과 룰렛 이벤트, 신제품 증정 등을 운영하며, 30일에는 올리브영 올영세일과 연계한 구매 인증 이벤트도 진행한다. 이니스프리, '그린티 세라마이드 클렌징 밤' 출시 이니스프리는 딥 클렌징과...",https://www.seoulfn.com/news/articleView.html?idxno=636539,irrelevant,no,,review_required,0.667914
1,C_경계,11080,7,카카오,kakao_daum,한국 연봉 1억 이상 근로자 854만명 돌파,135만명이래.. 합치면 거의 1000만... ㄷㄷ 공식 APPLE 브랜드관에서 쿠팡 특가로 지금 만나보세요 오늘 주문하면 내일 바로 무료 설치! 좋아요좋아요 댓글19 공유하기 카카오톡 페이스북 트위터 링크복사 퍼가기,https://www.teamblind.com/kr/post/%ED%95%9C%EA%B5%AD-%EC%97%B0%EB%B4%89-1%EC%96%B5-%EC%9D%B4%EC%83%81-%EA%B7%BC%EB%A1%9C%EC%9E%90-854%EB%A7%8C%EB%AA%85-%EB%8F%8C%ED%8C%8C-qp0ztjwj,irrelevant,yes,title과 body가 맞지 않음,review_required,0.303033
1,E_커뮤니티회수,20873,2,무신사,kakao_daum,[유머] 오빠! 제발 무신사 옷이라도 입으세욧!,흠...그나저나 내가 옷을 잘 못입어서 그러는데 20대 동생들한테 먹힐만한 30대 중후반 코디 추천좀,https://bbs.ruliweb.com/community/board/300143/read/76470037,irrelevant,no,,accepted,0.977796
1,E_커뮤니티회수,13693,9,쿠팡,kakao_daum,쿠팡 할인중인 모델들,둘 다 7천원 쿠폰 추가적용 가능 - dc official App,https://gall.dcinside.com/mgallery/board/view/?id=gshockwatch&no=18674,irrelevant,yes,,review_required,0.340301
1,A_확신통과,19225,9,쿠팡,kakao_daum,[정보이슈] 쿠팡안심케어보험 핸드폰 등록 및 조회 방법,"SPECIAL ISSUE REPORT 쿠팡안심케어보험 핸드폰 등록 및 조회 방법 [바 로 가 기] 쿠팡안심케어보험 핸드폰 등록 및 조회 방법 핵심 쟁점 안내 당신의 소중한 휴대폰, 혹시 모를 사고에 대비하고 계신가요? 쿠팡...",https://ye-ah.net/all/41729,irrelevant,no,,accepted,0.981203
1,D_중간대역,35177,2,무신사,kakao_daum,무신사 추천 브랜드,테바 브랜드숍,https://www.musinsa.com/brand/teva/products?colorCodes=7%2C8%2C9%2C10%2C11%2C12%2C13%2C14%2C15%2C17%2C22%2C1%2C2%2C3%2C4%2C5%2C6&sortCode=price_high&brands=teva&page_kind=brandshop&list_kind=small,irrelevant,yes,,accepted,0.746437
1,B_확신거절,19803,8,네이버,kakao_daum,내 보험 조회 및 찾기 앱 다운로드,"인증: 휴대폰 인증, 공동인증서(구 공인인증서), 아이핀(I-PIN), 또는 간편 본인인증 서비스(카카오, 네이버, 통신사 PASS 등)를 통해 본인임을 인증합니다. 2026년 현재는 더욱 간편해진 바이오 인증(지문, 얼굴...",https://v.daum.net/v/XI3r4lfzzA,irrelevant,no,,rejected,0.006135
1,D_중간대역,17840,9,쿠팡,naver_api_hub,"[SV 유통 단신] 빙그레, 혈당 관리 겨냥 ‘식후관리 워터’ 출시 外","쿠팡과 컬리 등 주요 온라인 채널에서 판매한다. ▲ 요기요, 뚜레쥬르 포장 주문 최대 7000원 할인./사진=요기요 제공 ◇ 요기요, 뚜레쥬르 포장 주문 최대 7000원 할인 요기요가 뚜레쥬르와 오는 31일까지 포장 주문 할인...",https://www.socialvalue.kr/news/view/1065600346757735,irrelevant,no,,accepted,0.757562
1,B_확신거절,13403,5,SSG,kakao_daum,"딜바다::신세계상품권 사용처, 신세계상품권 현금교환(신세계상품권 온라인전환), 신세계상품권 모바일...",교환 키오스크(KIOSK)나 상품권샵을 방문하여 실물 지류 상품권으로 교환해야 합니다. 실물 지류 상품권을 SSG닷컴이나 신세계몰 등 온라인에서 사용하고 싶다면 신세계상품권 온라인전환 수순을 밟아야 합니다...,http://www.dealbada.com/bbs/board.php?bo_table=forum_study&wr_id=727856,irrelevant,yes,,rejected,0
1,B_확신거절,6313,9,쿠팡,kakao_daum,"메추리알 장조림 100알(국내산 메추리알), 1.7kg, 1개 - 쇼핑 읽어주는 중개사","← 전체 상품 보기 이 포스팅은 쿠팡 파트너스 활동의 일환으로, 이에 따른 일정액의 수수료를 제공받습니다. 메추리알 장조림 100알(국내산 메추리알), 1.7kg, 1개 제품 사진 메추리알 장조림 100알(국내산...",https://miso2816.com/%eb%a9%94%ec%b6%94%eb%a6%ac%ec%95%8c-%ec%9e%a5%ec%a1%b0%eb%a6%bc-100%ec%95%8c%ea%b5%ad%eb%82%b4%ec%82%b0-%eb%a9%94%ec%b6%94%eb%a6%ac%ec%95%8c-1-7kg-1%ea%b0%9c/,irrelevant,yes,,rejected,0.008923
1,A_확신통과,15577,5,SSG,naver_api_hub,SSG닷컴 '투트랙 전문 플랫폼'으로…라이프스타일 사업 인적분할,"이번 분할이 마무리되면 존속법인은 기존 ㈜SSG닷컴으로, 신설법인은 ㈜신세계몰(가칭)로 변경된다.... ◆SSG닷컴 '그로서리', 신세계몰 '패션·뷰티·라이프스타일' 존속법인인 ㈜SSG닷컴은 그로서리를 중심으로 한 온라인...",http://www.ftoday.co.kr/news/articleView.html?idxno=364315,relevant,no,,accepted,0.981114
1,C_경계,36473,9,쿠팡,kakao_daum,청주 아파트 흉기 피습 사건의 발생 경위와 부자 관계 등 수사 현황 정리,"자해한 것으로 추정하고 있습니다. 승강기 내 20대 남성 피습 8층 자택에서 60대 남성 발견 이 포스팅은 쿠팡 파트너스 활동의 일환으로, 이에 따른 일정액의 수수료를 제공받습니다. 경찰이 파악 중인 두 사람의...",https://wizdatacenter.com/%ec%b2%ad%ec%a3%bc-%ec%95%84%ed%8c%8c%ed%8a%b8-%ed%9d%89%ea%b8%b0-%ed%94%bc%ec%8a%b5-%ec%82%ac%ea%b1%b4%ec%9d%98-%eb%b0%9c%ec%83%9d-%ea%b2%bd%ec%9c%84%ec%99%80-%eb%b6%80%ec%9e%90-%ea%b4%80%ea%b3%84/,irrelevant,yes,,review_required,0.616765
1,D_중간대역,36187,5,SSG,kakao_daum,뉴 패러다임을 선도하는 종합일간지,푸드 올반Lab담당 <신세계건설> ◇상무 승진 ▲윤석희 신세계건설 기전담당 ▲김정선 신세계건설㈜ 지원담당 ▲서화영 신세계건설 골프장담당 兼 레저담당 <㈜신세계I&C> ◇부사장보 승진 ▲손정현 신세계I&C IT...,https://www.skyedaily.com/news/notification.html?mode=tot&nStart=1925&nDataCount=6059&nKind=2,irrelevant,no,,rejected,0.937888
1,D_중간대역,6040,9,쿠팡,kakao_daum,드림레일 - 익명게시판,"일주일 동안 열지 않기 일주일 동안 열지 않기 일주일 동안 열지 않기 익명게시판 ""상기 링크(포스팅)는 쿠팡 파트너스 활동의 일환으로, 이에 따른 일정액의 수수료를 제공받습니다."" 기계러들 부럽구나 ㅇㅇ...",https://dreamrail.co.kr/free?page=4883,irrelevant,yes,,accepted,0.873449
1,E_커뮤니티회수,33067,9,쿠팡,kakao_daum,와 나 쿠팡 단기로 3년 일하고 퇴직금,"죄송해요, 회원에게만 공개된 글이에요 로그인 후 이용해 주세요 (즉시 가입 가능) 로그인된 인스티즈앱으로 보기 로그인 회원가입",https://www.instiz.net/name/67388454,relevant,no,,review_required,0.341275
1,D_중간대역,37282,2,무신사,kakao_daum,비즈워치,"넓히는 딸과 사위…분가 구도는? 거버넌스워치 케이씨 사주 일가 1040억 현금화로 본 케이씨텍 활용법 무신사, 말레이시아 진출…동남아 사업 '가속' [르포] 성수 달군 '무뷰페'…무신사가 찍은 K뷰티 신예는...",https://www.bizwatch.co.kr/?c=2,uncertain,no,,rejected,0.597144
1,C_경계,40498,6,11번가,kakao_daum,현질 조금이라도 싸게 하는 꿀팁 알려줌!,하시는 분들도 조금이라도 아낄 수 있게 공유함! (대신에 컬쳐랜드 아이디 있어야함) 우선 지마켓이나 11번가 같은 인터넷 쇼핑몰을 들어감(나는 지마켓을 선호함) 그리고 문상 5만원을 검색을 하면 대충 이런애...,https://www.inven.co.kr/board/lostark/6271/4062505,irrelevant,no,,review_required,0.579157
1,C_경계,36625,7,카카오,kakao_daum,"교사와 함께 만든 디지털 수업 혁신, AI·디지털 기반 교육혁신 선도교사 양성 연수 운영 사례","섭외해 콘텐츠 품질을 높였습니다. 또한 연수 중에는 콜센터를 운영해 총 475건의 상담을 처리했으며, 카카오톡 1:1 채팅방을 통해 약 800건의 문의에 신속히 대응했습니다. 연수 이후에도 이어지는 학습 연수...",https://elice.io/ko/resources/case-study/eliceschool-ai-digital-teacher-training-2025,irrelevant,no,,review_required,0.521953
1,E_커뮤니티회수,34999,7,카카오,kakao_daum,들쥐 봤는데 걍 대수대명이네,제작자 카카오네 ㅋㅋㅋㅋㅋㅋㅋㅋㅋㅋㅋㅋㅋㅋ - dc official App,https://gall.dcinside.com/board/view/?id=disease&no=1872754,uncertain,no,,accepted,0.714886
1,D_중간대역,11095,7,카카오,kakao_daum,"오픈월드 몬스터 포획 RPG '애니모', 9월 16일 글로벌 출시 확정","다양한 보상을 받을 수 있으며, OBT 기간 특정 ‘천휘 애니모’도 무료로 획득할 수 있다. 국내에서는 카카오 채널을 통한 사전예약도 진행 중이다. 한편, ‘애니모’는 PC, PlayStation, Xbox 버전을 오는 9월...",https://v.daum.net/v/QlOzddYClM,irrelevant,no,,accepted,0.764601
1,C_경계,35848,6,11번가,kakao_daum,11번가,,http://m.11st.co.kr/products/m/934926857?prdNo=934926857,irrelevant,no,,review_required,0.662492
1,E_커뮤니티회수,37180,7,카카오,kakao_daum,환율정책 만큼은 카카오가 존나 잘한거임,이번에 재계약 하면서 환율도 갱신된거임 그전까지 사실 꿀 낭낭하게 빨았잖아,https://gall.dcinside.com/mgallery/board/view/?id=poe2&no=420941,relevant,no,,accepted,0.978654
1,A_확신통과,13086,1,올리브영,kakao_daum,"🍂 올리브영 9월 빅세일 기간, 언제부터 언제까지?","올리브영 9월 빅세일, 드디어 다가와요...!!! 👀 언제부터 시작하는지 궁금한 분들을 위해 2026 올리브영 9월 빅세일 예상 기간부터 환절기에 담아두기 좋은 추천템, 할인 팁까지 한 번에 정리해봤어요. 🍂 공식...",https://unpa.me/community/beautytip/134457534,relevant,no,,accepted,0.980249
1,C_경계,41484,2,무신사,kakao_daum,무신사 콜라보 티셔츠 벌써 왔넹,이제 쿠폰 아바타는 줄 캐릭 없는데 걍 아무 캐릭이나 줘야겠다,https://www.inven.co.kr/board/lostark/6271/4062802,uncertain,no,,review_required,0.695524
1,A_확신통과,38760,2,무신사,naver_api_hub,"무신사, 하라주쿠 팝업 흥행···참여 브랜드 거래액 3배로",현대경제신문 전수연 기자 | 무신사가 일본 도쿄 하라주쿠에서 진행한 팝업 스토어를 통해 현지 젊은... 무신사는 지난달 21일부터 30일까지 10일간 도쿄 하라주쿠 요도바시 J6 빌딩에서 진행한 '무신사 스테이션 인...,http://www.finomy.com/news/articleView.html?idxno=260478,relevant,no,,accepted,0.97309
1,D_중간대역,13141,4,마켓컬리,naver_api_hub,"[MD라이프] GKL, 거제·통영 폭우 피해 복구 성금 3000만원 기부","◇ 컬리, 마지막 여름 세일 ‘8월 패션위크’…최대 85% 할인 컬리는 오는 31일까지 올여름 마지막 패션 할인 행사인 ‘8월 패션위크’ 기획전을 열고 다양한 패션 상품을 최대 85% 할인 판매한다고 26일 밝혔다....",https://www.mydaily.co.kr/page/view/2026082618074397178,uncertain,no,title과 body가 맞지 않음,accepted,0.893163
1,B_확신거절,16314,7,카카오,naver_api_hub,'옥토버페스트 서울 2026' 9월 개최…독일 맥주·미식 선보여,"행사장에서는 카카오맵 기반 스마트 가이드가 제공되며, 일회용 컵 대신 100% 다회용 맥주잔을 사용한다. 메인 유료 공간인 빅텐트는 낮 12시부터 오후 4시 30분까지, 오후 5시 30분부터 오후 10시까지 2부제로 운영된다....",http://www.metroseoul.co.kr/article/20260827500367,irrelevant,no,,rejected,0.048053
1,B_확신거절,17996,8,네이버,naver_api_hub,"JDC면세점, 전자영수증으로 지역상생 잇는다",관광객이 참여업체에서 QR코드를 통해 전자영수증을 발급받은 뒤 네이버 방문 리뷰를 작성하면 JDC제주공항면세점에서 사용할 수 있는 1만 5천 원 할인쿠폰(15만 원 이상 구매 시)을 즉시 받을 수 있다. 이를 통해 지역...,https://www.newsjeju.net/news/articleView.html?idxno=425071,irrelevant,no,,rejected,0.042675
1,B_확신거절,37205,9,쿠팡,kakao_daum,여고생 살해 사형 구형된 장윤기 사건의 법적 쟁점과 판결 전망 분석,"극도로 높다고 판단함 강간살인죄의 중대성을 고려하여 법정 최고형인 사형을 요청함 이 포스팅은 쿠팡 파트너스 활동의 일환으로, 이에 따른 일정액의 수수료를 제공받습니다. 범행의 계획성과 사전 정황 증거의...",https://wizdatacenter.com/%ec%97%ac%ea%b3%a0%ec%83%9d-%ec%82%b4%ed%95%b4-%ec%82%ac%ed%98%95-%ea%b5%ac%ed%98%95%eb%90%9c-%ec%9e%a5%ec%9c%a4%ea%b8%b0-%ec%82%ac%ea%b1%b4%ec%9d%98-%eb%b2%95%ec%a0%81-%ec%9f%81%ec%a0%90%ea%b3%bc/,irrelevant,yes,,rejected,0.035648
1,C_경계,20276,9,쿠팡,naver_api_hub,"깨끗한나라, 초고령사회 맞춰 의료·돌봄 위생시장 공략","기업용 소모품 구매 채널인 MRO와 대리점, 쿠팡 등을 통해 구매할 수 있다. 깨끗한나라는 향후 의료·돌봄 시설의 운영 환경과 현장 수요를 반영해 니트릴 장갑, 손목·발목 보호밴드 등 전문 제품군도 확대할 계획이다....",https://www.newspim.com/news/view/20260828000451,irrelevant,no,,review_required,0.596464
1,D_중간대역,22644,1,올리브영,kakao_daum,올리브영 타워팰리스점,"올리브영은 최신 K-뷰티 제품을 경험할 수 있는 헬스앤뷰티 전문 스토어입니다. 스킨케어, 메이크업, 건강식품 등 다양하고 트렌디한 제품을 합리적인 가격에 판매하여, 외국인 관광객들 사이에서 특히 인기가...",http://www.tourcoupon.co.kr/view.html?contentid=2923688,uncertain,no,,accepted,0.775192
1,C_경계,39164,5,SSG,kakao_daum,최지만 1R에서 패스하면 키움은 땡큐? 전체 1순위 하현승+ML 67홈런 '미래와 현재' 다 잡는다,보여줄 마지막 시험대다. 올해 신인드래프트는 지난해 순위의 역순으로 키움-두산-KIA-롯데-KT-NC-삼성-SSG-한화-LG 순서로 진행된다. 전체 1순위는 사실상 윤곽이 잡혔다. 키움은 미국프로야구 메이저리그(MLB...,https://www.ize.co.kr/news/articleView.html?idxno=80316,irrelevant,no,,review_required,0.559768
1,B_확신거절,37032,5,SSG,kakao_daum,가전제품 렌탈&구독 0원 특가 이벤트 안내,변경해서 이용하면 18만원도 안되는 금액에 에어컨을 구입할 수 있어서 좋네요~ BEST 이*재 고객님 신세계가 열렸습니다 고민하다 렌탈로 구매했는데 설치도 원하는 날 정확하게 잘되었습니다. 식기세척기가 필요...,https://rental.lghellovision.net/event/detail18,irrelevant,yes,,rejected,0.009266
1,C_경계,41183,8,네이버,kakao_daum,[의왕시 맛집] 동현손만두찐빵,"0 의왕시에 위치한 분식동현손만두찐빵 ※식사메뉴닷컴에 등록된 이미지가 없는 경우에는 포털(구글,다음,네이버등)에서 실시간 검색한 이미지가 노출되며, 이경우 검색엔진의 정확도에 따라 해당업체와 관련이...",https://siksamenu.co.kr/food/detail.asp?seq=504452769,irrelevant,yes,,review_required,0.608625
1,C_경계,11034,8,네이버,kakao_daum,[경상북도] 「청년e끌림 개선 의견 수렴 이벤트」 안내 > 유관기관 소식,"총84명 ○ 선정방법 : 추첨을 통한 선정 [이벤트 쿠폰(커피쿠폰 1만원상당) 증정] ○ 참여방법 : 청년포털 SNS 구독, 네이버 폼을 통해 구독 인증 및 개선안 작성 (참여예시 : 모바일에서 로그인 창을 찾기...",https://www.guip.or.kr/bbs/board.php?bo_table=3_6&wr_id=72,irrelevant,no,,review_required,0.660674
1,C_경계,11170,9,쿠팡,kakao_daum,점심시간 영시 한편씩 번역하기 5일차 🪶,"트루 댓 아이즈 알 뽐 투 설브. 매월 찾아오는 신나는 특가, 가전 Gooood 세일! 공식 APPLE 브랜드관에서 쿠팡 특가로 지금 만나보세요 좋아요좋아요 댓글2 공유하기 카카오톡 페이스북 트위터 링크복사 퍼가기",https://www.teamblind.com/kr/post/%EC%A0%90%EC%8B%AC%EC%8B%9C%EA%B0%84-%EC%98%81%EC%8B%9C-%ED%95%9C%ED%8E%B8%EC%94%A9-%EB%B2%88%EC%97%AD%ED%95%98%EA%B8%B0-5%EC%9D%BC%EC%B0%A8-🪶-vrwevac3,irrelevant,yes,title과 body가 맞지 않음,review_required,0.331602
1,B_확신거절,14532,5,SSG,naver_api_hub,"김도영, 이승엽 보유 '최연소 시즌 40홈런' 경신까지 하나 남았다",14일 SSG 랜더스전부터 8경기 연속 홈런이 없던 오스틴은 25~26일 NC 다이노스전에서 홈런 세 방을 터뜨렸다. 김도영이 야구대표팀에 차출되는 동안 오스틴은 8경기를 뛸 수 있다. 오스틴의 몰아치기 능력을 감안하면...,https://www.news1.kr/sports/baseball/6271108,irrelevant,no,,rejected,0.007171
1,A_확신통과,14962,8,네이버,naver_api_hub,"케이씨텍 주가, 8월 27일 장중 66,200원 1.22% 상승","|중앙이코노미뉴스 김영진 기자|출처=네이버페이 증권 27일 오전 11시 12분 기준, 네이버페이 증권에 따르면 케이씨텍 주가는 지난 종가 대비 상승세를 보이며 66,200원에 거래되고 있다. 시가는 66,800원으로...",https://www.joongangenews.com/news/articleView.html?idxno=543254,irrelevant,no,,accepted,0.938779
1,D_중간대역,35411,1,올리브영,naver_api_hub,"아누아, 산리오캐릭터즈와 협업⋯PDRN·어성초 에디션 선봬",이번 에디션은 오는 30일부터 다음 달 5일까지 진행되는 ‘9월 올영세일’에서 최대 66% 할인 판매한다. 아누아는 9월 ‘올영픽’ 브랜드로도 선정돼 한 달간 관련 할인 행사를 진행할 예정이다. 아누아 관계자는 “PDRN...,https://www.viva100.com/article/20260828500686,irrelevant,no,,rejected,0.869122
1,A_확신통과,15222,9,쿠팡,kakao_daum,"56세 김혜수, 걸그룹이라 해도 믿겠네…놀라운 근황 [SNS★샷]",한 줌 허벅지가 시선을 사로잡았다. 사진=김혜수 인스타그램 캡처 한편 그는 지난달 31일 첫 공개된 쿠팡플레이 시리즈 ‘지금 불륜이 문제가 아닙니다’에 출연 중이다. 해당 작품은 행복한 가정을 팔아온 인기...,https://www.twig24.com/news/entertainments/celebrity/2026/08/27/20260827500074,irrelevant,no,,accepted,0.939909
1,B_확신거절,19990,5,SSG,naver_api_hub,"컴투스, '컴프야2026' 대규모 업데이트...박찬호 등 레전드 등장","한화 이글스 문동주, KIA 타이거즈 김도영, SSG 랜더스 김광현 등 KBO리그를 대표하는 스타 플레이어들이 구단별로 5명씩 추가돼 유저들의 팬심과 수집의 재미를 한층 높일 예정라고 회사 측은 설명했다. 에픽 등급 선수를...",https://zdnet.co.kr/view/?no=20260828095233,irrelevant,no,,rejected,0.006204
1,A_확신통과,15526,5,SSG,naver_api_hub,"SSG닷컴, 라이프스타일 떼어낸다…‘신세계몰’ 별도 법인 신설",SSG닷컴 앱을 통해 신세계몰 플랫폼과 연동해 패션·뷰티·라이프스타일 상품을 이용할 수 있도록 할 예정이다. 신세계몰도 자체 플랫폼 경쟁력을 높이는 동시에 SSG닷컴을 비롯한 여러 채널과의 연계를 통해 고객...,https://www.asiatime.co.kr/article/20260827500245,relevant,no,,accepted,0.977063
1,C_경계,37298,8,네이버,kakao_daum,"산림청, 추석 성수품 수급 안정 위해 총력!","산림조합중앙회의 임산물 쇼핑몰인 푸른장터(sanrim.com)를 통해 10~30% 할인 행사를 진행하고, 네이버 스토어, 우체국 쇼핑몰 등 지리적표시 등록품을 포함한 “추석맞이 숲푸드 특별 기획전”을 운영해 최대 15...",https://www.baronews.net/news_proc/news_contents.jsp?ncd=850216,irrelevant,no,,review_required,0.606458
1,D_중간대역,22678,5,SSG,kakao_daum,마인 신세계사이먼프리미엄아울렛 부산점,"마인은 섬세하고 부드러운 감성의 프리미엄 여성복 브랜드로, 여성의 내면적인 아름다움을 우아하게 표현합니다. 시적이고 몽환적인 분위기의 디자인과 정교한 디테일을 통해 품격 있는 스타일을 제안합니다.",http://www.tourcoupon.co.kr/view.html?contentid=2923878,irrelevant,no,,accepted,0.898338
1,E_커뮤니티회수,36657,5,SSG,kakao_daum,최지만은 근데 1라에서 뽑히기 힘들거같은데요 : MLBPARK,"‌초기엔 KT, NC, SSG 이렇게 세팀위주로 1라 얘기 나왔다가 SSG부터 먼저 제외되고 NC도 안뽑을거같은 분위기더군요 (유망주 위주로 뽑는다고) 그럼 1라에서 남은건 KT인데 KT순번이 1라 뒷순번도 아니고 5순위면...",https://mlbpark.donga.com/mp/b.php?p=1&b=kbotown&id=202608310118362003&select=&query=&shop=&subselect=&subquery=&user=&site=donga.com&reply=&pos=&sig=h6jBSg-YhhXRKfX2hda9RY-1jhlq,irrelevant,no,,accepted,0.937947
1,B_확신거절,18284,9,쿠팡,kakao_daum,"HERA 헤라 UV프로텍터 프레쉬 선크림 SPF50+ 50ml, PA++++ - PICK LIST","홈리스트 이 포스팅은 쿠팡 파트너스 활동의 일환으로, 이에 따른 일정액의 수수료를 제공받습니다. HERA 헤라 UV프로텍터 프레쉬 선크림 SPF50+ 50ml, PA++++ 제품 사진 HERA 헤라 UV프로텍터 프레쉬 선크림 SPF...",https://picklist.co.kr/hera-%ed%97%a4%eb%9d%bc-uv%ed%94%84%eb%a1%9c%ed%85%8d%ed%84%b0-%ed%94%84%eb%a0%88%ec%89%ac-%ec%84%a0%ed%81%ac%eb%a6%bc-spf50-50ml/,irrelevant,yes,,rejected,0.004986
1,E_커뮤니티회수,20924,8,네이버,kakao_daum,"[네이버] 엄마네한돈 국내산 한돈 목살 구이용/수육용 1kg 냉장 (수육은 절품) (16,480원) (네멤무료...","수육은 품절임 카드결제시 적립금 약 3,000이상 가격 나쁘지 않음",https://www.fmkorea.com/10266924206,irrelevant,yes,,review_required,0.403472
1,D_중간대역,23396,1,올리브영,naver_api_hub,"CJONE 하나은행과 '내맘적금' 시즌2 프로모션 진행, 최고 금리 연 5.0%",CJ올리브네트웍스의 멤버십 서비스 CJONE이 하나은행과 적금 프로모션을 진행한다. CJ올리브네트웍스는 10월31일까지 'CJONE 내맘적금' 시즌2 프로모션을 진행한다고 28일 밝혔다. CJ올리브네트웍스와 하나은행이 'CJONE...,https://www.businesspost.co.kr/BP?command=article_view&num=445876,relevant,no,,rejected,0.3
1,E_커뮤니티회수,16775,2,무신사,kakao_daum,할리스 2차 카드깡 결과 ㅋㅋㅋㅋㅋㅋ,제나미 당첨ㅋㅋㅋㅋㅋㅋㅋㅋㅋㅋ 무신사 와이카노 중복포카땜에 개빡친거 할리스가 멘징시켜주네 ㅋㅋㅋㅋㅋㅋㅋ 이게 어제 뽑은거 ㅋㅋㅋㅋㅋ 이제 대장만 남았다리 ㅋㅋㅋㅋㅋㅋㅋ,https://gall.dcinside.com/mgallery/board/view/?id=girlidolcontents&no=252630,irrelevant,no,,accepted,0.935051
1,E_커뮤니티회수,14730,8,네이버,kakao_daum,"끌올 [네이버] 카스 제로 2캔 + 카스 레몬 제로 2캔 (3,000원) : 클리앙",저번 딜보다 너프되었지만 누구나 삼천원에 구매할 수 있어 정보 공유합니다. 빠른 품절이 예상됩니다. 사진 출처 및 구매 링크는 아래와 같습니다. https://brand.naver.com/oriental-brewery/products/13046803488,https://www.clien.net/service/board/jirum/19254221,irrelevant,yes,,review_required,0.341738
1,E_커뮤니티회수,23114,7,카카오,kakao_daum,"암보험비갱신형추천,비갱신형암보험 추천상품,암보험 비교사이트,보험료 진단비 추천 가입순위","생명 BNP파리바 카디프생명 악사암보험 악사나를지켜주는암보험,악사다이렉트암보험 axa암보험 카카오페이 카카오 토스 sgi서울보증 캐롯손해보험 라이나손해보험 kb라이프 kb손해보험 암보험,kb손해보험 비갱신...",https://ygosu.com/board/gosudeal/43631,irrelevant,yes,,accepted,0.931617
1,B_확신거절,34986,7,카카오,kakao_daum,"딜바다::정부24시 홈페이지 정부24시(민원24시), 정부24시 앱설치,​ 정부24시 홈페이지(민원24...","정부24시(민원24시) 접속 및 인증서 세팅 정부24시 홈페이지 정부24시(민원24시)를 이용할 때는 카카오, 네이버, PASS 등 간편인증 시스템을 활용하는 것이 핵심입니다. 예전처럼 복잡한 공동인증서 프로그램을...",http://www.dealbada.com/bbs/board.php?bo_table=forum_house&wr_id=413702,irrelevant,no,,rejected,0
1,C_경계,6290,8,네이버,kakao_daum,최근에 네이버페이머니 카드,"신청한 사람? 얼마만에 왔어? tag 네이버파이낸셜NAVER금융 라운지 쉽고 빠른 숙소 예약! 프리미엄/데일리 숙소 특가 ~64% 매일 오전 7시, 단 하루 특가 좋아요좋아요 댓글2 공유하기 카카오톡 페이스북 트위터...",https://www.teamblind.com/kr/post/%EC%B5%9C%EA%B7%BC%EC%97%90-%EB%84%A4%EC%9D%B4%EB%B2%84%ED%8E%98%EC%9D%B4%EB%A8%B8%EB%8B%88-%EC%B9%B4%EB%93%9C-x7txpva4,uncertain,no,,review_required,0.352404
1,A_확신통과,11436,8,네이버,naver_api_hub,"""사전통지 안했다"" 쿠팡, 공정위 조사 거부...'대규모유통업법' 조사 무...","앞서 주병기 공정위원장은 11일 MBC라디오에서 ""쿠팡이라고 해서 차별적으로 법 집행을 하지 않는다""며 ""네이버든 어떤 국내외 플랫폼이든 비차별적으로 대하고 있다""고 밝힌 바 있다.",http://www.joseilbo.com/news/news_read.php?uid=574505&class=32&grp=,relevant,no,,accepted,0.941097
1,E_커뮤니티회수,17711,9,쿠팡,kakao_daum,"[음식] [쿠팡] 이금기 팬더 굴소스 파우치 2kg (6,100원/와우무료)",굴소스는 사두면 잘쓰게되더라고요,https://bbs.ruliweb.com/market/board/1020/read/106700,irrelevant,yes,,accepted,0.893687
1,A_확신통과,20577,8,네이버,naver_api_hub,"네이버, 디지털 증서 '네이버 컬렉션'으로 '기부 인증서' 영역 확장 … ...",네이버가 상품 보증서 서비스로 시작한 '네이버 컬렉션'의 활용 범위를 기부 활동 인증으로 넓혔다. 네이버는 지난 8월 15일 사회복지공동모금회 해피빈과 한국해비타트가 진행한 '815런' 캠페인 참가자들에게 기부 참여...,http://www.worktoday.co.kr/news/articleView.html?idxno=88527,relevant,no,,accepted,0.98145
1,E_커뮤니티회수,36723,6,11번가,kakao_daum,"[11번가] 비트 스트롱세븐 일반 3L 용기, 1개 + 일반드럼겸용 2.22L 리필, 3개 (T멤19,380원) (무료...","일반 3L+ 2.22L 리필, 3개 구성으로 총 9.66L 개당 약 4천원대 나오고 리필용은 일반,드럼겸용임",https://www.fmkorea.com/10279941735,irrelevant,yes,,review_required,0.347459
1,C_경계,6412,8,네이버,kakao_daum,경기도 연천군 전곡읍 평화로 499 36홀 골프코스 · 멤버십 · 예약,"객실 목록으로 에메랄드 Emerald 에메랄드 예약 및 문의 객실 인원, 요금 및 예약은 전화 또는 네이버 카페를 통해 안내해 드립니다. 실시간 사용 여부는 객실 목록에서 날짜별로 확인하실 수 있습니다. 팰리스...",http://palaceparkgolf.com/room.asp?code=emerald,irrelevant,yes,,review_required,0.30001
1,C_경계,35004,7,카카오,kakao_daum,인공지능 발명자 이슈,"교수, 변호사) 등 총 15명, (기술) AI 전문 대학원 교수, 연구원 등 총 14명, (산업) 삼성, 네이버, 카카오 등 AI 기업 담당자 총 11명 ▶ 주요 논의 결과 - (기술수준) 現수준에서는 인간의 개입 없이* AI가...",https://www.kipo.go.kr/ko/kpoContentView.do?menuCd=SCD0201238,irrelevant,no,,review_required,0.610319
1,C_경계,41060,8,네이버,kakao_daum,정찬우 변호사,변호사시험 8회 (2019년) 소속서울지방변호사회변호사정보 자세히 보기 법률사무소에 오셔서 문제를 해결하세요. 법무법인(유한) 대륜홈페이지 서울특별시 영등포구 여의대로 108 (여의도동) 35층네이버 지도로 보기,https://www.lawtalk.co.kr/directory/profile/9118-%EC%A0%95%EC%B0%AC%EC%9A%B0,irrelevant,no,,review_required,0.573336
1,D_중간대역,40861,1,올리브영,kakao_daum,비즈워치,"깜깜'…GS리테일, 128억 과징금 무신사, 말레이시아 진출…동남아 사업 '가속' 서울 찍고 전국으로…올리브영, 'K관광 인프라' 됐다 '네이버+컬리'의 힘…장보기 손님 10배 늘었다 '수수료 무료' 선언한 코인원...",https://www.bizwatch.co.kr/?c=10,relevant,no,,rejected,0.543683
1,B_확신거절,11081,7,카카오,kakao_daum,일산충신교회,"2017.1.5-7 장소 : 본관3층, 청소년센터 강사 : 이강주 목사 (광주 향기교회) 2017.01.06 일산충신교회 카카오톡 옐로우페이지 개설 - @일산충신교회 2017.01.13 사역자 헌신 기도회 2017.01.17 청소년부 태국...",http://iscs.anyline.kr/main/sub.html?pageCode=2,irrelevant,no,,rejected,0.030102
1,C_경계,35635,4,마켓컬리,naver_api_hub,"컬리 ""네이버와 손잡은 '컬리N마트' 1년 만에 거래액 10배↑""",컬리가 네이버와 합종연횡으로 네이버플러스 스토어에 선보인 온라인 장보기 서비스 '컬리N마트'가 출시 1년 만에 월 거래액이 오픈 초기 대비 약 10배 성장했다고 31일 밝혔다. 컬리에 따르면 지난해 9월 출시한...,https://www.getnews.co.kr/news/articleView.html?idxno=879281,relevant,no,,review_required,0.545931
1,C_경계,41687,2,무신사,kakao_daum,"경량 패딩, 지금 장바구니에 담아야 할 6가지",내셔널지오그래픽 10초 안에 보는 요약 기사 지금 입기 좋은 경량 패딩 6가지 추천 무신사 스탠다드부터 오호스까지 브랜드별 특징 정리 출근 룩부터 데일리룩까지 경량 패딩 활용법 아직 패딩을 꺼내 입기엔...,https://www.cosmopolitan.co.kr/article/1908397,irrelevant,yes,,review_required,0.546533
1,C_경계,35040,1,올리브영,kakao_daum,"2025 블프 국내 쇼핑 승리 공식: 쿠팡, 11번가 할인율 비교 및 카드사별 최대 혜택 총정리","지갑을 지킬 최강의 무기, '신용카드' 2. 승리의 영토를 선택하라, '쇼핑몰' 3. 특수 타겟 공략법: '올리브영'과 '코스트코' 4. '최적의 조합'을 찾는 자가 최종 승리자다 5. 자주 묻는 질문 (FAQ) 1. 당신의...",https://homahope.theollaga.com/2025/11/2025-blackfriday-korea-shopping-card-benefits-coupon-11st-discount-guide.html,uncertain,no,,review_required,0.585808
1,C_경계,36155,8,네이버,kakao_daum,블루링크 현대자동차 커넥티드카 서비스 ( 2025년 최신 ) | 현대자동차 블루링크 서비스 2025년 최신...,3) 블루링크 포털 사이트 지역 검색 내비게이션에 등록 되어 있지 않은 장소라도 포털 사이트에 ( 네이버 / 카카오 ) 데이터 베이스 최신 정보를 검색하여 목적지로 설정하여 사용할수 있는 서비스 입니다. 4...,https://www.petercode.com/2025/06/connectedcarservice-hyundai-motors-bluelink-hyundai.html,irrelevant,no,,review_required,0.567978
1,D_중간대역,39701,7,카카오,naver_api_hub,"한국마케팅진흥원, 큐텐재팬 입점 소상공인 200곳 모집… 일본 판매 실...","이번 2차 모집에서는 국내 부문(카카오 톡딜) 200명, 해외 부문(큐텐재팬) 200명, 특화 부문(오아시스) 100명 등 총 500명을 지원하며, 사업 기간은 오는 12월 31일까지다. 큐텐재팬은 일본 현지 누적 회원 수 2,800만 명을...",https://www.gosiweek.com/article/1065588637795318,incidental,no,,accepted,0.741603
1,A_확신통과,11425,8,네이버,naver_api_hub,"'체질 개선 결실' 에이블씨엔씨, 글로벌 영토 확장... 61개국 5만 매장 ...","대신 자사몰을 비롯해 쿠팡·네이버·다이소·올리브영 등 성장 가능성이 높은 채널 중심으로 국내 사업 기반을 재정비하고, 확보된 역량을 글로벌 유통망과 디지털 채널 확대에 집중하고 있다. 글로벌 사업 확대는 실적...",https://www.insight.co.kr/news/570196,irrelevant,no,,accepted,0.939418
1,A_확신통과,32301,9,쿠팡,naver_api_hub,2천만 개인정보 유출 ‘티빙’ 쿠폰 보상안 만지작...하반기 과징금 ‘...,지난 1월 쿠팡이 개인정보 유출 사고 이후 피해 고객에게 자사 상품과 쿠팡이츠 등에서 사용할 수 있는 5만원 상당의 이용권을 지급한 것과 비슷한 방식이다. 문제는 ‘보상받으려면 다시 티빙을 이용해야 한다’는...,https://biz.chosun.com/industry/business-venture/2026/08/31/4CTDLSPL7RHPTKED23CQKLE6MQ/,incidental,no,,accepted,0.941176
1,C_경계,36550,8,네이버,kakao_daum,[6시내고향 자색아스파라거스 구매처]📌6시내고향 충북 청주 자색아스파라거스 구매처 스마트스토어...,"인근) 대표 품목: 자색 아스파라거스 및 친환경 특수채소 특선류 판매 및 구매 안내: 택배 판매 가능 (네이버 스마트스토어 및 쿠팡 파트너스 링크 등을 통해 편리하게 주문 가능하며, 개별 문의는 시청자 상담실...",https://moonoks.com/6%EC%8B%9C%EB%82%B4%EA%B3%A0%ED%96%A5-%EC%9E%90%EC%83%89%EC%95%84%EC%8A%A4%ED%8C%8C%EB%9D%BC%EA%B1%B0%EC%8A%A4-%EA%B5%AC%EB%A7%A4%EC%B2%98📌6%EC%8B%9C%EB%82%B4%EA%B3%A0%ED%96%A5/,irrelevant,yes,,review_required,0.539574
1,A_확신통과,14707,8,네이버,naver_api_hub,"이수페타시스 주가, 8월 27일 장중 110,900원 0.09% 상승","|중앙이코노미뉴스 김영진 기자|출처=네이버페이 증권 27일 오전 10시 32분 기준, 네이버페이 증권에 따르면 이수페타시스 주가는 현재 110,900원에 거래되며 지난 종가 110,800원 대비 100원, 즉 0.09% 상승한...",https://www.joongangenews.com/news/articleView.html?idxno=543194,irrelevant,no,,accepted,0.936519
1,E_커뮤니티회수,37213,9,쿠팡,kakao_daum,늦둥이라 싫다,밖에서는 못할말 여기서 털어놔본다 할머니같음 세대차이 많이 남 1. 쿠팡 등 온라인 쇼핑 할줄 모름 2. 카카오페이 및 핸드폰 은행 어플로 계좌이체 할줄모름 3.에어컨 리모컨 사용 못함. 온도를 못내림 맨날 내...,https://www.instiz.net/name/67391756,irrelevant,no,,accepted,0.932192
1,A_확신통과,16167,5,SSG,naver_api_hub,"SSG닷컴, 라이프스타일 부문 인적분할…신세계몰 신설","분할이 마무리되면 존속법인은 ㈜SSG닷컴, 신설법인은 ㈜신세계몰(가칭)로 변경됩니다. 현재 SSG닷컴 지분은 이마트가 65%, 신세계가 35% 보유하고 있습니다. 분할 이후에도 이마트와 신세계는 SSG닷컴과 신세계몰 지분을...",https://biz.sbs.co.kr/article_hub/20000331151?division=NAVER,relevant,no,,accepted,0.977721
1,A_확신통과,36504,7,카카오,naver_api_hub,"[게시판] 라온메디, 25억 '국가전략 AI 의료과제' 선정 등 단신","■ 카카오벤처스가 K-뷰티 스타트업 6펜스(대표 홍진석)와 뷰티 업계 실무자를 위한 AI 솔루션 빌딩 세션 '뷰티 빌드 스프린트'를 진행했다고 밝혔다. 참가자들은 40분간 기본 개념을 익힌 뒤, 240분간 각자의 현업 문제를...",https://www.aitimes.com/news/articleView.html?idxno=214664,incidental,no,,accepted,0.937811
1,B_확신거절,6423,8,네이버,kakao_daum,현대기업의 사회적 책임과 사회공헌활동사례 및 기업윤리,커뮤니케이션 2002 미래형 캠페인/ 신강균/ 컴온북스 2003 SK 후원 장학퀴즈서 한·중 영재 격돌한다/ 네이버 연합뉴스/ 2007년 8월 9일자 SK사이버경영관/ http://www.skms.or.kr/ SK/ http://www.sk.co.kr/...,https://www.reportmarket.co.kr/mall/view.asp?l_code=12&m_code=15&idx=22659,irrelevant,no,,rejected,0.05479
1,A_확신통과,36456,8,네이버,naver_api_hub,"정태영 현대카드 부회장, '알파벳카드' 충성도서 새 성장동력 찾는다","현대카드는 그동안 PLCC 시장을 선도하며 네이버, 대한항공, 스타벅스, 무신사 등 대형 브랜드의 고객을... PLCC가 네이버나 대한항공 등 제휴사가 이미 확보하고 있는 충성 고객을 현대카드 회원으로 전환하는...",https://www.insightkorea.co.kr/news/articleView.html?idxno=253511,irrelevant,no,,accepted,0.940168
1,E_커뮤니티회수,40675,5,SSG,kakao_daum,연다람지: 설영욱님 첫인상은 무서웠다 / 몽군:깡패처럼 생겨가지고 실제로 생활 하신분인줄 알았다...,Video 태그를 지원하지 않는 브라우저입니다. Video 태그를 지원하지 않는 브라우저입니다. 연다람지) 마음은 여리신거 같다 몽군) 그게 반전매력이다 #신세계 #몽다람지,https://www.fmkorea.com/10282966711,irrelevant,no,,accepted,0.911524
1,D_중간대역,5494,9,쿠팡,naver_api_hub,​​​​​​​쿠팡은 왜 공정위 조사를 거부했나?,"공정거래위원회가 쿠팡의 '가격 맞춤형 쿠폰' 비용을 납품업체에 부당하게 떠넘겼는지 확인하기 위해 실시하려던 현장조사가 쿠팡의 거부로 네 차례 모두 무산되면서, 정작 조사 대상이 된 사안의 당사자인 중소...",http://www.smedaily.co.kr/news/articleView.html?idxno=362233,relevant,no,,rejected,0.982984
1,A_확신통과,38654,1,올리브영,kakao_daum,휴가때 공항가서 놀랜거,외국인들 이거 가방 안든 사람이 적을정도로 다 매고 있더라? 홍콩 다녀왔는데 홍콩 에서도 몇번을 봄 올리브영 대체 무슨일이야,https://www.dogdrip.net/722358192,relevant,no,,accepted,0.939647
1,E_커뮤니티회수,36938,9,쿠팡,kakao_daum,"농심 라뽁구리 큰사발면 105g, 8개 : MLBPARK","https://www.coupang.com/vp/products/9333595634?vendorItemId=94584259066&itemId=27621278687 쇼핑몰 쿠팡 가격 7,470원 배송료 0원 ‌ 라면볶이에 너구리 섞인 맛이라 괜찮다고 하네요 개당 934원꼴이라 가격...",https://mlbpark.donga.com/mp/b.php?p=1&b=bullpen&id=202608310118362261&select=&query=&shop=&subselect=&subquery=&user=&site=donga.com&reply=&pos=&sig=h6jcGY21khTRKfX2hda9RY-1jhlq,irrelevant,yes,,accepted,0.765135
1,A_확신통과,22954,9,쿠팡,naver_api_hub,'무료배달'로 성수기 잡은 쿠팡이츠...다음 목표는 '단골 확보',/ 사진=챗GPT 생성 쿠팡이츠가 무료배달을 앞세워 이용자 규모를 넓힌 데 이어 단골 확보에 나선다. 일반회원... 28일 업계에 따르면 쿠팡이츠가 신규 이용자 유입 전략에서 더 나아가 반복적인 주문을 유도하고 이용 경험을...,https://www.techm.kr/news/articleView.html?idxno=154722,relevant,no,,accepted,0.980361
1,C_경계,40357,8,네이버,kakao_daum,조은나래 도라지정과 500g 설 추석 부모님 상견례 어버이날 선물 콩고물 기본 곁보자기 진한빨강...,"홈건강 이 포스팅은 네이버 브랜드커넥트 활동의 일환으로, 판매 발생 시 일정액의 수수료를 제공받습니다. 조은나래 도라지정과 500g 설 추석 부모님 상견례 어버이날 선물 콩고물 기본 곁보자기 진한빨강 제품...",https://marketing.benefitbook.kr/%ec%a1%b0%ec%9d%80%eb%82%98%eb%9e%98-%eb%8f%84%eb%9d%bc%ec%a7%80%ec%a0%95%ea%b3%bc-500g-%ec%84%a4-%ec%b6%94%ec%84%9d-%eb%b6%80%eb%aa%a8%eb%8b%98-%ec%83%81%ea%b2%ac%eb%a1%80-%ec%96%b4%eb%b2%84%ec%9d%b4/,irrelevant,yes,,review_required,0.563246
1,D_중간대역,19911,7,카카오,naver_api_hub,'모두의 AI' 주인공은 카카오·SKT·KT···연내 진짜 승부 시작된다,"SK텔레콤과 카카오, KT를 선정했다. 세 사업자는 각각 실행형 AI, 국민 메신저, 통신·포털 등 자신들이... SK텔레콤, 카카오, KT 컨소시엄을 사업 수행기관으로 선정했다고 28일 밝혔다. 서면평가에서는 AI 모델 및...",http://www.enewstoday.co.kr/news/articleView.html?idxno=2464134,relevant,no,,rejected,0.980731
1,B_확신거절,19510,3,에이블리,kakao_daum,뜨개 비즈 키링 만들기!,"어렵고, 따라 하려니 막막했던 분들! 혼자 하기 부담스러웠다면, 지금이 기회입니다! 현재 솜씨당, 에이블리 같은 공예 플랫폼에서 키트 제작과 소규모 클래스를 준비 중이며, 앞으로 클래스 확장을 계획하고...",https://kluboapp.com/team/detail/1202,irrelevant,no,,rejected,0.062153
1,B_확신거절,16956,8,네이버,kakao_daum,제네시스 gv80 하이브리드 가격 출시 예상가와 2.5 터보 가격 차이,원 인상 예상 단순 가격 상승이 아닌 전동화 전환 비용 및 브랜드 프리미엄 반영 🔎 관련 정보 확인하기 네이버 인플루언서: 프리보이의 홈 자세히 보기 → 2.5 터보와 하이브리드 모델의 효율성 차이는 어느 정도...,https://guide.infotipguide.com/%ec%a0%9c%eb%84%a4%ec%8b%9c%ec%8a%a4-gv80-%ed%95%98%ec%9d%b4%eb%b8%8c%eb%a6%ac%eb%93%9c-%ea%b0%80%ea%b2%a9-%ec%b6%9c%ec%8b%9c-%ec%98%88%ec%83%81%ea%b0%80%ec%99%80-2-5-%ed%84%b0%eb%b3%b4-%ea%b0%80/,irrelevant,yes,,rejected,0.038581
1,D_중간대역,35510,4,마켓컬리,kakao_daum,많이 이용된 논문(최근 1년 기준),"pp.68-69 3 이용수:104회 감성분석을 활용한 온라인 식품 유통 플랫폼 브랜드 개성 측정 연구 : 마켓컬리와 이마트몰을 중심으로 김나현, 엄성원, 임병학 한국마케팅관리학회 한국마케팅관리학회 학술대회 지구적...",https://www.earticle.net/Journal/MostRead/1029,irrelevant,no,,accepted,0.715578
1,B_확신거절,15462,8,네이버,kakao_daum,셔틀버스,"위치정보 가야테마파크 출발, 도착 하행 셔틀차량 탑승위치(인제대학교 버스정류장, 정류장 No.1166) 네이버 지도 보러가기 경전철 인제대역 1번출구 셔틀차량 탑승위치(상ㆍ하차 동일위치) 네이버 지도 보러가기...",https://gtp.ghct.or.kr/content/info05,irrelevant,no,,rejected,0.004327
1,E_커뮤니티회수,20644,9,쿠팡,kakao_daum,쿠팡 처음가면 일당 얼마임?,친구 야간해서 20받던데 얼마나 오래다닌거지,https://gall.dcinside.com/mgallery/board/view/?id=coupangar&no=385699,relevant,no,,review_required,0.653077
1,E_커뮤니티회수,23750,7,카카오,kakao_daum,폴드8 ai구독클럽 vs 카카오x카드사 vs ai구독클럽x카카오 - 디지털 (컴퓨터/폰/IT) - 에펨코리아,폴드 8 보험 가입 어떤게 가장 좋은거야? ai구독이랑 카카오 섞는건 뭐가 좋길래 그렇게 하는거?,https://www.fmkorea.com/10267788558,irrelevant,no,,accepted,0.957571
1,E_커뮤니티회수,11181,1,올리브영,kakao_daum,올영 가서 구경이나 하고 올까..,흐음,https://gall.dcinside.com/board/view/?id=comic_new6&no=5934898,uncertain,no,일상 이야기,accepted,0.852531
1,A_확신통과,14817,6,11번가,kakao_daum,[11번가 테마쇼핑] 11번가에서 한 번에 준비하는 새 학기 필수템 - 전자신문,"신학기가 시작됐다. 어린이집·유치원 원아부터 초·중·고등학생까지 모두 2학기 준비에 바쁜 요즘, 11번가가 제안하는 다양한 새 학기 필수템을 만나보자. 미취학 및 초등학교 저학년 아이들에게 많은 사랑을...",https://www.etnews.com/20260827000069?SNS=00002,relevant,no,,accepted,0.981079
1,D_중간대역,37102,9,쿠팡,kakao_daum,이준영 포핸즈 시청률 상승 원인과 송강과의 관계성 분석,"케미스트리가 시청자 호기심 자극 피아노라는 소재를 활용한 감각적인 연출로 차별화 성공 이 포스팅은 쿠팡 파트너스 활동의 일환으로, 이에 따른 일정액의 수수료를 제공받습니다. 송강과 이준영의 실제 나이와...",https://infolife.infowid.com/%ec%9d%b4%ec%a4%80%ec%98%81-%ed%8f%ac%ed%95%b8%ec%a6%88-%ec%8b%9c%ec%b2%ad%eb%a5%a0-%ec%83%81%ec%8a%b9-%ec%9b%90%ec%9d%b8%ea%b3%bc-%ec%86%a1%ea%b0%95%ea%b3%bc%ec%9d%98-%ea%b4%80%ea%b3%84%ec%84%b1/,irrelevant,yes,,accepted,0.712907
1,E_커뮤니티회수,15939,1,올리브영,kakao_daum,중랑구 유일의 펌프 고고오락실 후기,직빵으로 쏴줘도 약함 카드리더기 지원하고 정수기 신발장 없음 주변에 든킨 베라 약국 롯데리아 이마트 올영 농협은행 등 있음 먹골역 1번출구에서 직진 50미터라 교통은 편해서 주민이면 오며가며 할만은 한데...,https://gall.dcinside.com/mini/board/view/?id=pumpitup&no=264676,irrelevant,no,,accepted,0.818753
1,C_경계,36665,5,SSG,kakao_daum,신세계 인터네셔널 어때?,복지나 워라밸? 업무강도! 마케팅이랑 디자인 쪽으로! tag 신세계인터내셔날 Mac을 구입하기 딱 좋은 때는 바로 지금. 좋아요좋아요 댓글댓글 공유하기 카카오톡 페이스북 트위터 링크복사 퍼가기,https://www.teamblind.com/kr/post/%EC%8B%A0%EC%84%B8%EA%B3%84-%EC%9D%B8%ED%84%B0%EB%84%A4%EC%85%94%EB%84%90-%EC%96%B4%EB%95%8C-g25svm84,relevant,no,,review_required,0.650509
1,E_커뮤니티회수,12140,2,무신사,kakao_daum,한소희 이도현 광고 같이찍었네,무신사,https://gall.dcinside.com/board/view/?id=drama_new3&no=24122563,relevant,no,,accepted,0.891046
1,D_중간대역,35539,4,마켓컬리,kakao_daum,삼성카드 포인트몰 바로가기 https://shopping.samsungcard.com,"제휴처에서 사용할 수 있습니다. 공식 삼성카드 안내에 따르면 보너스포인트 주요 사용처에는 올리브영, 컬리, G마켓, SSG.COM, CU, 파리바게뜨, 배스킨라빈스, 투썸플레이스 등이 포함되어 있습니다. 온라인...",https://limeade.kr/samsungcard-pointmall/,irrelevant,no,,rejected,0.672663
1,C_경계,39058,5,SSG,naver_api_hub,"삼성전자, 119만원부터 시작하는 '실속형 노트북' 출시",구매 고객에게 △네이버페이 5만 포인트 △후기 작성 시 올리브영 5만원 상품권 △매장 픽업 서비스 이용 시 신세계 3만원 상품권을 증정한다. 삼성전자는 체험단과 프로모션 기간 구매 고객 모두에게 한컴 삼성...,https://www.cstimes.com/news/articleView.html?idxno=718898,irrelevant,no,,review_required,0.008345
1,B_확신거절,17347,9,쿠팡,naver_api_hub,"농구 월드컵 아시아 예선, 28일 레바논과 W4 경기 시작…중계 볼 수 있는...","아시아예선 Window4 사우디아라비아와의 경기가 예정돼 있다. 중계방송은 OTT 쿠팡플레이에서 시청할 수 있다. 농구 월드컵 예선 이후 오는 9월 4일, 6일에는 아시안게임을 앞두고 필리핀과의 평가전이 예정돼 있다.",https://www.topstarnews.net/news/articleView.html?idxno=16175112,irrelevant,no,,rejected,0.005921
1,E_커뮤니티회수,17252,1,올리브영,kakao_daum,도보배달 먼거는 다 거절치니까 할 콜이 없네,픽업지에서 5분 넘어갈거 같은 거리는 다 거절치니까 할 콜이 없네 어렵다 어려워 나도 걍 올리브영 같은것만 들어오면 좋겠다ㅠ,https://gall.dcinside.com/mini/board/view/?id=coupangeats&no=858143,irrelevant,no,,accepted,0.916346
1,D_중간대역,21336,7,카카오,kakao_daum,모두의 AI 관련주 TOP7 수혜주·대장주·ETF 관련 주식 종목 2026 전망 순위,입니다. 특히 2026년 8월 28일 과학기술정보통신부가 모두의 AI 프로젝트를 수행할 사업자로 SK텔레콤·카카오·KT 컨소시엄을 최종 선정하면서 관련 종목에 대한 관심도 커지고 있는데요. 이번 사업은 단순히...,https://hohoblog.co.kr/modu-ai-related-stocks-etf-2026/,relevant,no,,rejected,0.93977
1,D_중간대역,36892,8,네이버,kakao_daum,매거진,"롯데센터 하노이처럼 해외 랜드마크를 맡았고, 서울숲 갤러리아 포레 같은 주거 공간을 다뤘다. 네이버 1784와 펍지(PUBG)의 사옥처럼 성격이 다른 오피스가 있는가 하면, 부산 파라다이스처럼 호텔·리조트도...",https://koreabuild.co.kr/bexco/magazine/p/197/,irrelevant,no,,accepted,0.706308
1,C_경계,19327,2,무신사,naver_api_hub,"무신사, 일본 거래액 7개월 만에 지난해 연간 수준 도달",무신사 재팬이 일본 시장에서의 올해 거래액이 약 7개월 만에 지난해 연간 거래 규모에 도달했다고 27일 밝혔다. 무신사는 2021년 일본 법인을 설립한 뒤 글로벌 스토어 운영과 현지 오프라인 행사를 병행하며 일본...,http://www.lawissue.co.kr/view.php?ud=202608272024555180204ead0791_12,relevant,no,,review_required,0.440094
1,D_중간대역,11549,1,올리브영,naver_api_hub,모다모다 '원스텝 이지 커버 버블 샴푸' 초도 물량 완판,"모다모다는 초도 완판 기세를 몰아 오는 8월 30일부터 9월 5일까지 진행되는 올영세일에 맞춰 버블 샴푸 1만 개를 긴급 추가 공급하고, 44% 단독 할인 프로모션을 전개할 예정이다.",http://www.ftoday.co.kr/news/articleView.html?idxno=364229,irrelevant,no,,accepted,0.865821
1,B_확신거절,37191,7,카카오,kakao_daum,가야왕도마라톤 2026,"재위탁받는 자(수탁자) : (주)아임웹 → (주)버디야 위탁하는 업무의 내용 : 참가 안내 문자메시지 발송, 카카오톡 알림톡 및 정보성 메시지 발송 업무 ② 회사는 위탁계약 체결 시 개인정보 보호법 제25...",https://gimhaemarathon.imweb.me/32,irrelevant,no,,rejected,0.0075
1,A_확신통과,12880,2,무신사,naver_api_hub,"7개월 만에 작년 실적 넘었다…무신사, 日 사업 '고속 성장'",무신사의 일본 사업이 성장세를 이어가고 있다. 올해 무신사 글로벌 스토어의 일본 지역 거래액은 약 7개월 만에 지난해 연간 거래액 수준에 도달했다. '무신사 스테이션 인 하라주쿠' 팝업 스토어 방문객 모습 (사진...,https://www.edaily.co.kr/News/Read?newsId=02656806645551584&mediaCodeNo=257,relevant,no,,accepted,0.930253
1,A_확신통과,6390,7,카카오,kakao_daum,비즈워치,"증권가 목표가 일제히 상향 코리아에프티, 상반기 부진에도 하반기 실적 전망 ‘맑음’ 신영증권 ""카카오 인적분할 리스크 크지 않을 것""...목표가 7만원 유지 美 반도체주 약세 여파…코스피 장 초반 4%대 하락...",https://www.bizwatch.co.kr/?c=10,relevant,no,,accepted,0.93999
1,A_확신통과,21709,7,카카오,naver_api_hub,"""지금도 9%대인데 더 오른다""…기준금리 3% 시대, 빚투 개미 비명","토스증권은 91일 이상에 9.2% 금리를, 카카오페이증권은 기간과 관계없이 9% 단일 금리를 적용한다. 하나증권 역시 180일 초과 대출에 9% 금리를 적용하고 있다. 예탁증권담보대출 금리는 연 2.82~3.15% 수준인 조달금리에 연...",https://www.newsis.com/view/NISX20260828_0003766951,irrelevant,no,,accepted,0.939672
1,E_커뮤니티회수,15340,5,SSG,kakao_daum,국대 에픽 이렇게 이해한게 맞나요?,"정리해봤는데 이렇게 이해한게 맞죠? 두산 3 이종욱, 장원준, 이현승 삼성 1 차우찬 한화 2 이범호, 문동주 롯데 2 윤동희, 박세웅 기아 1 김도영 키움 0 SSG 1 최지훈 LG 2 박동원, 이진영 NC 1 김주원 KT 1 박병호",https://gall.dcinside.com/mgallery/board/view/?id=com2usbaseball&no=330162,irrelevant,no,,accepted,0.934138
1,B_확신거절,21397,9,쿠팡,naver_api_hub,[전라 Insight] 주말에 뭐 볼까…'오디세이' 흥행 속 다시 주목받는 신화...,△ 영웅들의 대서사시 '트로이' / 웨이브·쿠팡플레이·애플TV·넷플릭스 / 2004 고대 그리스 서사시 '일리아스... △ 신과 인간의 운명을 건 전쟁 '타이탄' / 쿠팡플레이·애플TV / 2010 그리스 신화 속 영웅 페르세우스의 모험을...,http://www.jeollailbo.com/news/articleView.html?idxno=809405,irrelevant,no,,rejected,0.017672
1,E_커뮤니티회수,40243,7,카카오,kakao_daum,g7 pro 8k 4.65만,선 3줄요약 1. 회원가입 할 필요 없음 -> 네이버나 카카오로 sns로그인 2. 카드등록 할 필요 없음 -> 네페나 카카페로 ㄱ 3. 첫구매만 6.5만 할인임 나도 아카라이브에서 본거고 쉬인 앱 검색하면 위짤같은 뭔...,https://gall.dcinside.com/mgallery/board/view/?id=desktopcomputer&no=111655,irrelevant,yes,,review_required,0.302196
1,B_확신거절,35031,1,올리브영,kakao_daum,영상에서 바로 사는 쇼퍼블 비디오: 유튜브 쇼핑과 틱톡샵,"개가 넘는 영상에 제품 태그가 적용됐습니다. 카페24·스마트스토어에서 직접 상품을 연동하거나, 올리브영·컬리·오늘의집 제휴 플랫폼에 입점해 있는 제품을 태그할 수 있습니다. 네이버 클립은 쇼핑 커넥트...",https://www.openads.co.kr/content/contentDetail?contsId=20130,irrelevant,no,,rejected,0.036577
1,E_커뮤니티회수,15763,1,올리브영,kakao_daum,"gs 주유소 에너지 플러스 쿠폰 kt, 올리브영","gs 주유소 에너지 플러스 쿠폰 kt, 올리브영 등록일 2026-08-27 13:30 조회수 629",https://www.ppomppu.co.kr/zboard/view.php?id=money&no=547239,irrelevant,yes,,review_required,0.380943
1,C_경계,40470,9,쿠팡,kakao_daum,2027년 공무원 봉급 인상률 3.9% 확정으로 9급 초임 300만원 달성,"완화 및 최저임금 상승분 적극 반영 정부 및 한국은행의 물가상승률 전망치를 고려한 결정 이 포스팅은 쿠팡 파트너스 활동의 일환으로, 이에 따른 일정액의 수수료를 제공받습니다. 9급 공무원 1호봉 실제...",https://infolife.infowid.com/2027%eb%85%84-%ea%b3%b5%eb%ac%b4%ec%9b%90-%eb%b4%89%ea%b8%89-%ec%9d%b8%ec%83%81%eb%a5%a0-3-9-%ed%99%95%ec%a0%95%ec%9c%bc%eb%a1%9c-9%ea%b8%89-%ec%b4%88%ec%9e%84-300%eb%a7%8c%ec%9b%90-%eb%8b%ac%ec%84%b1/,irrelevant,yes,,review_required,0.674551
1,D_중간대역,20434,7,카카오,naver_api_hub,전 국민 AI 시대 열린다…SKT·카카오·KT 최종 선정,"SK텔레콤, 카카오, KT 등 3개 컨소시엄이 수행 기관으로 최종 선정됐다. (사진=각 사 로고) 정부가 세계 최고... 과학기술정보통신부는 서면 심사와 발표 평가를 거쳐 SK텔레콤, 카카오, KT 등 3개 컨소시엄을 수행 기관으로...",https://theopiniontimes.news/%ec%a0%84-%ea%b5%ad%eb%af%bc-ai-%ec%8b%9c%eb%8c%80-%ec%97%b4%eb%a6%b0%eb%8b%a4skt%c2%b7%ec%b9%b4%ec%b9%b4%ec%98%a4%c2%b7kt-%ec%b5%9c%ec%a2%85-%ec%84%a0%ec%a0%95/,relevant,no,,rejected,0.981664
1,D_중간대역,37066,8,네이버,kakao_daum,비즈워치,"지금부터…미국 공략 나선 올리브영 2000원도 비싸다…올리브영, 다이소 공세에 '가성비'로 맞불 '네이버+컬리'의 힘…장보기 손님 10배 늘었다 Inside Story'초심' 잃은 컬리, '냉기' 잃은 샛별배송 폭염에 녹아...",https://www.bizwatch.co.kr/?c=10,relevant,no,,rejected,0.627327
1,E_커뮤니티회수,16295,9,쿠팡,kakao_daum,캠프(센터 아님) 세척 짧은 후기,"세척은 ""빨래""만 하는 게 아니라 ""빨랫감 준비와 세척과 다시 포장 완료까지""하는 게 세척이더라 주요 빨랫감은 쿠팡 후레시 박스 그거 주로 계약직들이 편하게 서서 기계에 한 명이 넣고 한 명이 빼고 알바들은...",https://gall.dcinside.com/mgallery/board/view/?id=coupangar&no=383770,relevant,no,,accepted,0.853421
1,D_중간대역,13331,5,SSG,naver_api_hub,"이마트 월계점, 서울 첫 '스타필드 마켓'으로 리뉴얼…""영패밀리 커뮤니...","신세계팩토리스토어와 데카트론, ABC마트 등도 문을 연다. 오는 10월에는 이마트의 초저가 생활용품 전문관 '와우샵', 11월에는 유니클로와 무인양품이 추가로 입점할 예정이다. 영업 공간 일부를 휴식·문화시설과 외부...",https://www.pinpointnews.co.kr/news/articleView.html?idxno=480905,relevant,no,,rejected,0.936801
1,A_확신통과,35255,1,올리브영,naver_api_hub,"토리든, 올리브영 산리오 컬래버 캠페인 참여… 최대 53% 할인",립캡을 함께 증정하는 올리브영 기획 세트로 선보여 소장 욕구를 불러일으킨다. 토리든은 산리오캐릭터즈 에디션 출시를 기념해 이달 30일부터 다음 달 5일까지 진행되는 올영세일 기간 동안 최대 53% 할인 혜택을 제공한다.,http://www.bokuennews.com/news/article.html?no=283367,irrelevant,no,,accepted,0.975007
1,D_중간대역,35018,1,올리브영,kakao_daum,비즈워치,"보험사 몫은 줄었다 [숫자로 본 카뱅·BNK]순익 격차, 반년새 1200억원 벌어졌다 서울 찍고 전국으로…올리브영, 'K관광 인프라' 됐다 [르포]K뷰티 다 모였다…미국에서 열린 첫 '올리브영 페스타' [르포]K뷰티...",https://www.bizwatch.co.kr/?c=10,relevant,no,,rejected,0.521331
1,E_커뮤니티회수,6202,2,무신사,kakao_daum,무신사 난 합배송이라는데???,그 뭐 종나 빠른배송 이런거 한 애들만 아직 포카없어서 못받는거 아니냐? ㅋㅋㅋㅋㅋㅋㅋ,https://gall.dcinside.com/mgallery/board/view/?id=rescene1&no=366962,irrelevant,no,,accepted,0.950075
1,A_확신통과,18963,4,마켓컬리,naver_api_hub,돈 쏟아붓는 이마트...스타필드 DNA 이식하는 이유,이마트가 서울에 첫 번째 스타필드 마켓을 오픈했다. 이는 쿠팡·네이버·컬리 등 온라인 플랫폼에 대항하기 위한 이마트의 차별화 점포다. 이마트는 2024년 스타필드 마켓 1호점인 죽전점을 시작으로 핵심 점포를...,https://economist.co.kr/article/view/ecn202608270060,relevant,no,,accepted,0.938354
1,E_커뮤니티회수,18982,4,마켓컬리,kakao_daum,[란123] 네이버페이 48원 + 랜덤 포인트 받으세요 (+기타 313원),바로적립 15원 https://campaign2.naver.com/npay/v2/click-point/?eventId=cr_2026080701_2608_1050 # 컬리N마트 15원 https://campaign2.naver.com/npay/v2/click-point/?eventId=cr_2026080104_2608_1835...,https://www.ppomppu.co.kr/zboard/view.php?id=freeboard&no=10097401,irrelevant,yes,,review_required,0.304493
1,A_확신통과,20751,7,카카오,naver_api_hub,"SKT·카카오·KT, ‘모두의 AI’ 최종 선정…연내 서비스","SK텔레콤과 카카오, KT가 전 국민 대상 인공지능(AI) 서비스 구축 사업인 '모두의 AI' 프로젝트 수행기관으로... 과학기술정보통신부는 '모두의 AI' 프로젝트 수행기관으로 SK텔레콤·카카오·KT가 각각 이끄는 3개...",https://www.ekn.kr/web/view.php?key=20260828027017686,relevant,no,,accepted,0.981643
1,D_중간대역,18128,1,올리브영,naver_api_hub,CJ올리브네트웍스 웅진씽크빅 外(여기 유통 이슈),"CJ올리브네트웍스,유인상,웅진씽크빅,윤승현,이마트,한채양 'Girls Can Do IT 2026' 해커톤 참가자가 기념촬영을 하고 있다. CJ올리브네트웍스 제공 AI 요리 해커톤 성료= CJ올리브네트웍스(대표 유인상)가 여중생 30명을...",https://www.newsclaim.co.kr/news/articleView.html?idxno=3073423,relevant,no,,rejected,0.3
1,C_경계,37240,6,11번가,kakao_daum,11번가,,http://m.11st.co.kr/products/m/22242663?prdNo=22242663,irrelevant,no,,review_required,0.662492
2,C_경계,36274,9,쿠팡,kakao_daum,kt 유튜브 프리미엄 라이트 업그레이드 방법 10분컷. 직접 변경 찐후기!,우리에게 소소한 도움이 될 다른 꿀팁들. 이런 것도 쭉- 정리했으니 한번 보도록 하자. 쿠팡 중고 이어폰 판매 후기 → 쿠팡에서 이런 기능도 제공한다. 안 쓰는 에어팟을 중고로 판매해봤다. 갤럭시 폴드8 스펙...,https://byemeng.com/kt-%ec%9c%a0%ed%8a%9c%eb%b8%8c-%ed%94%84%eb%a6%ac%eb%af%b8%ec%97%84-%eb%9d%bc%ec%9d%b4%ed%8a%b8-%ec%97%85%ea%b7%b8%eb%a0%88%ec%9d%b4%eb%93%9c-%eb%b0%a9%eb%b2%95-10%eb%b6%84%ec%bb%b7-%ec%a7%81/,irrelevant,yes,,review_required,0.590551
2,A_확신통과,13024,1,올리브영,naver_api_hub,“AI 활용 능력이 더 중요”…개발자 채용서 사라지는 코딩테스트,크래프톤과 CJ올리브영이 7월 30일 진행한 해커톤 모집 이미지(사진=코파톤 홈페이지 갈무리) 넥슨은 지난... CJ올리브영은 지난 7월 진행한 개발 직군 경력직 공개채용에서 기존 라이브 코딩 대신 ‘AI 과제’ 전형을...,https://www.edaily.co.kr/News/Read?newsId=01521926645551584&mediaCodeNo=257,incidental,no,,accepted,0.938038
2,B_확신거절,11938,2,무신사,naver_api_hub,"KT, '모두의 AI' 통해 AI 대중화 선도한다","KT 컨소시엄은 무신사, 직방, 다음, EBS, 메스프레소, 솔트룩스, BC카드 등 국민 생활 전반에서 폭넓은 서비스... 쇼핑 분야에선 전체 약 1700만 명의 이용자를 보유한 패션 플랫폼 무신사의 AI 기반 쇼핑 서비스 경험을...",https://www.nocutnews.co.kr/news/6568406,incidental,no,,rejected,0.010471
2,D_중간대역,18238,5,SSG,kakao_daum,진정한 게이머들의 필수 레벨 업 코스: 일본에서 게임하기,게임을 향한 열정을 체험할 수 있습니다. 아키하바라: 게임 문화의 살아 있는 심장 초보자에게 신세계를 선사하는 아키하바라! 줄여서 ‘아키바’라고도 불리는 아키하바라는 두말할 것 없이 도쿄의 게임과...,https://www.japan.travel/ko/kr/japan-magazine/where-serious-players-go-to-level-up-gaming-in-japan/,irrelevant,no,,accepted,0.724318
2,F_플랫폼기업,12839,7,카카오,kakao_daum,세계 최대 농기계 시장 : Agriis Mobile Search forum,"gil, Oga-myeon, Yesan-gun, Chungcheongnam-do, Korea TEL. +82-41-333-3088 | FAX +82-41-333-0444 © AGRIIS. All rights reserved. Home BUY SELL Shop MY 공유하기 × 카톡 카카오톡 문자 SMS 링크 URL 복사",https://m.agriis.co.kr/m/searchmorem.php?where=3&kword=&language=E,irrelevant,yes,,rejected,0.004057
2,A_확신통과,18900,5,SSG,kakao_daum,"오비맥주 카스 논알코올, 외식부터 축제까지 '소비자 접점' 넓힌다 - 경제 | 기사 - 더팩트",파크에서도 카스 제로를 알렸다. 프로야구에서도 카스의 무·논알코올 제품을 함께 알렸다. 지난달 열린 SSG랜더스와 진행한 '카스데이(CASS DAY)'에서는 성인 관람객에 카스 프레시 아이스와 리뉴얼한 카스 레몬...,https://news.tf.co.kr/read/economy/2358962.htm,irrelevant,no,,accepted,0.939465
2,C_경계,17016,6,11번가,naver_api_hub,"파스쿠찌, 가을 맞아 흑임자 음료 디저트 출시","다음 달 7일부터 13일까지 해피앱 테이스팅 위크를 통해 흑임자 제품 구매 고객에게 아메리카노 증정 쿠폰을 제공하며, 21일 오후 8시에는 11번가 라이브 방송을 통해 신제품을 최대 25% 할인된 가격에 판매할 예정입니다....",https://news.bbsi.co.kr/news/articleView.html?idxno=4103178,irrelevant,no,,review_required,0.381836
2,E_커뮤니티,13851,9,쿠팡,kakao_daum,쿠 물류 새퀴들 세후400 벌었더라,여름이 쿠팡 성수기 인센티브 뿌려서 일당 15 이래서 일용직으로 한달에 세후400 번 새퀴도 있고 내년 여름엔 인센티브 좃나게 받고 나도 쿠 물류해야지 밥배달은 35도 여도 단가 2500 원 이지랄,https://gall.dcinside.com/mini/board/view/?id=coupangeats&no=857430,relevant,no,,accepted,0.922659
2,E_커뮤니티,17105,9,쿠팡,kakao_daum,"팔도 비락식혜 제로, 238ml, 24개 : MLBPARK","식품 URL ⓘ 해당 링크를 통해 상품을 구매할 때, 엠엘비파크는 소정의 커미션을 받습니다. https://www.coupang.com/vp/products/8017247014 쇼핑몰 쿠팡 가격 11,800원 배송료 0원 ‌ 개당 491원입니다! 추천0공유",https://mlbpark.donga.com/mp/b.php?p=1&b=bullpen&id=202608270118285629&select=&query=&shop=&subselect=&subquery=&user=&site=donga.com&reply=&pos=&sig=h6jLHl2gihXRKfX2hda9RY-A5mlq,irrelevant,yes,,rejected,0.29826
2,E_커뮤니티,13076,1,올리브영,kakao_daum,아거 라로슈포제 짭 아니죠?,위에 올리브영 문구 붙어있으면 웬만하면 짭 아니겠죠?,https://gall.dcinside.com/board/view/?id=cosmetic&no=1537886,incidental,no,,accepted,0.930803
2,E_커뮤니티,41263,5,SSG,kakao_daum,극래 친척이 신세계 어쩌고라고 하더니,기류 읽고 민첩하게 나갔노,https://gall.dcinside.com/board/view/?id=m_entertainer_new1&no=24636184,irrelevant,no,,accepted,0.97212
2,E_커뮤니티,14802,9,쿠팡,kakao_daum,택개비사 티어 최신표,롯데한진 < 같이함 - 구역넓음(물량이 없으니까) 우체국 - 그냥 ㅅㅂ 왜하는지 모르겠음 로젠 < 일요일빼고 만난적이없어 ㅋㅋㅋㅋ 쿠팡 - 구역 넓음 CJ가 좋아보이지만 나처럼 그나마 좋은자리 한사람만 좋음ㅇㅇ,https://gall.dcinside.com/mgallery/board/view/?id=parcel&no=84209,relevant,no,,accepted,0.925444
2,C_경계,15218,9,쿠팡,kakao_daum,애드이피션시,"단기 성과는 물론, 장기적인 브랜드 성장을 고려한 통합 리테일 컨설팅을 제공합니다. 쿠팡을 가장 잘 아는 사람들 쿠팡 출신 AE를 주축으로, 테크·빅데이터·디자인이 원팀으로 움직입니다. 다양한 브랜드의...",https://www.adefficiency.com/work/coupang,irrelevant,yes,,review_required,0.458232
2,E_커뮤니티,15207,9,쿠팡,kakao_daum,쿠팡이츠 BHC 계속 8천원 쿠폰 주네 - 치지직 - 에펨코리아,진짜 나 돼지 만들려고 미쳤지,https://www.fmkorea.com/10263109408,irrelevant,no,,review_required,0.42202
2,B_확신거절,19164,9,쿠팡,naver_api_hub,"[그래도 K리그] “루이스, 친정 김포에 비수 겨눈다”...이정효vs고정운...","◆ ‘하나은행 K리그2 2026’ 24라운드 일정 안산 : 대구 [8월 28일(금) 오후 7시 30분 안산와~스타디움 / IB SPORTS, 쿠팡플레이] 전남 : 천안 [8월 28일(금) 오후 7시 30분 광양축구전용구장 / BALL TV, 쿠팡플레이] 김포 : 수원 [8월...",https://news.tf.co.kr/read/soccer/2358606.htm,irrelevant,no,,rejected,0.004833
2,B_확신거절,19184,9,쿠팡,naver_api_hub,[패트롤]대구시의회-대구북구-수성구-대구남구-영남이공대-대구보건대,영남이공대학교는 27일 오후 1시 교내에서 '2026년 쿠팡풀필먼트서비스(CFS) 대구·경북 채용페스타'를 개최했다고 밝혔다. 고용노동부 일자리첫걸음보장센터 사업의 하나로 마련된 이번 행사는 지역 미취업 청년들에게 AI...,https://www.ekn.kr/web/view.php?key=20260827029187518,irrelevant,no,,rejected,0.012532
2,A_확신통과,15828,5,SSG,naver_api_hub,다시 쪼개지는 SSG닷컴…신세계 남매 계열분리 '마무리 수순' [종합],탄생한 SSG닷컴이 출범 7년 만에 다시 둘로 나뉜다. 그로서리와 라이프스타일 사업을 각각 별도 법인으로 분리하면서 정용진 이마트 회장과 정유경 신세계 회장 간 계열분리 작업도 사실상 마무리 수순에 접어들었다. SSG...,https://www.hankyung.com/article/202608276704g,relevant,no,,accepted,0.982756
2,D_중간대역,15362,9,쿠팡,kakao_daum,충청·세종 <충북>,"농산물 전자상거래 플랫폼인 ‘온충북’을 30일 개설했다고 밝혔다. 도가 이번에 개설한 ‘온충북’은 그동안 쿠팡, 11번가 등 대형 이커먼스를 통해 분산되어 판매해 온 온라인 농특산물 판매시장을 확대하기...",https://cc.newdaily.co.kr/news/section_list_all.html?catid=5&pn=433,incidental,no,,accepted,0.767502
2,E_커뮤니티,22528,7,카카오,kakao_daum,해장런 10k,술먹고 다음날은 너무 힘들다 ㅠㅠ 6k지나고 카카오 바이크 타려고 찾고 있는 나를 봄 정신을 가다듬고 겨우 10k 완료 난 새벽반이 잘 맞나벼..,https://gall.dcinside.com/mgallery/board/view/?id=running&no=1118949,irrelevant,no,,accepted,0.928661
2,D_중간대역,40854,6,11번가,kakao_daum,"“선물도 취향 따라”…유통업계, 추석 맞아 선물·프로모션 확대",통해 상대방의 주소를 몰라도 연락처만으로 상품을 보낼 수 있도록 해 비대면 선물 수요도 겨냥했다. 11번가 역시 오는 6일까지 ‘추석 미리 채움’ 프로모션을 진행하며 보리굴비·은갈치·나주 배·한우 등...,https://www.hankooki.com/news/articleView.html?idxno=342354,relevant,no,,rejected,0.593608
2,E_커뮤니티,16089,7,카카오,kakao_daum,저 뭐좀 물어봐도 되나요?,애니내용 따라가는건가요? 어디까지 나오고 어디서 살수있죠..? 그리고 이번에 걸밴크 시크릿 라이브가 카카오 페이지에 연재 된다고 하는데 이것또한 애니내용 따라가는건가요? 오리지널 내용인가요 ? - dc...,https://gall.dcinside.com/mgallery/board/view/?id=gbcry11&no=462864,irrelevant,no,,accepted,0.925083
2,D_중간대역,22797,1,올리브영,naver_api_hub,"""저장이 곧 구매 신호"" '딸깍' 만든 스튜디오포레, 데이터 기업 꿈꾼다...","최민석 대표는 ""유저들이 가보자고에 다이소의 유용한 제품이나 올리브영 할인 정보 같은 것을 저장하는 모습을 보면서, 사람들에게는 지금 저장할 만한 공간 자체가 없다는 걸 파악했다""고 말했다. 이후 여행이라는...",https://it.donga.com/109429/,irrelevant,no,,rejected,0.940157
2,A_확신통과,5622,1,올리브영,naver_api_hub,"애경산업 루나, 성수·명동 ‘넘버1 컨실러’ 팝업…29일부터",30일에는 CJ올리브영의 올영세일과 연계한 구매 인증 이벤트도 진행한다. 당일 올리브영에서 루나 제품을 구매한 고객이 구매 내역을 인증하면 제품을 추가로 증정한다. 루나 브랜드 담당자는 “성수와 명동 등 주요...,https://biz.heraldcorp.com/article/10852533,incidental,no,,accepted,0.903951
2,B_확신거절,16684,1,올리브영,naver_api_hub,"[금융家 브리핑] 포용금융, 생산적 금융으로···지원 정책 넓혀가는 금...","앱 카드로 결제시 올리브영, GS25, 이마트 등의 제휴 브랜드에서 할인 혜택을 제공해 고객 혜택도 강화했다. 이용자의 간편 결제를 지원하는 'KB Pay 탭앤페이', '결제 mini' 등도 지원한다. KB국민카드 관계자는 ""이번 성과는...",https://www.smartbizn.com/news/articleView.html?idxno=152306,incidental,no,,rejected,0.009539
2,F_플랫폼기업,15812,8,네이버,kakao_daum,딜바다::틱톡 라이트 출금 틱톡 라이트 친구초대 포인트 받는 방법과 현금화 조건 > 재테크포럼,"본인인증, 연령 확인, 계좌 또는 간편결제 수단 연결이 필요할 수 있습니다. 또한 포인트는 현금, 네이버페이, 페이코 등으로 전환 가능한 방식이 안내되는 경우가 있지만, 실제 제공 수단은 이벤트와 시점에...",http://www.dealbada.com/bbs/board.php?bo_table=forum_money&wr_id=171433,irrelevant,no,,rejected,0
2,B_확신거절,20023,9,쿠팡,naver_api_hub,“장 보러 마트 안 간다”…카드 혜택도 쿠팡·컬리 중심 재편,"응답자 2명 중 1명 이상이 네이버와 쿠팡, 컬리 등 온라인 채널에서 주로 장을 본다는 의미다. 대형마트는... 우리카드 '카드의정석2 SHOPPER'는 쿠팡과 네이버플러스 스토어, 컬리 등 온라인몰을 비롯해 대형마트...",http://www.joseilbo.com/news/news_read.php?uid=574652&class=18&grp=,relevant,no,,rejected,0.011552
2,A_확신통과,19326,2,무신사,naver_api_hub,학교앞 문방구 사라지는데…'문구박람회'엔 사람들 몰리는 이유 [트렌드...,무신사가 운영하는 29CM의 지난 6월 문구류 거래액은 전년 동월 대비 71% 급증했다. 통상 다이어리를 많이 찾는 연말·연초 성수기가 아닌 여름 비수기임에도 다이어리와 플래너 거래액은 90% 이상 폭증했다. 입점한 신진...,https://www.hankyung.com/article/202608275788g,relevant,no,,accepted,0.915174
2,D_중간대역,35613,4,마켓컬리,naver_api_hub,"네이버·컬리 손잡은 '컬리N마트', 1년 만에 거래액 10배…3040 단골 잡았...",네이버와 컬리가 손잡고 선보인 장보기 서비스 '컬리N마트'가 출시 1년 만에 거래액을 약 10배로 늘렸다. 네이버의 쇼핑·멤버십 이용자 기반과 컬리의 상품·배송 역량을 결합한 가운데 30·40대를 중심으로 반복 구매가...,https://www.dailian.co.kr/news/view/1684562/?sc=Naver,relevant,no,,accepted,0.758874
2,B_확신거절,20350,5,SSG,naver_api_hub,"컴투스, '컴투스프로야구2026' 대규모 업데이트 실시... 박찬호 등 국가...","한화 이글스 문동주, KIA 타이거즈 김도영, SSG 랜더스 김광현 등 KBO리그 스타 플레이어들이 구단별로 5명씩 추가돼 유저들의 수집 재미를 높일 예정이다. 에픽 등급 선수를 영입할 수 있는 '에픽 계약서' 시스템도 새롭게...",https://www.thisisgame.com/articles/429418,irrelevant,no,,rejected,0.007323
2,F_플랫폼기업,11112,8,네이버,kakao_daum,한국항공우주(047810) 주가·종토방·종목토론방·차트,"호재/악재 분석, 매집/평단/손절/익절 같은 한국항공우주 종목토론방 용어가 자주 사용되며, 종토넷은 네이버 증권 종목토론실, 토스증권 커뮤니티와 함께 한국 주식 투자자들이 자주 찾는 종토방 서비스입니다...",https://jongto.net/stock/047810,irrelevant,no,,rejected,0
2,B_확신거절,18505,6,11번가,naver_api_hub,백화점 웃고 대형마트 울고…7월 유통업계 '희비',"등 오프라인 유통업체 15곳과 G마켓·옥션, 11번가, 인터파크, 쿠팡, SSG, AK몰, 홈플러스, 갤러리아몰, 롯데마트, 롯데온, 네이버 등 11개 온라인 유통사의 매출 동향을 집계해 매달 발표한다.",https://www.namdonews.com/news/articleView.html?idxno=921446,relevant,no,,rejected,0.004934
2,B_확신거절,13191,5,SSG,naver_api_hub,"김도영, 개인 최다 39호포…최연소 40홈런 '눈앞'","1대 0으로 앞선 6회 안타 4개, 볼넷 두 개를 묶어 5점을 뽑아내며 승부에 쐐기를 박은 SSG는 한화를 6대 1로 꺾었습니다. 어제(26일) 5개 구장에 7만여 관중이 몰리면서 KBO리그는 역대 최소인 565경기 만에 1천만 관중을...",https://news.sbs.co.kr/news/endPage.do?news_id=N1008723807&plink=ORI&cooper=NAVER,irrelevant,no,,rejected,0.007409
2,F_플랫폼기업,39282,8,네이버,naver_api_hub,“해명도 방송도 진실하지 못해”…업계 선배 전현무 향해 저격 세게 날...,/ 상상출판 제공-네이버 지식백과샤린 캐니언은 중앙아시아의 그랜드 캐니언으로 불리는 협곡이다. 오랜... / 상상출판 제공-네이버 지식백과음식으로는 숯불 꼬치구이인 샤슬릭이 한국인 입맛에 맞는 메뉴로 꼽힌다....,https://www.wikitree.co.kr/articles/1156487,irrelevant,no,,accepted,0.94091
2,B_확신거절,14805,9,쿠팡,kakao_daum,이쁜야시 방수 휴지 티슈케이스 빅,"20,320원 쿠팡에서 구매 [상세정보 확인]",https://www.sisopick.com/product/%EC%B6%9C%EC%82%B0-%EC%9C%A0%EC%95%84%EB%8F%99/%EB%AC%BC%ED%8B%B0%EC%8A%88/%EB%AC%BC%ED%8B%B0%EC%8A%88%EC%95%A1%EC%84%B8%EC%84%9C%EB%A6%AC/%EB%AC%BC%ED%8B%B0%EC%8A%88%EC%9B%8C%EB%A8%B8-%EC%BC%80%EC%9D%B4%EC%8A%A4/%EC%9D%B4%EC%81%9C%EC%95%BC%EC%8B%9C-%EB%B0%A9%EC%88%98-%ED%9C%B4%EC%A7%80-%ED%8B%B0%EC%8A%88%EC%BC%80%EC%9D%B4%EC%8A%A4-%EB%B9%85-%EB%8B%A8%EC%9D%BC%EC%82%AC%EC%9D%B4%EC%A6%88-%EA%B7%B8%EB%A0%88%EC%9D%B4-1%EA%B0%9C--6J3bfAg,irrelevant,yes,,rejected,0.004582
2,C_경계,13698,9,쿠팡,kakao_daum,2026 동행축제 일정 알림 받는 방법 + 할인 잘 되는 품목 TOP,설정 뉴스 / 쇼핑 탭 구독 👉 실제로 가장 빠르게 체감되는 방법 3. 쇼핑몰 앱 푸시 알림 대표 참여 플랫폼 쿠팡 11번가 👉 방법 앱 설치 이벤트 알림 ON “기획전 시작” 푸시 수신 4. 카드사 이벤트 알림 (숨은...,https://www.lifestorylab21.com/2026/04/2026-top.html,irrelevant,yes,,review_required,0.345773
2,F_플랫폼기업,19781,8,네이버,naver_api_hub,"중구, 소상공인 창업아카데미 연다 …상권분석부터 AI 마케팅까지 '알짜...",스마트스토어 상품 상세페이지 구성과 네이버쇼핑 검색 유입 전략 등 온라인 판로 확대를 위한 실무도 배운다. 교육 수료생에게는 서울신용보증재단을 통해 최대 5천만원의 창업자금 연계가 지원된다. 신청은 9월 6일까지...,https://www.gukjenews.com/news/articleView.html?idxno=3677495,irrelevant,no,,rejected,0.045444
2,D_중간대역,6047,2,무신사,naver_api_hub,"래코드, 한국 아티스트 18인과 릴레이 캠페인 전개","한편, 이번 래코드와 서도호 작가의 캡슐 컬렉션은 8월 26일부터 래코드 공식 온라인몰, 코오롱몰, 무신사 및 오프라인 MMCA 스토어에서 선발매되며, 9월 2일부터는 래코드 청담 플래그십 스토어에서도 만나볼 수 있다....",http://okfashion.co.kr/detail.php?number=64024&thread=81r22,irrelevant,no,,accepted,0.859176
2,C_경계,12957,2,무신사,kakao_daum,"아모레퍼시픽 상표 출원 확대, ‘재미랩·넥타린·골든 선셋’에 펫 화장품까지","발표가 있어야 확정할 수 있다. 유니클로 라이프웨어 위크 8월 28일 시작, 7만원 이상 패커블 백 증정 무신사 유즈드 페스티벌 시작, 거래액 12배 성장에 최대 90% 할인 무신사 베트남 진출 본격화, ACFC와...",https://xn--2n1b69z8udca.com/fashion/%ec%95%84%eb%aa%a8%eb%a0%88%ed%8d%bc%ec%8b%9c%ed%94%bd-%ec%83%81%ed%91%9c-%ec%b6%9c%ec%9b%90/,irrelevant,no,,review_required,0.656826
2,E_커뮤니티,20160,7,카카오,kakao_daum,카카오페이 퀴즈 8/28 오전 - 자유쇼핑 - 에펨코리아,정답: 78,https://www.fmkorea.com/10266667827,irrelevant,yes,,accepted,0.726421
2,F_플랫폼기업,42148,8,네이버,naver_api_hub,"[박동선의 머니&엔터] 버추얼 IP, 투자유치 러시 거듭…K팝 주류 '유망주...","나아가 지난 7월 9일 23세기아이들이 네이버 D2SF의 단독 후속 투자를 유치하며 누적 투자금 90억 원을 넘어섰고, 이날 버추얼 그룹 '미라클' 소속사 어코드엔터테인먼트가 프리 시리즈A 단계에서 총 20억 원 규모의 투자를...",https://www.nc.press/news/articleView.html?idxno=625399,incidental,no,,accepted,0.939696
2,F_플랫폼기업,6117,7,카카오,kakao_daum,"'환승연애' 레전드 이별신 김보현, 결혼 발표…""내년 결혼 준비 중""","그는 이번 영상에서 ""환승연애 출연진과는 요즘 거의 연락하지 않는다. 원래 연락을 잘 못 하는 성격이라 카카오톡 메시지가 하나도 안 오는 날도 많다""고 밝혔다. 다시 프로그램에 출연할 의향이 있느냐는 질문...",https://ent.sbs.co.kr/news/article.do?article_id=E10010321160,irrelevant,no,,accepted,0.939961
2,F_플랫폼기업,42150,8,네이버,naver_api_hub,"뜨거워진 GPU, 물로 식힌다… LG CNS·네이버도 뛰어든 데이터센터 액체...",LG CNS는 네이버클라우드와 손잡고 삼송 데이터센터에 액체냉각 기술인 ‘직접 칩 냉각’을 적용할 예정이다. 한국에너지기술평가원과 공동으로 액침냉각 기술 연구도 진행 중이다. AI 인프라 기업 엘리스그룹은...,https://biz.chosun.com/it-science/ict/2026/09/01/G5BYWQVPWREY7FV6ZOPD4ENJKQ/,incidental,no,,accepted,0.980887
2,F_플랫폼기업,21704,7,카카오,naver_api_hub,6곳 경쟁한 ‘모두의 AI’…SKT·카카오·KT 최종 선정,"(SKT)과 카카오, KT 컨소시엄이 최종 선정됐다. 정부는 이들 사업자에게 올해 엔비디아 B200 그래픽처리장치... SKT·카카오·KT 컨소시엄 등 3곳을 사업 수행기관으로 선정했다고 28일 밝혔다. 서면평가에서는 AI 모델과...",https://www.thepowernews.co.kr/view.php?ud=202608281350254852de3f0aa1be_7,relevant,no,,accepted,0.981961
2,A_확신통과,18809,5,SSG,naver_api_hub,"‘신세계 회장 딸’ 애니, 이코노미 타더니…명문대 졸업 후 비즈니스 ...","애니는 신세계 그룹 이명희 총괄회장의 외손녀이자 신세계 그룹 정유경 회장의 장녀다. 미국 명문대학군인 아이비리그에 속하는 컬럼비아대학교에서 미술사학, 시각예술학을 전공했으며 5월 졸업했다.",https://www.newsen.com/news_view.php?uid=202608280803040410,relevant,no,,accepted,0.982207
2,D_중간대역,18774,5,SSG,naver_api_hub,"이마트, 초저가 PB ‘5K프라이스’ 1년새 4000만개 팔렸다",이마트 앱 회원이 결제 시 신세계포인트를 적립하면 e머니가 자동 적립됩니다. 적립된 e머니는 다음날부터 14일간 이마트에서 현금처럼 사용할 수 있습니다. 추첨 프로모션으로 5K 프라이스 상품을 1만원 이상 구매한...,https://www.inthenews.co.kr/news/article.html?no=91083,relevant,no,,accepted,0.812683
2,B_확신거절,23621,9,쿠팡,kakao_daum,유럽 여러나라 여행이나 출장갔다온 형들만!!,"유럽에서 제일 인종차별 심한나라랑 그나마 덜한나라가 어디였오? 1년에 단 한번, 쿠팡 글로벌 블랙프라이데이 추석 황금연휴 숙소 최대 64% 할인! 좋아요좋아요 댓글6 공유하기 카카오톡 페이스북 트위터 링크...",https://www.teamblind.com/kr/post/%EC%9C%A0%EB%9F%BD-%EC%97%AC%EB%9F%AC%EB%82%98%EB%9D%BC-%EC%97%AC%ED%96%89%EC%9D%B4%EB%82%98-%EC%B6%9C%EC%9E%A5%EA%B0%94%EB%8B%A4%EC%98%A8-%ED%98%95%EB%93%A4%EB%A7%8C-tk3mab3a,irrelevant,yes,,rejected,0.055729
2,A_확신통과,13866,9,쿠팡,kakao_daum,홍민기 스토킹 고소 사건 경위와 전 여자친구 A씨와의 법적 공방 쟁점 정리,"사실이라며 강경 대응 예고 경찰은 A씨에 대해 접근금지 명령을 내려 2차 가해 방지 조치 이 포스팅은 쿠팡 파트너스 활동의 일환으로, 이에 따른 일정액의 수수료를 제공받습니다. 경찰이 A씨에게 내린 접근금지...",https://wizdatacenter.com/%ed%99%8d%eb%af%bc%ea%b8%b0-%ec%8a%a4%ed%86%a0%ed%82%b9-%ea%b3%a0%ec%86%8c-%ec%82%ac%ea%b1%b4-%ea%b2%bd%ec%9c%84%ec%99%80-%ec%a0%84-%ec%97%ac%ec%9e%90%ec%b9%9c%ea%b5%ac-a%ec%94%a8%ec%99%80%ec%9d%98/,irrelevant,yes,,accepted,0.940547
2,F_플랫폼기업,15110,8,네이버,kakao_daum,"산서시장 장날 2,7일 — 영업시간·주차·가는 길 | 전북 장수군",휴무일 대부분 연중무휴 (점포별 정기 휴무 있음) 💳 결제 현금·카드·온누리상품권·지역화폐 📍 네이버지도📍 카카오맵 🅿️ 산서시장 주차 정보 근처 주차장반경 700m 안에 1곳 · 무료 1곳 가장 가까운 곳산서공영...,https://market.8892-house.com/sanseo-sangsul/,irrelevant,no,,rejected,0.00525
2,D_중간대역,35065,1,올리브영,kakao_daum,"올리브영 블랙프라이데이, '이것' 모르면 50% 손해 봅니다 (올영 블프 박스, 추천템 총정리)",사항): 가족이나 지인의 도움을 받아 동시에 여러 기기로 접속하는 것도 방법입니다. 하지만 이는 올리브영 정책에 따라 제재를 받을 수 있으니 신중하게 판단해야 합니다. ✅ 올영 블프 박스 구매 성공 체크...,https://homahope.theollaga.com/2025/11/oliveyoung-blackfriday-master-guide-2025.html,incidental,no,,rejected,0.647745
2,A_확신통과,18378,1,올리브영,naver_api_hub,"[르포] ""100명대 신규채용은 옛말""…한파 속 인크루트가 던진 'AI 반전'","이날 현장에는 SK하이닉스, 삼성바이오로직스, CJ올리브영, 한국전력공사 등 주요 기업 채용 담당자들이 참석해 최신 채용 정보를 공유했다. [서울=뉴스핌] 이석훈 기자 = 사진은 SK하이닉스 채용 담당자가 회사 채용...",https://www.newspim.com/news/view/20260827001230,incidental,no,,accepted,0.937625
2,D_중간대역,40516,1,올리브영,naver_api_hub,"라네즈, 패션 브랜드 마뗑킴과 컬래버 컬렉션 선봬","라네즈와 마뗑의 한정판 컬래버레이션 컬렉션은 1일부터 글로벌 시장에서 한정 수량 순차 출시할 예정이다. 국내에서는 10월 올리브영 선론칭을 시작으로, 다양한 이커머스 채널을 통해 만나볼 수 있다.",http://www.bokuennews.com/news/article.html?no=283445,irrelevant,no,,accepted,0.891027
2,E_커뮤니티,17143,7,카카오,kakao_daum,[LOL] 26.17 패치 상점 소식,"수 있습니다. 새로운 스킨이나 기간 한정 재판매 소식, 나만의 상점이 열리는 날처럼 상점 소식을 편하게 받아보고 싶으시다면, LoL 상점 카카오톡 채널을 추가해 소식을 받아보세요. ※ 확률형 아이템 포함",https://bbs.ruliweb.com/pc/board/300007/read/2353950,irrelevant,yes,,review_required,0.301403
2,E_커뮤니티,12716,9,쿠팡,kakao_daum,자동차/대중교통,순번 6번이면 그래도 곧이지? 08.26 65 44292 스파크 타는데 타이어 교체 얼마나 들까...? + 혹은 쿠팡에서 출장 교체 해본덬들..! 5 08.26 154 44291 처음으로 타지역 카페 왔는데 5 08.26 330 44290 자차로...,https://theqoo.net/car?page=1&filter_mode=normal,irrelevant,no,,accepted,0.932746
2,F_플랫폼기업,11364,8,네이버,kakao_daum,"딜바다::꽃이름 찾기, 식물이름 찾기 어플(​꽃이름 알려주는 어플 꽃이름 찾기 앱, 사진으로 식물이름...","찍고 꽃잎, 잎, 줄기 등이 선명하게 나오도록 하면 식물 이름을 찾는 데 도움이 됩니다. 네이버에서 꽃이름 찾기 네이버 앱에서는 렌즈 기능을 이용해 사진으로 꽃이나 식물의 이름을 검색할 수 있습니다. 네이버...",http://www.dealbada.com/bbs/board.php?bo_table=forum_phone&wr_id=80698,irrelevant,no,,rejected,0
2,D_중간대역,35436,3,에이블리,kakao_daum,전문 번역 및 글로벌 현지화 서비스,20220302 에어로파이 20221108 에이든랩 20210914 에이디케이 20231221 에이바이플러스_공감 20200820 에이블리커뮤니케이션즈 20231026 에이블스 20231014 에이비성형외과의원 20220111 에이빌코리아 20231018...,https://talkingabout.kr/206,irrelevant,yes,,accepted,0.736651
2,C_경계,35663,4,마켓컬리,naver_api_hub,"컬리N마트, 오픈 1년만 거래액 10배 증가",컬리는 네이버와 손잡고 오픈한 '컬리N마트'가 오픈 1년 만에 월 거래액이 약 10배 성장했다고 31일 밝혔다. 컬리N마트는 지난해 9월 컬리가 외부 플랫폼 처음으로 네이버에 진출해 네이버플러스 스토어에 오픈한 장보기...,https://www.wolyo.co.kr/news/articleView.html?idxno=317086,relevant,no,,review_required,0.440501
2,A_확신통과,18852,5,SSG,naver_api_hub,"[월간유통잇슈] 살아난 홈플러스, 흔들린 스타벅스",스타벅스 운영사인 신세계그룹 이마트 계열의 SCK컴퍼니는 올 2분기에 184억원의 영업손실을 냈다. 한국... 결과적으로 정용진 신세계그룹 회장은 사태 8일 만에 공식석상에서 대국민 사과했다. 스타벅스는 현재 브랜드...,https://www.shinailbo.co.kr/news/articleView.html?idxno=5055391,relevant,no,,accepted,0.940746
2,C_경계,35597,4,마켓컬리,naver_api_hub,"컬리N마트, 오픈 1년 만에 월 거래액 10배↑...서비스 고도화 '주효'",리테일 테크 기업 컬리는 ‘컬리N마트’가 오픈 1년 만에 월 거래액이 약 10배 성장했다고 31일 밝혔다. 컬리N마트는 지난해 9월 컬리와 네이버가 손잡고 네이버플러스 스토어에 오픈한 장보기 서비스다. 컬리가 외부...,https://www.betanews.net/article/view/beta202608310053,relevant,no,,review_required,0.587794
2,F_플랫폼기업,18143,8,네이버,naver_api_hub,"네이버 음악 플랫폼 '바이브(VIBE)', 출시 8년 만에 서비스 종료…""사업...","네이버(NAVER) 음악 플랫폼 '바이브(VIBE)'의 서비스가 8년 만에 종료된다. 26일 네이버 바이브 공식 블로그에는 'VIBE 서비스 종료 안내' 글이 게재됐다. 네이버 바이브 측은 ""항상 VIBE 서비스를 이용해 주시는...",https://www.topstarnews.net/news/articleView.html?idxno=16175208,relevant,no,,accepted,0.982106
2,A_확신통과,19290,2,무신사,naver_api_hub,SKT·카카오·KT '모두의 AI' 선정…전 국민 AI 서비스 속도 낸다,KT는 다음·업스테이지·모티프테크놀로지스·리벨리온을 비롯해 무신사·직방·BC카드·EBS 등과 연합했다. 다음과 무신사·직방 등 파트너 서비스에 AI 진입점을 배치하고 통신·IPTV까지 연계해 검색부터 공공·생활...,https://www.mt.co.kr/tech/2026/08/28/2026082809264168238,incidental,no,,accepted,0.93602
2,D_중간대역,38734,2,무신사,naver_api_hub,"대신증권, MTS 앱알림 수신동의 이벤트 실시",또 전체 참여고객중 10명을 추첨해 무신사 머니상품권 10만원권을 증정합니다. 경품을 받기 위해서는 앱알림 수신동의를 오는 10월11일까지 유지해야 합니다. 경품 및 당첨자 발표는 10월19일 입니다. 조태원...,https://www.inthenews.co.kr/news/article.html?no=91244,irrelevant,no,,accepted,0.851321
2,B_확신거절,16127,9,쿠팡,naver_api_hub,유통 매출 6.4% 늘었지만…마트는 5개월째 뒷걸음,"8%로, 전달보다 0.4%포인트 높아졌다. 산업부는 백화점, 대형마트, 편의점, SSM 등 오프라인 유통업체 15곳과 SSG, 쿠팡, 네이버 등 온라인 유통업체 11곳의 매출 동향을 매달 집계해 발표하고 있다. 토요경제",https://sateconomy.co.kr/news/view/1065572457694804,relevant,no,,rejected,0.010911
2,D_중간대역,35129,1,올리브영,kakao_daum,AI경기방송,"아누아, 산리오캐릭터즈 ‘시나모롤·포차코’ 에디션 출시… 9월 올영세일·올영픽 참여 서울 글로벌 브랜드 빌더 기업 더파운더즈(각자대표 이선형, 이창주)가 운영하는 글로벌 뷰티 브랜드 아누아(Anua)가...",https://www.kfm.co.kr/news/press,irrelevant,no,,rejected,0.481906
2,D_중간대역,16484,5,SSG,naver_api_hub,"""은퇴 후 치킨집은 옛말""… 프랜차이즈 창업 뛰어드는 2030 청년 사장님",신세계푸드가 운영하는 노브랜드 버거는 일반 매장보다 크기는 작지만 조리 동선과 공간 효율을 최적화해 약 50㎡(15평) 규모에 9000만원 초반대 투자 비용으로 창업할 수 있는 콤팩트 매장을 운영 중이다. 여기에...,https://www.fnnews.com/news/202608251429138219,incidental,no,,rejected,0.9344
2,C_경계,32718,9,쿠팡,kakao_daum,"""저장이 곧 구매 신호"" '딸깍' 만든 스튜디오포레, 데이터 기업 꿈꾼다 [ICT이노베이션스퀘어확산사업]","커머스 사이의 빈틈이다. 메타나 구글 같은 글로벌 광고 플랫폼은 유저가 콘텐츠를 '봤는지'만 알고, 쿠팡이나 네이버쇼핑 같은 커머스는 '샀는지'만 안다. 그 사이, 사고 싶다는 의도가 구체화되는 '관심·고려...",https://dpg.danawa.com/news/view?boardSeq=60&listSeq=6052297,incidental,no,,review_required,0.622388
2,C_경계,35527,4,마켓컬리,kakao_daum,네이버와 컬리가 손잡으니…거래액 10배 늘어나 - 매일경제,컬리N마트 출시 1년 만에 성과 3040대 단골 고객으로 자리 잡아 사진 확대 컬리N마트 1주년 페스타 [컬리] 네이버와 컬리가 손잡고 선보인 온라인 장보기 서비스 ‘컬리N마트’가 출시 1년 만에 거래액을 약 10배...,https://www.mk.co.kr/news/business/12140131,relevant,no,,review_required,0.581214
2,E_커뮤니티,19196,9,쿠팡,kakao_daum,"다르다팝콘 시네마 믹스, 30g, 15개 : MLBPARK","https://www.coupang.com/vp/products/216228024?itemId=663578407&vendorItemId=4717119973 쇼핑몰 쿠팡 가격 9,720원 배송료 0원 ‌ 상시가보다 와우 할인해서 3천원정도 쌉니다! 맛있어요. 간식으로 먹기 딱...",https://mlbpark.donga.com/mp/b.php?p=1&b=bullpen&id=202608280118302522&select=&query=&shop=&subselect=&subquery=&user=&site=donga.com&reply=&pos=&sig=h6j9GY-ghhTRKfX2hda9RY-ALmlq,irrelevant,yes,,review_required,0.419404
2,B_확신거절,38797,2,무신사,naver_api_hub,"증권가 ""AI 기반 수익화 구간 진입""…매드업 17%↑[특징주]","주요 고객사는 무신사, 올리브영, 토스뱅크, 두나무, 네이버웹툰, APR 등이다. 2025년 기준 매출 비중은 마케팅 76%, 솔루션 9.8%, 브랜드빌드업 14.1%다. 허 연구원은 “지난 2년간 AI 투자는 인프라에 집중됐지만...",https://www.edaily.co.kr/News/Read?newsId=02929046645575856&mediaCodeNo=257,incidental,no,,rejected,0.030908
2,B_확신거절,17323,5,SSG,naver_api_hub,"이마트, 서울 첫 ‘스타필드 마켓 월계점’ 오픈..복합 쇼핑 모델로 전...","2층에는 신세계팩토리스토어, 데카트론, ABC마트 등을 배치했으며, 오는 11월에는... 오픈 특가 행사는 9월 2일까지 진행되며, 한우 등심은 아덜 30일까지 4일간 신세계포...",http://www.breaknews.com/1232086,relevant,no,,rejected,0.064341
2,B_확신거절,32662,9,쿠팡,naver_api_hub,"""적립금으로 주식 바꾼다""…키움증권, '키움포인트'로 100만 락인",쿠팡·네이버 쇼핑 적립 연동…투자 진입장벽 낮춘 체험형 미션 포인트 적립 창구를 일상 소비 영역으로 대폭 확장한 점도 눈길을 끌었다. 영웅문S#을 거쳐 쿠팡이나 네이버플러스스토어에서 쇼핑할 경우 결제 금액의...,http://www.globalepic.co.kr/view.php?ud=2026083108534690527cc35ccc5c_29,irrelevant,no,,rejected,0.016807
2,F_플랫폼기업,18139,8,네이버,naver_api_hub,"과기부, 독파모 프로젝트서 확보한 AI 학습용 데이터 29종 개방","네이버클라우드, 업스테이지, SKT, NC AI는 품질검증 등을 거친 데이터 전체를 개방하기로 했다. LG AI연구원은 의무개방량(50% 이상)을 준수해 데이터를 선별적으로 개방한다. 국내 기업, 연구자, 학생 등 국민이라면...",https://www.aitimes.com/news/articleView.html?idxno=214500,relevant,no,,rejected,0.017443
2,A_확신통과,16978,5,SSG,naver_api_hub,SSG닷컴 인적분할…신세계그룹 '계열분리' 속도,분할 이후 SSG닷컴과 신세계몰은 핵심 사업에 집중할 계획이다. 먼저 SSG닷컴은 그로서리 중심의 온라인 장보기를 비롯한 기존 커머스 사업 경쟁력 강화에 나선다. 신세계몰은 패션·뷰티·라이프스타일을 중심으로 고객...,https://news.bizwatch.co.kr/article/consumer/2026/08/27/0025,relevant,no,,accepted,0.98056
2,E_커뮤니티,15141,5,SSG,kakao_daum,팀별 WAR top3 : MLBPARK,김진욱3.59 나균안3.21 한화 페라자4.86 화이트3.80 노시환3.57 NC 김주원4.83 박민우3.84 라일리3.64 SSG 박성한5.52 최정2.81 정준재2.71 키움 서건창3.38 알칸타라3.28 안우진2.28 MVP는 김도영vs오스틴일듯요...,https://mlbpark.donga.com/mp/b.php?p=1&b=bullpen&id=202608270118282953&select=&query=&shop=&subselect=&subquery=&user=&site=donga.com&reply=&pos=&sig=h6jTSg216h9RKfX2hda9RY-A5mlq,irrelevant,no,,accepted,0.929602
2,F_플랫폼기업,40228,8,네이버,naver_api_hub,"'도깨비의세계', 8일 온라인 쇼케이스 진행","'도깨비의세계'는 네이버 웹소설 및 웹툰 '멸귀수도전' IP를 기반으로 개발 중인 MMORPG다. 2D 도트 캐릭터와 3D 배경을 결합한 하이브리드 비주얼을 적용했으며, 한국 전통 정서를 담은 도트 아트로 세계관을 구성했다. '나...",https://www.inven.co.kr/webzine/news/?news=320285,incidental,no,,accepted,0.91265
2,E_커뮤니티,6388,7,카카오,kakao_daum,대갤러들 나 많이 사랑하네,손떨고 공익가서 겨우 마쳣는데 도박배워서 17년동안 중독자요 ㅠㅠ 정신과약도 7알먹고 정신병원 6개월 입원햇고 수급자도 짤리고 힘드네요 도와주세요 죽고싶음 카카오패이증권 020-11-777401 - dc official App,https://gall.dcinside.com/board/view/?id=loan_new1&no=17031434,irrelevant,yes,,accepted,0.928146
2,F_플랫폼기업,23140,7,카카오,naver_api_hub,[카카오 분할]⑤카카오AI·X로 갈린 뒤 누구와 교섭하나…노조가 공동교...,|스마트투데이=최아랑 기자| 카카오 노동조합이 회사의 인적분할 계획에 반대하며 카카오 공동체 차원의 공동교섭을 요구하고 나섰다. 카카오AI와 카카오X로 법인이 나뉠 경우 교섭 상대와 의사결정 구조가 더욱...,https://www.smarttoday.co.kr/ko-kr/articles/110920,relevant,no,,accepted,0.982412
2,B_확신거절,20288,9,쿠팡,kakao_daum,블랙머니 다시보기. 쿠팡플레이 요금제 비교 구독료 절약 꿀팁,"✅ 블랙머니 다시보기 목차 • 쿠팡플레이에서 ‘블랙머니’ 다시보기 완벽 정복: 요금제 비교 및 구독료 절약 꿀팁 총정리 • 쿠팡플레이 요금제, 나에게 맞는 플랜은? • 구독료 0원으로 쿠팡플레이 즐기는...",https://v.daum.net/v/xzZZh8CEnN,irrelevant,yes,,rejected,0.020893
2,F_플랫폼기업,13487,8,네이버,naver_api_hub,"시흥시, 미혼 청춘남녀 위한 ‘2026 시흥솔로’ 개최…31일부터 참가자...",신청은 방문 접수 없이 온라인으로만 진행되며 참가를 희망하는 사람은 홍보 포스터에 안내된 정보무늬(큐알코드)를 통해 네이버폼에 접속해 신청하면 된다. 임병택 시흥시장은 “‘시흥솔로’가 디지털 피로에서...,https://www.dnews.co.kr/uhtml/view.jsp?idxno=202608270904165830499,irrelevant,no,,rejected,0.023805
2,A_확신통과,11883,9,쿠팡,naver_api_hub,"쿠팡, 공정위 현장조사 거부…""7일 전 통지 없었다""","쿠팡 /사진=연합뉴스 공정거래위원회가 쿠팡의 대규모유통업법 위반 혐의를 확인하기 위해 현장조사에 착수했지만, 쿠팡이 이를 거부하면서 조사가 중단됐다. 거대 온라인 플랫폼 기업이 행정절차를 문제삼아 정부의...",http://www.intn.co.kr/news/articleView.html?idxno=2052801,relevant,no,,accepted,0.983108
2,B_확신거절,15560,5,SSG,naver_api_hub,"[신상브리핑] 한솔홈데코, 뚜레쥬르, 사조대림, 대동, 빙그레, 오뚜기, ...","사진=자주 제공 ◇신세계까사 자주, 데일리 덴탈케어 신제품 출시 신세계까사의 라이프스타일 브랜드 자주가 셀프케어 트렌드에 맞춰 데일리 덴탈케어 신제품을 선보이며 구강 건강 관리 카테고리를 강화했다....",https://daily.hankooki.com/news/articleView.html?idxno=1399807,incidental,no,,rejected,0.033793
2,D_중간대역,36190,5,SSG,kakao_daum,비즈워치,"AI가 바꾸는 센서 경쟁 생활경제 [그때 그 광고]""얼마나 좋아!""…G마켓, 'B급 콘텐츠' 명가로 급부상 '신세계'의 이름 이을 적장자는 누구일까 영업맨 된 AI…롯데칠성, 글로벌 영업 'AI 에이전트' 구축 비즈人...",https://www.bizwatch.co.kr/?c=10,incidental,no,,rejected,0.587695
2,F_플랫폼기업,14035,8,네이버,kakao_daum,ASYAAF(아시아프) – 아시아 청년작가들의 꿈이 펼쳐지는 미술축제 (8/12 ~ 9/7),"나뉘어 진행되니, 여러 번 방문해도 새로운 작품을 만날 수 있어요. 티켓 예매: 인터파크, 카카오톡, 네이버 등 다양한 경로로 미리 예매 가능! 작품 구매: 현장 구매뿐 아니라 온라인 구매도 가능하니, 마음에...",https://k-info.salaryman50.com/2025/06/2025-ASYAAF.html,irrelevant,yes,,rejected,0.006297
2,C_경계,35049,1,올리브영,kakao_daum,[새로나왔] 9월 1주차 신상 리스트 - 디에디트,"티이티이 공식 홈페이지와 네이버 스마트 스토어에서 1만 9,000원에 판매 중. 농심 X 올리브영 X 산리오 농심과 올리브영, 산리오가 콜라보한 과자 ‘닭다리너겟 양념치킨맛’, ‘포테토칩 스위트콘맛’ 2...",https://the-edit.co.kr/87845,irrelevant,no,,review_required,0.633416
2,F_플랫폼기업,5514,8,네이버,naver_api_hub,"경기도 특산물로 K푸드 활짝…경기관광공사, 임진각 '푸드 페스타' 개최",참가 신청은 다음달 4일까지 네이버폼을 통해 온라인으로 접수한다. 경기도 특산물을 메인 재료로 활용한 글로벌 퓨전 요리 레시피를 제출해야 하며 이후 본선 진출자에게 개별 안내된다. 모집 공고 등 자세한 사항은...,https://www.mt.co.kr/policy/2026/08/26/2026082610445762227,irrelevant,no,,accepted,0.908947
2,C_경계,36936,9,쿠팡,kakao_daum,자기야 돈은 내가 벌테니,"휴직하고 좀 쉬어 라고 해줄 남친이 있었으면 ... 😭 ""27여 셀소해봅니다🙋🏼‍♀"" - 블릿 셀소 주간베스트! 쿠팡판매1위 고보습 마사지/바디오일 ★4.5 - 11,900원 좋아요1 댓글10 공유하기 카카오톡 페이스북 트위터...",https://www.teamblind.com/kr/post/%EC%9E%90%EA%B8%B0%EC%95%BC-%EB%8F%88%EC%9D%80-%EB%82%B4%EA%B0%80-%EB%B2%8C%ED%85%8C%EB%8B%88-w3jnys4i,irrelevant,yes,,review_required,0.605997
2,D_중간대역,35631,4,마켓컬리,naver_api_hub,[유통 브리핑] 쿠팡·컬리·배달의민족·11번가,"[사진 = 컬리 제공] ◇ 컬리N마트, 오픈 1년 만에 거래액 10배 상승 컬리는 오픈 1년 만에 '컬리N마트'의 월 거래액이 약 10배 성장했다고 31일 밝혔다. 컬리는 지난해 9월 네이버와 제휴를 맺고 네이버플러스 스토어에...",http://www.niceeconomy.co.kr/news/articleView.html?idxno=90768,relevant,no,,accepted,0.755831
2,A_확신통과,36133,5,SSG,kakao_daum,SSG.COM 앱 다운로드와 현명한 쇼핑법,"과정을 생략할 수 있어 시간을 대폭 단축할 수 있습니다. 통합 멤버십 ‘스마일클럽’ 연동의 이점 신세계와 이베이코리아의 만남으로 탄생한 통합 멤버십, 스마일클럽을 이용 중이신가요? SSG.COM 앱...",https://v.daum.net/v/H1y0XBEo0j,incidental,no,,accepted,0.978011
2,C_경계,33062,9,쿠팡,kakao_daum,중고차 쓰다가 새차 사려고 하는데 추천해주세요❤️,자기회사의 차량 비추하신다던데..충고 부탁드려요🙏🏻🙏🏻 tag 현대자동차기아 공식 APPLE 브랜드관에서 쿠팡 특가로 지금 만나보세요 Mac을 구입하기 딱 좋은 때는 바로 지금. 좋아요좋아요 댓글8 공유하기 카카오...,https://www.teamblind.com/kr/post/%EC%A4%91%EA%B3%A0%EC%B0%A8-%EC%93%B0%EB%8B%A4%EA%B0%80-%EC%83%88%EC%B0%A8-%EC%82%AC%EB%A0%A4%EA%B3%A0-%ED%95%98%EB%8A%94%EB%8D%B0-%EC%B6%94%EC%B2%9C%ED%95%B4%EC%A3%BC%EC%84%B8%EC%9A%94❤️-0ogglcvv,irrelevant,yes,,review_required,0.575871
2,F_플랫폼기업,16814,8,네이버,kakao_daum,김현태 국회 침투 혐의 1심 선고 결과 내란 중요임무 종사 혐의 구형량 확인,"받고 있으며, 이번 판결은 그간의 재판 과정을 일단락 짓는 중요한 절차가 될 전망입니다. 출처: 네이버뉴스 내란 중요임무 종사 혐의로 기소된 김현태 전 단장은 계엄 선포 직후 실탄 1920발을 소지한...",https://v.daum.net/v/4W3rLZd8Fb,irrelevant,no,,rejected,0.037145
2,E_커뮤니티,12817,7,카카오,kakao_daum,얼마전에 갤에 싸다고 올라온 혼마공 산 갤런있음?,오늘 카톡왔는데 해당 몰에선 품절이니 취소해달라고 연락오고 카카오선물에선 배송 출발했다 연락오고 어느장단에 맞추란건지 모르겟네 ㅋㅋㅋ,https://gall.dcinside.com/mini/board/view/?id=golf&no=37495,relevant,no,,review_required,0.378012
2,E_커뮤니티,36501,5,SSG,kakao_daum,스포츠도박 밖에서 파는거 딱한번했는데 기분나빠서안함,성인되고 호기심삼아서 삿는데 한화이글스 이겨서 와 삼만원 벌겟다하는거 한화가 5점 SSG가 2점 9회말 2아웃 상황 SSG가 투런포 5:4 그뒤에 또 투런포 그뒤로 가을야구도 개쳐망함 한화팬으로서 속상했음 나때문...,https://gall.dcinside.com/mgallery/board/view/?id=genrenovel&no=12844603,irrelevant,no,,accepted,0.93624
2,B_확신거절,21079,2,무신사,naver_api_hub,SKT·카카오·KT '국민 AI' 개발 나선다…'모두의 AI' 사업자 선정,"마지막으로 KT 컨소시엄은 다음 포털과 다나와, 무신사, 직방 등 파트너 채널, 그리고 자사 통신·IPTV 인프라를 연결해 정보 탐색과 공공 서비스를 하나의 대화 흐름 안에서 지원하는 통합 AI를 선보입니다. 독자 AI...",https://www.tjb.co.kr/news05/bodo/view/id/102935,incidental,no,,rejected,0.046756
2,E_커뮤니티,39195,5,SSG,kakao_daum,오늘 밤 9시~ G라이브 15UD50U-GX5JK + 신세계3만원 99만 (BBQ추첨),"세일] 오늘 밤 9시~ 10시 LG그램&모니터 G라이브 입니다. 1번 15UD50U-GX5JK + 27G411A(15~17만원 상당) + 신세계3만원 혜택가 1,049,000 원 해당상품링크 https://link.gmarket.co.kr/lDZNmsey9e 2번 15UD50U-GX...",https://ygosu.com/board/gosudeal/43696,irrelevant,yes,,review_required,0.355978
2,A_확신통과,18843,5,SSG,naver_api_hub,성과급 논쟁 이면엔 AI가 키운 고용불안,지난달 삼성SDS·현대오토에버·신세계아이앤씨 등은 창사 이래 처음으로 노조를 결성하고 고용 안정과 공정한 보상 체계 마련을 요구했다. AI 전환으로 개발·기획·고객 대응 등 기존 직무 변화가 빨라지면서 활발한...,https://www.sidae.com/article/2026082516303647570,relevant,no,,accepted,0.940846
2,E_커뮤니티,19190,9,쿠팡,kakao_daum,치핵러들 이거 필독하셈(6개월동안 재발없음+생체실험완료),"났다 싶어서 친구들한테 물어봤는데 좌욕이 최고라고, 좌욕으로 치핵 튀나온거 다넣었다길래 그날 바로 쿠팡에서 젤싼 좌욕기사놓고(대충 실리콘 아무거나) 급한대로 집에 큰 다라이에 뜨끈한 물 받아서 10분동안...",https://gall.dcinside.com/mgallery/board/view/?id=ddongkkoittai&no=125802,irrelevant,no,,accepted,0.937392
2,C_경계,35666,4,마켓컬리,naver_api_hub,"3040 잡은 네이버 ‘컬리N마트’, 출시 1년 만에 거래액 10배 성장",네이버는 컬리와 협력한 ‘컬리N마트’가 출시 1년 만에 단골 사용자를 확보하며 빠르게 성장했다고 31일 밝혔다. 네이버에 따르면 지난해 9월 출시된 컬리N마트는 1년 만에 거래액이 약 10배 증가했다. 네이버의 쇼핑과...,https://www.dt.co.kr/article/12081092,relevant,no,,review_required,0.659747
2,D_중간대역,18371,2,무신사,kakao_daum,[KCC건설] 여주 무신사 물류센터 신축공사 현장 안전관리직 채용,[KCC건설] 여주 무신사 물류센터 신축공사 현장 안전관리직 채용 모집부문 [KCC건설] 여주 무신사 물류센터 신축공사 현장 안전관리직 채용 ■ 업무내용/현장여건 - 현장명 : 여주 무신사 물류센터 신축공사...,https://www.worker.co.kr/job/view.asp?no=1412002,irrelevant,yes,,accepted,0.707783
2,F_플랫폼기업,20590,8,네이버,naver_api_hub,"네이버 지도 '세계지도' 기능 등장…""신기하다"" vs ""정보 부정확""",아시아투데이 정아름 기자 = 네이버 지도 앱에서 해외 지역의 지도를 확인할 수 있는 기능이 제공되고 있다.28일 관련업계에 따르면 네이버 지도 앱 내 '실험실'에서 '세계지도' 기능을 활성화하면 해외 지역의 지도 정보를...,https://www.asiatoday.co.kr/kn/view.php?key=20260828010009762,relevant,no,,accepted,0.982583
2,C_경계,36225,9,쿠팡,kakao_daum,"""역주행 터졌다""첫방 시청률 5.2% 찍더니 '재시청 48.8%' 폭주해 난리난 드라마",TV 방영을 계기로 다시 한번 시청자들의 관심을 끌어모으며 역주행 열풍을 이어가고 있다. 지난 2022년 쿠팡플레이를 통해 공개된 '안나'는 사소한 거짓말을 시작으로 완전히 다른 사람의 삶을 살아가게 된 여자...,https://v.daum.net/v/5hp2esb00G,irrelevant,no,,review_required,0.592711
2,E_커뮤니티,21928,2,무신사,kakao_daum,"「모두의 AI」 프로젝트, 사업자 선정 결과 발표","가나다 順) 활용 모델 케이티(KT) 다음, 딥서치, 래블업, 리벨리온, 매스프레소, 모티프테크놀로지스, 무신사, 베슬에이아이코리아, 비씨카드, 솔트룩스, 액션파워, 업스테이지, 엔씨에이아이, 직방, 커넥트...",https://www.clien.net/service/board/news/19254855,incidental,no,,accepted,0.838691
2,A_확신통과,19691,1,올리브영,kakao_daum,여자들이 참 신기한 면이있더라.,올영에서 뭘 산다고 쳐봐 가격이 16000원임. 쿠팡에 검색해봄 네이버 최저가 검색해봄 더싼거 있으면 안삼.(몇천원이라도) 굉장히 현명한 소비임. 근데 진짜 말도안되게 몸이 구린 그러니까 말라서 어쩔수없이...,https://www.inven.co.kr/board/lostark/6271/4048603,irrelevant,no,,accepted,0.938732
2,F_플랫폼기업,22435,8,네이버,naver_api_hub,"우리기술투자 주가, 8월 28일 장중 6,530원 6.35% 상승","|중앙이코노미뉴스 조용우 기자|출처=네이버페이 증권 28일 오후 1시 40분 기준, 네이버페이 증권에 따르면 우리기술투자 주가는 지난 종가 대비 상승 흐름을 보이고 있다. 시가는 6,540원으로 시작하여 6...",https://www.joongangenews.com/news/articleView.html?idxno=543683,irrelevant,no,,accepted,0.939552
2,A_확신통과,19976,1,올리브영,naver_api_hub,“최대 50% 싸게”...나에게 주는 선물 ‘올영 세일’서,CJ올리브영이 가을을 앞두고 색조 화장품과 웰니스 상품을 앞세운 대규모 할인 행사에 나선다. 28일 CJ올리브영은 오는 30일부터 다음달 5일까지 전국 매장과 온라인몰에서 ‘올영세일’을 진행한다고 밝혔다. 이번...,https://www.mk.co.kr/article/12138565,relevant,no,,accepted,0.971269
2,D_중간대역,17307,5,SSG,naver_api_hub,"‘스타필드 마켓’ 서울 첫 상륙, 이마트 월계점 리뉴얼 오픈","신세계팩토리스토어, 데카트론, ABC마트 등도 만날 수 있다. 10월 이마트 초저가 생활용품 전문관인 ‘와우샵’, 11월에는 유니클로와 무인양품이 추가 입점한다. 오픈 기념으로 키즈 공연인 ‘베베핀 해피 콘서트’와...",https://sports.donga.com/economy/article/all/20260827/134554181/1,relevant,no,,rejected,0.907407
2,F_플랫폼기업,14012,8,네이버,kakao_daum,ria계좌개설,투자자라면 1년 보유 부담과 절세 효과를 비교한 뒤 활용 결정을 빠르게 내리는 것이 합리적입니다. 네이버로 공유하기 카카오톡으로 공유하기 관련 글 더 보기 미국주식 세금신고 꽃이름 검색 앱 설치와 꽃이름...,https://blog.nets.kr/ria%ea%b3%84%ec%a2%8c%ea%b0%9c%ec%84%a4/,irrelevant,no,,rejected,0.004578
2,A_확신통과,20620,1,올리브영,naver_api_hub,[유통街] 이마트·CJ제일제당·파리바게뜨·CJ올리브영,"■ 올리브영, 가을 '올영세일' 돌입…웰니스·외국인 고객까지 공략 CJ올리브영이 오는 30일부터 7일간 약 3만4000종의 뷰티·웰니스 상품을 할인하는 '올영세일'을 진행한다. 이번 행사는 가을철 색조 메이크업 수요와...",https://news.ifm.kr/news/articleView.html?idxno=478164,relevant,no,,accepted,0.97425
2,E_커뮤니티,20747,2,무신사,kakao_daum,260828 무신사 인별 제니 X 아디다스 협업 컬렉션 캠페인 뉴짤,https://www.instagram.com/p/DckPSmEoIsQ/,https://gall.dcinside.com/mgallery/board/view/?id=jennie&no=151962,irrelevant,yes,,accepted,0.853893
2,A_확신통과,39194,5,SSG,kakao_daum,"㈜조이마케팅 기업정보 - 직원수, 근무환경, 복리후생 등 | 잡코리아","전환을 선언하고 2027년 국내 대표 AI 마케팅 기업으로의 도약을 준비하고 있습니다. 올리브영, 신세계 까사미아, 쿠팡풀필먼트서비스 등 규모 있는 브랜드들이 조이마케팅과 함께했고, 벤처기업·이노비즈·메인...",https://www.jobkorea.co.kr/Recruit/Co_Read/C/joymarketing/Company_name/㈜%EC%A1%B0%EC%9D%B4%EB%A7%88%EC%BC%80%ED%8C%85,irrelevant,no,,accepted,0.92616
2,B_확신거절,18440,5,SSG,kakao_daum,"샤넬 청담 플래그십 , 신세계 강남 ,갤러리아","안녕하세요, 백화점이나 플래그십 주요 백화점 위주로 팀 분위기나 지점별 차이점 , 장단점 , 행사 빈도 등 , 응대 차이 등등 그 외 인센 관련해서 알 수 있을까요? 플래그십의 경우 식사는 어떻게 하시는지도...",https://www.teamblind.com/kr/post/%EC%83%A4%EB%84%AC-%EC%B2%AD%EB%8B%B4-%ED%94%8C%EB%9E%98%EA%B7%B8%EC%8B%AD-%EC%8B%A0%EC%84%B8%EA%B3%84-%EA%B0%95%EB%82%A8-%EA%B0%A4%EB%9F%AC%EB%A6%AC%EC%95%84-2xeb1bjn,relevant,no,,rejected,0.01481
2,F_플랫폼기업,23500,8,네이버,kakao_daum,브래드 피트 나이 뱀파이어와의 인터뷰 당시와 현재 활동 모습,"출처: 네이버뉴스 브래드 피트 나이는 1963년생으로 현재 만 60세를 넘어서고 있습니다. 그가 전 세계적인 신드롬을 일으켰던 영화 '뱀파이어와의 인터뷰'에 출연했을 당시 그의 나이는 만 31세였으며, 당시...",https://v.daum.net/v/KVhDrfOciw,irrelevant,no,,accepted,0.938643
2,D_중간대역,35521,4,마켓컬리,kakao_daum,"(주)듀오백 기업정보 - 직원수, 근무환경, 복리후생 등 | 잡코리아",프리미엄 런칭 양천문화재단 배리어프리 문화체험 지원 독일 오가텍 전시회 참가 D-ZERO 런칭 마켓컬리 브랜드 입점 라운지스토어 서부산점 오픈 듀오백 블랙에디션 출시 라운지스토어 보라매점 오픈 2023 조달...,https://www.jobkorea.co.kr/company/1686240/info,irrelevant,no,,rejected,0.86874
2,B_확신거절,19892,2,무신사,naver_api_hub,'모두의 AI' SKT·카카오·KT 선정…이통3사 모두 참여,"KT 컨소시엄은 포털 다음과 다나와, 무신사, 직방 등 파트너 채널에 자사의 통신·미디어 인프라를 결합한다. 이용자가 정보 탐색부터 공공·생활 서비스 이용까지 하나의 대화 흐름에서 처리할 수 있는 통합 AI를...",https://www.itdaily.kr/news/articleView.html?idxno=241263,incidental,no,,rejected,0.031445
2,B_확신거절,23194,9,쿠팡,kakao_daum,Top security adviser stresses need for 'substantive progress' on NK nuclear issue,"Korea’s $350 billion investment commitment to the U.S., tensions involving e-commerce giant Coupang and the timing of the transfer of wartime operational control. “The government is making...",https://www.koreatimes.co.kr/foreignaffairs/20260828/top-security-adviser-stresses-need-for-substantive-progress-on-nk-nuclear-issue,irrelevant,no,,rejected,0.017501
2,D_중간대역,21462,1,올리브영,naver_api_hub,약손명가 ‘듀얼 리프트 괄사’ 전국 올리브영 입점,"전국 올리브영 오프라인 매장과 공식 온라인몰에서 판매된다. 오는 30일부터 9월 5일까지 열리는 올영세일에 참여하며, 9월 올영픽 제품으로 선정돼 9월 말까지 프로모션이 진행된다. 회사 관계자는 “약손명가의...",https://www.vegannews.co.kr/news/article.html?no=385014,irrelevant,no,,accepted,0.832227
2,C_경계,35770,6,11번가,kakao_daum,"2025 블프 국내 쇼핑 승리 공식: 쿠팡, 11번가 할인율 비교 및 카드사별 최대 혜택 총정리","낮추는 지름길이죠. 당신의 쇼핑 리스트에 맞는 최적의 전장을 선택하는 것이 중요합니다. 쿠팡, 11번가 등 국내 주요 쇼핑몰을 비교하는 모습 쿠팡 vs 11번가 vs G마켓: 어디서 싸워야 이길 수 있을까? 주요...",https://homahope.theollaga.com/2025/11/2025-blackfriday-korea-shopping-card-benefits-coupon-11st-discount-guide.html,incidental,no,,review_required,0.644543
2,D_중간대역,35154,2,무신사,kakao_daum,비즈워치,"케이뱅크, 주가하락 속 보호예수 풀린다 '묻지마 베팅' 사라졌나...공모가밴드 초과 '제로', 의무보유 늘어 무신사, 말레이시아 진출…동남아 사업 '가속' [르포] 성수 달군 '무뷰페'…무신사가 찍은 K뷰티 신예...",https://www.bizwatch.co.kr/?c=10,relevant,no,,rejected,0.599661
2,F_플랫폼기업,15661,7,카카오,naver_api_hub,"'축구와 빵, 특별한 만남'… 충북청주 FC, 포이드캐롯 브랜드 데이 및 찐...","현장 관람객은 경기 중 전광판에 등장하는 포이드캐롯 캐릭터를 찾아 인증사진을 촬영한 뒤 카카오톡 플러스 친구를 통해 응모했으며, 중계 시청자에게는 중계 화면에 노출되는 포이드캐롯 현수막을 찾아 인증하는...",https://www.besteleven.com/news/articleView.html?idxno=311554,irrelevant,no,,rejected,0.009091
2,A_확신통과,5077,9,쿠팡,naver_api_hub,"“수도권은 쿠팡이츠·올리브영, 비수도권은 배민·편의점”…퀵커머스...",수도권 결제 비중 쿠팡이츠가 가장 높아 올리브영도 수도권 결제 비중 56.7% 배민 수도권 비중은 43.5%로... 쿠팡이츠와 올리브영은 서울·경기 지역에 결제가 집중된 반면 배달의민족과 CU·GS25 등 편의점 기반 서비스는...,https://www.mk.co.kr/article/12136547,relevant,no,,accepted,0.981884
2,D_중간대역,38626,1,올리브영,naver_api_hub,"헥토헬스케어 온리추얼, 이너뷰티 신제품 3종 출시","온리추얼은 신제품 출시와 함께 오는 5일까지 진행되는 올영세일에 참여한다. 행사 기간 올리브영 온·오프라인 채널에서 신제품 3종을 판매한다. 박정오 온리추얼 글로벌사업본부장은 ""소비자의 다양한 수요와 섭취...",https://www.datasom.co.kr/news/articleView.html?idxno=209744,irrelevant,no,,accepted,0.871286
2,A_확신통과,5148,1,올리브영,naver_api_hub,"농심, 올리브영·산리오 맞손 K-스낵 알리기",농심이 올리브영과 '산리오캐릭터즈'의 컬래버레이션 캠페인에 참여해 외국인 관광객과 젊은 층을 상대로... 이와 함께 9월 한 달간 '올리브영 센트럴 명동타운'에서 '농심 K-스낵 투어' 팝업스토어가 운영된다. 이번...,http://www.amnews.co.kr/news/articleView.html?idxno=74112,irrelevant,no,,accepted,0.974627
2,A_확신통과,15857,5,SSG,naver_api_hub,"신세계백화점, 전남광주통합특별시와 탐진강 생태보전 협력",신세계백화점이 전남광주통합특별시와 손잡고 탐진강 하류 생태환경 보전과 지역상생 사업을 추진한다. 신세계백화점은 27일 광주청사 비즈니스룸에서 박주형 신세계 대표이사와 민형배 전남광주통합특별시장 등이...,https://www.mydaily.co.kr/page/view/2026082714091373320,relevant,no,,accepted,0.975885
2,B_확신거절,24052,5,SSG,naver_api_hub,남부지방 장대비…프로야구 부산·광주·대전·대구 경기 우천 취소(종...,"전남광주(SSG-KIA) 경기가 우천 취소, 대구(KT-삼성) 경기가 그라운드 사정으로 취소됐다고 밝혔다. 이날... 전남광주 SSG-KIA전의 경우 곧바로 경기 일정이 잡혔다. 해당 경기는 예비일이자 두 팀 다 경기가 없는 다음...",https://www.news1.kr/sports/baseball/6273016,irrelevant,no,,rejected,0.005963
2,A_확신통과,16060,9,쿠팡,naver_api_hub,"코람코라이프인프라리츠, 삼성증권과 안양물류센터 인수 나선다","임대율은 99.3%로 쿠팡을 비롯해 농심, 지오영, 용마로지스 등이 임차해 쓰고 있다. 코람코라이프인프라리츠는 이곳을 연면적 기준 평당 900만원 중반대로 매입한다는 계획이다. 서울 강남권과 인접한 입지와 신축급 시설...",https://news.tvchosun.com/site/data/html_dir/2026/08/27/2026082790123.html,irrelevant,no,,accepted,0.931539
2,C_경계,35679,4,마켓컬리,naver_api_hub,"컬리N마트 거래액 10배, 30·40대 단골 견인",네이버와 컬리가 운영하는 컬리N마트 거래액이 출시 1년 만에 오픈 초기보다 약 10배 늘었다. 네이버와 컬리는 지난해 9월 문을 연 컬리N마트가 네이버플러스 멤버십 이용자를 중심으로 반복 구매층을 확보했다고 31일...,https://www.tokenpost.kr/news/tech/400892,relevant,no,,review_required,0.42456
2,B_확신거절,12941,2,무신사,kakao_daum,전체 기사리스트,"붕괴"" 2026.08.27 08:55 놀유니버스, 여행 후기 쓰면 최대 '600만 NOL 포인트' 증정 2026.08.27 08:53 무신사, 日 글로벌 스토어 7개월 만에 작년 거래액 돌파 2026.08.27 08:52 현대모비스, 협력사와 스마트...",http://news.tf.co.kr/list/all,relevant,no,,rejected,0
2,B_확신거절,37146,1,올리브영,kakao_daum,"딜바다::[올리브영] 오쏘몰 바이탈 M/F 멀티비타민&미네랄 7입 (28,710원~ / 무료) > 국내핫딜","이런건 보통 한달분량 이상으로 나오는데 7입이면 체험용으로 먹어보기 딱좋네요 먹어보고 나중에 대량으로 할인할때 따로 구매하시면 될거같습니다. 여성, 남성용 둘다 가격 동일합니다.​",http://www.dealbada.com/bbs/board.php?bo_table=deal_domestic&wr_id=571398,irrelevant,yes,,rejected,0
2,B_확신거절,38909,4,마켓컬리,naver_api_hub,"산림청, 추석 앞두고 밤·대추 2,480톤 공급",우체국과 컬리에서도 9월 25일까지 임산물 성수품과 선물세트 등에 20% 할인쿠폰을 제공한다. 오프라인에서는 9월 21일부터 23일까지 대전역 앞 광장에서 추석맞이 임산물 성수품 판촉행사가 열린다. 임산물 판매장이...,https://www.woodkorea.co.kr/news/articleView.html?idxno=91089,irrelevant,no,,rejected,0.051819
2,B_확신거절,17469,9,쿠팡,kakao_daum,김현태 국회 침투 징역 12년 선고 내란중요임무종사 혐의 판결 이유,"헌법기관을 무력화하려 함 군사력의 사적 유용은 민주 법치국가에서 용납될 수 없는 범죄임 이 포스팅은 쿠팡 파트너스 활동의 일환으로, 이에 따른 일정액의 수수료를 제공받습니다. 이상현 전 여단장 등 관련자...",https://wizdatacenter.com/%ea%b9%80%ed%98%84%ed%83%9c-%ea%b5%ad%ed%9a%8c-%ec%b9%a8%ed%88%ac-%ec%a7%95%ec%97%ad-12%eb%85%84-%ec%84%a0%ea%b3%a0-%eb%82%b4%eb%9e%80%ec%a4%91%ec%9a%94%ec%9e%84%eb%ac%b4%ec%a2%85%ec%82%ac-%ed%98%90/,irrelevant,yes,,rejected,0.015725
2,E_커뮤니티,19679,1,올리브영,kakao_daum,구로 일렉 3일 그파 512를 받았는데 보험을 - 디지털 (컴퓨터/폰/IT) - 에펨코리아,했는데 매장에서 ai구독클럽 보니까 보험포함헤서 30% 본인부담 수리비 나오는거 1회 100% 지원에 올영 3만 상품권준다는데 뭐가 이득인거야? 매장직원이 ai구독클럽은 올영상품권 3만원 받고 한달만에 해지헤도...,https://www.fmkorea.com/10266545993,irrelevant,no,,accepted,0.939178
2,E_커뮤니티,11953,5,SSG,kakao_daum,김도영 SSG 두산 팀 타선이면? : MLBPARK,Ssg 정준재 2 에레디아 좌 최정 지 김도영 3 김재환 좌 고명준 1 전의산 우 박성한 유 조형우 포 최지훈 중 두산 박찬호 유 정수빈 중 김도영 3 양의지 포 박준순 2 김민석 좌 안재석 지 김대한 우 박지훈 1 문학...,https://mlbpark.donga.com/mp/b.php?p=1&b=kbotown&id=202608260118258035&select=&query=&shop=&subselect=&subquery=&user=&site=donga.com&reply=&pos=&sig=h6jjGf-AihXRKfX2hda9RY-A4hlq,irrelevant,no,,accepted,0.945818
2,D_중간대역,12921,2,무신사,naver_api_hub,"코오롱FnC 래코드, 서도호 협업 확장... 한국 아티스트와 '문화적 연대'","서도호와 협업한 캡슐 컬렉션은 26일부터 래코드 공식 온라인몰과 코오롱몰, 무신사, 국립현대미술관(MMCA) 스토어에서 먼저 판매된다. 다음달 2일부터는 래코드 청담 플래그십 스토어에서도 선보인다. 컬렉션을...",http://www.thefirstmedia.net/news/articleView.html?idxno=206936,irrelevant,no,,accepted,0.894585
2,B_확신거절,36105,5,SSG,kakao_daum,"[쇼핑몰별 비교] 쿠팡 vs 11번가 vs G마켓, 블프 때 어디가 더 쌀까? (주요 품목별 가격 비교)","종합 쇼핑몰도 블랙프라이데이 시즌에 자체적인 대규모 할인 행사를 진행합니다. SSG닷컴은 주로 신세계 계열사(신세계백화점, 이마트)와의 연계를 통해 프리미엄 식품, 명품, 가전 등에서 강점을 보입니다. 특히...",https://homahope.theollaga.com/2025/11/coupang-11st-gmarket-blackfriday-price-comparison.html,incidental,no,,rejected,0.069546
2,E_커뮤니티,17275,8,네이버,kakao_daum,포켓몬 센트럴 저거 짜증나는점,계정 찾기 누르면 메일 줮도 안온다 ㅋㅋ 신규 가입하면 메일 잘오고 그리고 무조건 구글해야돼 네이버는 걍 안옴,https://gall.dcinside.com/mgallery/board/view/?id=pokemontcgpocket&no=852456,irrelevant,no,,review_required,0.303691
2,A_확신통과,18594,5,SSG,naver_api_hub,'남매 독립경영' 15년 만에 완성되나···SSG닷컴 인적분할의 속내,신세계몰의 통합으로 출범했던 SSG닷컴이 다시 두 개의 법인으로 나뉜다. 표면적인 명분은 사업 전문성과 경영 효율 제고다. 그러나 업계에서는 그동안 정체된 통합 플랫폼 전략을 재정비하는 동시에 이마트와 신세계의...,https://www.womaneconomy.co.kr/news/articleView.html?idxno=257947,relevant,no,,accepted,0.982265
2,C_경계,6437,9,쿠팡,kakao_daum,"양반 100밥 현미밥 최저가 18,500원 — 탐탐쇼핑","건강을 고려한 현미밥으로, 영양가 높은 식사를 원하는 소비자들에게 추천하는 상품입니다. 또한, 쿠팡 로켓배송을 통해 빠르게 받아볼 수 있어 더욱 편리합니다. 항목 내용 타입 현미밥 용량 130g 이런 분께...",https://shop.calcmoum.com/%EC%96%91%EB%B0%98-100%EB%B0%A5-%ED%98%84%EB%AF%B8%EB%B0%A5-36,irrelevant,yes,,review_required,0.561971
2,D_중간대역,23398,1,올리브영,kakao_daum,올리브영 가천대점,"올리브영은 최신 K-뷰티 제품을 경험할 수 있는 헬스앤뷰티 전문 스토어입니다. 스킨케어, 메이크업, 건강식품 등 다양하고 트렌디한 제품을 합리적인 가격에 판매하여, 외국인 관광객들 사이에서 특히 인기가...",http://www.tourcoupon.co.kr/view.html?contentid=2924565,incidental,no,,accepted,0.746698
2,E_커뮤니티,18858,5,SSG,kakao_daum,Ssg 3426 품절,3926때 처럼 기다리면 더 추가되나,https://gall.dcinside.com/mgallery/board/view/?id=mnt&no=1096306,irrelevant,no,,review_required,0.371048
2,C_경계,35078,1,올리브영,kakao_daum,'8월 올영세일' 추천 단백질 쉐이크→색조 화장품 총출동,CJ올리브영이 30일부터 다음달 5일까지 전국 매장과 온라인몰에서 '올영세일'을 진행한다. 이번 행사에서는 약 3만4000종의 뷰티·웰니스 상품을 선보인다. 페리페라 로즈 계열 틴트와 네이밍 펜슬 라이너...,https://www.ezday.co.kr/bbs/view_board.html?q_sq_board=9161955,relevant,no,,review_required,0.619738
2,C_경계,35684,4,마켓컬리,naver_api_hub,"컬리N마트, 출시 1년 만에 거래액 10배 “장보기도 네이버에서”",네이버는 지난해 9월 출시한 온라인 장보기 서비스 ‘컬리N마트’가 오픈 초기와 비교해 거래액이 약 10배 증가했다고 31일 밝혔다. 네이버의 쇼핑 이용자 기반과 네이버플러스 스토어의 접근성에 컬리의 상품 소싱 및...,https://www.dizzotv.com/site/data/html_dir/2026/08/31/2026083180031.html,relevant,no,,review_required,0.422297
2,D_중간대역,19876,9,쿠팡,kakao_daum,김재중 도쿄 집 공개 주방 인테리어와 냉장고 속 알뜰한 살림 노하우,"최고급 시설을 갖춘 도심 속 럭셔리 주택 개인 공간인 침실과 욕실까지 깔끔하게 관리 이 포스팅은 쿠팡 파트너스 활동의 일환으로, 이에 따른 일정액의 수수료를 제공받습니다. 도쿄 생활 속 김재중만의 특별한...",https://wizdatacenter.com/%ea%b9%80%ec%9e%ac%ec%a4%91-%eb%8f%84%ec%bf%84-%ec%a7%91-%ea%b3%b5%ea%b0%9c-%ec%a3%bc%eb%b0%a9-%ec%9d%b8%ed%85%8c%eb%a6%ac%ec%96%b4%ec%99%80-%eb%83%89%ec%9e%a5%ea%b3%a0-%ec%86%8d-%ec%95%8c%eb%9c%b0/,irrelevant,yes,,accepted,0.838333
2,D_중간대역,36792,5,SSG,naver_api_hub,"IPARK현대산업개발, 의정부 장암2구역 재개발 수주…공사비 9002억원","의정부 신세계백화점과 로데오거리를 비롯한 중심 상권도 인접하다. IPARK현대산업개발 관계자는 ""의정부 지역 랜드마크로 만들어 조합원 신뢰에 보답할 것""이라며 ""IPARK현대산업개발 경쟁력을 발휘할 수 있는...",https://www.straightnews.co.kr/news/articleView.html?idxno=310107,irrelevant,no,,accepted,0.859794
2,C_경계,35440,3,에이블리,kakao_daum,[단독] 할인 쿠폰 쏟아내는 ‘에이블리’ 두고 “판매자에 부담 전가” 불만 속출 - 언론보도 | 대륜,"할인행사, 판매자 동의 없이 쿠폰 발행” 문제 제기…에이블리 “충분히 안내” 반박 에이블리코퍼레이션이 운영하는 여성 패션 플랫폼 ‘에이블리’에 입점한 판매자들이 플랫폼 측의 ‘할인 쿠폰’ 제도 운영에...",https://www.daeryunlaw.com/broadcast/5466,relevant,no,,review_required,0.532572
2,C_경계,32982,9,쿠팡,kakao_daum,김나희 사업가 결혼식 하객 규모와 이찬원 사회 및 송가인 축가 현장 분위기,"이찬원의 능숙하고 재치 있는 사회 진행 송가인의 진심을 담은 축가로 감동 선사 이 포스팅은 쿠팡 파트너스 활동의 일환으로, 이에 따른 일정액의 수수료를 제공받습니다. 김나희 신랑과의 첫 만남과 연애 과정...",https://infolife.infowid.com/%ea%b9%80%eb%82%98%ed%9d%ac-%ec%82%ac%ec%97%85%ea%b0%80-%ea%b2%b0%ed%98%bc%ec%8b%9d-%ed%95%98%ea%b0%9d-%ea%b7%9c%eb%aa%a8%ec%99%80-%ec%9d%b4%ec%b0%ac%ec%9b%90-%ec%82%ac%ed%9a%8c-%eb%b0%8f-%ec%86%a1/,irrelevant,yes,,review_required,0.631687
2,A_확신통과,17214,5,SSG,naver_api_hub,"SSG닷컴, 7년 만에 다시 두 갈래…사업 전문화 나선다 [이슈 더보기]",뉴스저널리즘 신용준 기자 = 2019년 통합법인으로 출범한 SSG닷컴이 다시 두 갈래로 나뉜다. 온라인 장보기와... 있던 SSG닷컴의 향후 재편 방향에도 관심이 쏠린다. 27일 유통업계에 따르면 SSG닷컴은 이날 이사회를 열고...,https://www.ngetnews.com/news/articleView.html?idxno=552771,relevant,no,,accepted,0.98214
2,B_확신거절,22592,9,쿠팡,naver_api_hub,"경북도, 쿠팡·알리 등 대형 쇼핑몰·플랫폼과 손잡고 지역 중소기업 판...","유통사 측에서는 쿠팡과 G마켓, 11번가, 롯데ON 등 국내 주요 쇼핑몰을 비롯 알리익스프레스, 쇼피, 테무 등 글로벌 유통 플랫폼을 포함한 20여 개 기업에서 바이어(MD) 30명이 참석했다. 참가 기업들은 전문 바이어들과...",https://www.eroun.net/news/articleView.html?idxno=88631,incidental,no,,rejected,0.019556
2,B_확신거절,5142,5,SSG,kakao_daum,신세계수상레져,"신세계수상레져는 남양주 화도읍 북한강로에 있는 수상스키장이다. 서울에서 가까운 거리에 있다. 주차장, 샤워시설, 화장실, 스키&보드 대여, 조끼 및 슈트 대여가 가능하고, 2층에는 리버 뷰를 보며 태닝이...",http://www.tourcoupon.co.kr/view.html?contentid=2765476,irrelevant,no,,rejected,0.009218
2,A_확신통과,13348,5,SSG,naver_api_hub,"신세계百, 연중 최대 주류 축제 ‘뱅 드 신세계’ 개막… 최대 80% 할인","클래스도 신세계백화점이 전 점포에서 연중 최대 규모의 주류 기획전인 ‘뱅 드 신세계’를 시작해 9월 3일까지 진행한다. 프리미엄 파인 와인부터 일상용 데일리 와인은 물론 사케, 위스키, 논알코올 음료까지 역대...",https://www.etoday.co.kr/news/view/2618600,relevant,no,,accepted,0.962143
2,B_확신거절,20736,5,SSG,kakao_daum,06 19 70 LB세미콘,폰장비스마트홈스킨병스타크래프트2스테이블코인스포츠웨어스포츠의류시멘트시스템시큐센신공항신발신세계그룹신셰계그룹신재생신재생에너지실리콘음극재쌍용차인수아바타아산화질소아연아이오닉5아이폰아토피...,http://img.landmoa.net/?acmode=b_s&curjong=stock001010&no=061970&page=1&orgcstyle=&cstyle=4,irrelevant,yes,,rejected,0.00438
2,A_확신통과,15858,5,SSG,naver_api_hub,[르포] 3만원 스무디·7만원 에코백에도 계산대 북적···LA서 만난 '에...,'에러혼 닮았다'는 청담 식품관···한국도 공간에 값 매긴다 국내에서는 신세계백화점이 선보인 '하우스오브신세계 청담'이 에러혼과 비교되며 주목받았다. 지하 1층 프리미엄 식료품점 '트웰브(TWELVE)'에서는 델리 '트웰브...,https://www.smartbizn.com/news/articleView.html?idxno=152293,irrelevant,no,,accepted,0.940195
2,C_경계,37212,9,쿠팡,kakao_daum,포름알데히드 배추 국내 유입 여부와 식약처 통관 검사 현황 정리,"전량 포름알데히드 검사 진행 통관 단계에서 위해 요인을 사전 차단하는 관리 체계 가동 이 포스팅은 쿠팡 파트너스 활동의 일환으로, 이에 따른 일정액의 수수료를 제공받습니다. 현재 시행 중인 수입 배추 검사...",https://infolife.infowid.com/%ed%8f%ac%eb%a6%84%ec%95%8c%eb%8d%b0%ed%9e%88%eb%93%9c-%eb%b0%b0%ec%b6%94-%ea%b5%ad%eb%82%b4-%ec%9c%a0%ec%9e%85-%ec%97%ac%eb%b6%80%ec%99%80-%ec%8b%9d%ec%95%bd%ec%b2%98-%ed%86%b5%ea%b4%80-%ea%b2%80/,irrelevant,yes,,review_required,0.672771
2,A_확신통과,35249,1,올리브영,naver_api_hub,"올리브영, 8개월 만에 외국인 매출 1조 달성···강원 105% 증가",CJ올리브영 국내 오프라인 매장의 올해 1~8월 외국인 매출이 1조원을 넘어섰다. 지난해보다 3개월 빠른 속도다. 특히 비수도권 관광지 매장의 외국인 매출 증가율이 수도권을 크게 웃돌았다. 올리브영은 올해 8월 기준...,https://www.khan.co.kr/article/202608311408001,relevant,no,,accepted,0.980824
2,C_경계,42115,5,SSG,kakao_daum,"신한카드, 2030 여성 패션 플랫폼 '지그재그'와 첫 PLCC","이용금액도 전월실적에 포함된다. 특별가맹점은 카페(스타벅스·투썸플레이스·폴바셋), 백화점(신세계·롯데·현대), 할인점(이마트·롯데마트), 면세점(신라·신세계·롯데·현대), 택시(카카오T)로 구성됐다...",https://www.whitepaper.co.kr/news/articleView.html?idxno=266263,irrelevant,no,,review_required,0.626741
2,B_확신거절,18918,5,SSG,kakao_daum,/research/redata/daily/20100309/2018585/0309_Kyobo Daily.pdf,SK 텔레콤 192 4 현대건설 250 LG 디스플레이 264 4 현대차 333 LG 전자 178 5 대우증권 246 기아차 220 5 신세계 248 미래에셋증권 76 6 삼성중공업 237 KT&G 206 6 SK 에너지 238 대우조선해양 74 7 우리금융...,https://www.iprovest.com/weblogic/RSDownloadServlet?filePath=%2Fresearch%2Fredata%2Fdaily%2F20100309%2F2018585%2F0309_Kyobo+Daily.pdf,irrelevant,no,,rejected,0.004172
2,F_플랫폼기업,20146,7,카카오,naver_api_hub,[연합뉴스 이 시각 헤드라인] - 10:30,"kr/view/AKR20260828043900001 ■ 6곳 경쟁한 '모두의 AI'…SKT·카카오·KT 최종 선정 과학기술정보통신부는 전 국민 대상 인공지능(AI) 서비스 구축 사업인 '모두의 AI' 프로젝트 수행기관으로 SK텔레콤, 카카오, KT 3개...",https://www.yna.co.kr/view/AKR20260828057700011?input=1195m,relevant,no,,rejected,0.02494
2,F_플랫폼기업,11265,8,네이버,naver_api_hub,"네이버 D2SF, 방산·제조 인프라 스타트업 ‘포지’에 신규 투자",기자ㅣ네이버 D2SF가 방산·제조 인프라 스타트업 '포지(F4GE)'에 신규 투자했다고 26일 밝혔습니다. 포지는... 네이버 D2SF는 글로벌 방산·제조 산업의 공급 부족 문제에서 한국 제조 역량의 사업 기회를 찾아낸 팀이라는 점에...,https://www.inthenews.co.kr/news/article.html?no=90973,relevant,no,,accepted,0.980415
2,A_확신통과,21909,5,SSG,kakao_daum,파비아나필리피 신세계사이먼프리미엄아울렛 여주점,파비아나필리피는 이탈리아의 우아함과 편안함을 상징하는 럭셔리 컨템포러리 브랜드입니다. 고급스러운 천연 소재와 정교한 수작업 장식을 통해 차분하면서도 기품 있는'콰이어트 럭셔리'의 정수를 보여줍니다...,http://www.tourcoupon.co.kr/view.html?contentid=2923083,irrelevant,no,,accepted,0.912278
2,D_중간대역,38518,1,올리브영,naver_api_hub,[Weekly 식품·식음료] 롯데GRS·매일유업·서울우유·BBQ 外,"롯데리아는 '맵단' 트렌드를 반영한 새로운 메뉴를 선보이고, 매일유업은 단백질 음료의 판매처를 올리브영... ■ 매일유업 '퓨어틴', 올리브영 입점…웰니스 소비자 공략 매일유업의 우유 농축 단백질 음료 '퓨어틴'이...",https://www.startuptoday.co.kr/news/articleView.html?idxno=811459,irrelevant,no,,rejected,0.93979
2,D_중간대역,35400,1,올리브영,naver_api_hub,"데이지크, 올영세일 맞아 베스트셀러 기획세트·산리오캐릭터즈 시티팝...",블루밍 무드 메이크업 브랜드 데이지크(dasique)가 9월 올영세일을 맞아 브랜드 베스트셀러로구성된 기획세트와 산리오캐릭터즈 시티팝 에디션을 출시했다고 밝혔다. 이번 올영세일 라인업은 브랜드 대표 베스트셀러에...,http://www.e2news.com/news/articleView.html?idxno=333404,irrelevant,no,,rejected,0.978519
2,E_커뮤니티,40396,5,SSG,kakao_daum,"[네이버] 삼성전자 갤럭시북6 NT740VJQ-A38A 8GB 256GB (1,009,630원) (무료) - 핫딜 - 에펨코리아","3에 램 8GB, SSD 256GB 들어간 14인치 모델임 인강이나 사무용으로 들고 다니기 무난함 네이버 포인트는 멤버십 36,800원+라이브 10,900원 별도 적립됨 구매 체험단 미션 완료하면 신세계상품권 5만원도 증정함",https://www.fmkorea.com/10283441404,irrelevant,yes,,review_required,0.302479
2,C_경계,32997,9,쿠팡,kakao_daum,부민동2가 포스기,배달 연동/프랜차이즈형 중 매장 운영 패턴에 맞는 사양 선택. 배달앱 자동 연동 지원 배달의민족·요기요·쿠팡이츠 자동 주문 수신. 메뉴 연동 가능 여부. 클라우드 매출 자동 백업 단말기 고장에도 데이터...,https://thesavestore.com/%EB%B6%80%EC%82%B0/%EC%84%9C%EA%B5%AC/%EB%B6%80%EB%AF%BC%EB%8F%992%EA%B0%80/%ED%8F%AC%EC%8A%A4%EA%B8%B0,irrelevant,yes,,review_required,0.63571
2,F_플랫폼기업,15407,8,네이버,naver_api_hub,네이버클라우드·LG CNS '원팀' 구성…정부 사이버보안 AI 개발,"네이버클라우드와 LG CNS가 공동 컨소시엄을 구성해 과학기술정보통신부와 정보통신산업진흥원(NIPA)이... 네이버클라우드는 원자력, 금융 등 보안 규제 수준이 높은 영역에서 파운데이션 모델을 폐쇄망·온프레미스...",http://www.wowtv.co.kr/NewsCenter/News/Read?articleId=A202608270391&t=NN,relevant,no,,accepted,0.980684
2,A_확신통과,16241,1,올리브영,naver_api_hub,[현장]물건 놓을 180평 공간이 쉼터로 변신…이마트 월계점 새단장,'장보기'는 더 강하게…식음료 80% 바꾸고 올리브영 3배로 이마트 본업인 장보기도 강화했다. 그로서리... 올리브영은 기존 약 40평에서 120평으로 3배 확대해 정문과 가까운 핵심 공간에 배치했다. 신세계팩토리스토어와...,https://www.newsis.com/view/NISX20260827_0003765324,incidental,no,,accepted,0.939398
2,F_플랫폼기업,23347,7,카카오,naver_api_hub,"체크카드에 카카오페이 연결…하나카드, '내 카드 머니연결' 출시",문화경제 | CNB저널 | 씨앤비저널 하나카드가 카카오페이와 손잡고 기존 하나 체크카드에 카카오페이머니를 연결해 사용할 수 있는 '내 카드 머니연결' 서비스를 출시했다고 28일 밝혔다. '내 카드 머니연결'은 고객이 보유...,https://www.cnbizm.com/news/articleView.html?idxno=313075,incidental,no,,accepted,0.982033
2,A_확신통과,16056,9,쿠팡,naver_api_hub,"쿠팡 ""공정위 조사 못 받겠다""...주병기 위원장 ""형사고발할 것""","쿠팡이 대규모유통업법 관련 공정위의 현장조사를 거부하며 법원에 소송을 제기했다. 사진=연합뉴스 쿠팡이 공정거래위원회의 현장조사를 거부하고 법원에 소송을 제기했다. 주병기 공정거래위원회 위원장은 ""전례 없는...",http://www.opinionnews.co.kr/news/articleView.html?idxno=143645,relevant,no,,accepted,0.983077
2,E_커뮤니티,11708,1,올리브영,kakao_daum,더운 날씨에서 생존하는법!,"보충하기 향수 대신 가벼운 바디 미스트나 데오도란트 활용하기 햇빛 아래 오래 서 있기보다 카페,올리브영 등 시원한 곳을 중간중간 이용하기 작은 파우치에 선크림, 빗, 머리끈, 손수건, 쿨링 티슈 챙기기 이...",https://gall.dcinside.com/mgallery/board/view/?id=onshinproject&no=16439778,irrelevant,no,,accepted,0.932819
2,D_중간대역,35549,4,마켓컬리,kakao_daum,정책 | 서울신문,반드시 척결하겠다”고 말했다. 2024-12-03 소비자 유료 멤버십 중도해지 방해 의혹…쿠팡·네이버·마켓컬리에 칼 뽑은 공정위 쿠팡·네이버·마켓컬리가 소비자들의 유료 멤버십 ‘중도 해지’를 방해했다는...,https://www.seoul.co.kr/newsList/economy/policy/,relevant,no,,accepted,0.82726
2,C_경계,14932,6,11번가,kakao_daum,11번가,,http://m.11st.co.kr/products/m/1215333443?prdNo=1215333443,irrelevant,no,,review_required,0.098623
2,E_커뮤니티,19974,5,SSG,kakao_daum,게임할때 주사율이 중요한걸 알게됨 - PC/콘솔 게임 - 에펨코리아,컴맹 시절을 오랫 동안 지냄 60 프레임으로만 게임해도 불편함을 못느꼈는데 Fhd 144 모니터 사면 신세계가 열린다라는 사람들의 말을 듣고 사서 게임해봤는데.. 그냥 ㄹㅇ 다른 세계임 144로 하다가 60프레임...,https://www.fmkorea.com/10266633132,irrelevant,no,,accepted,0.936948
2,C_경계,38685,1,올리브영,kakao_daum,매출을 높이는 상세페이지 작성의 핵심: 상품 사진과 콘텐츠 제작 비법,"손쉽게 제작할 수 있어요. 심지어 대량 누끼 작업도 자동화할 수 있어요. 배경 제거 마네킹 변경 ㅤ 쿠팡, CJ올리브영과 같은 대형 이커머스 업체들도 신뢰하고 사용하는 드랩아트로 여러분의 상세페이지도 한...",https://draph.ai/detailed-page-product-photo-guide/,irrelevant,yes,,review_required,0.604595
2,F_플랫폼기업,42227,7,카카오,kakao_daum,아차산매운떡볶이 서울본점,정보 식당 종류 분식 주소 서울 광진구 아차산로 345 영업시간 11:00~01:25 가격대 매장 문의 평점 (카카오맵) ⭐ 4.8점 · 리뷰 27건 건대입구 건대입구역 도보권 내 👥 이런 분에게 추천 💑 분위기 데이트 테이블...,https://dinner.ambitstock.com/gundae/restaurant/%EC%95%84%EC%B0%A8%EC%82%B0%EB%A7%A4%EC%9A%B4%EB%96%A1%EB%B3%B6%EC%9D%B4%20%EC%84%9C%EC%9A%B8%EB%B3%B8%EC%A0%90,irrelevant,no,,rejected,0.004434
2,D_중간대역,21461,1,올리브영,naver_api_hub,"힌스, 2026 F/W '스파이스 업 컬렉션' 출시",힌스는 신제품 출시를 기념해 8월 30일부터 9월 5일까지 진행되는 올영세일에 참여한다. 이번 컬렉션의 모든 제품은 전국 올리브영 매장과 공식 온라인몰에서 만나볼 수 있다.,https://www.businesskorea.co.kr/news/articleView.html?idxno=275738,irrelevant,no,,rejected,0.908717
2,F_플랫폼기업,41036,8,네이버,naver_api_hub,"‘제25회 서울카페쇼’, 오는 11월 개막…‘아·태 100대 커피숍’ 첫 발...",새로운 비즈니스와 문화의 가능성이 넓게 펼쳐지는 무대를 준비하겠다”라고 말했다. 한편 제25회 서울카페쇼 입장권은 오는 30일까지 서울카페쇼 공식 홈페이지와 네이버 등 온라인 채널에서 얼리버드 가격으로 판매한다.,https://www.swtvnews.com/news/newsview.php?ncode=1065590980946291,irrelevant,no,,accepted,0.936722
2,A_확신통과,22964,9,쿠팡,kakao_daum,네팔 한국인 실종자 9명 수색 상황,"분석되고 있습니다. 현재까지 파악된 피해 상황을 표로 정리하면 다음과 같습니다. 이 포스팅은 쿠팡 파트너스 활동의 일환으로, 이에 따른 일정액의 수수료를 제공받습니다. 구분 현황 사망자 472명 (네팔 당국...",https://www.sano.co.kr/%eb%84%a4%ed%8c%94-%ed%95%9c%ea%b5%ad%ec%9d%b8-%ec%8b%a4%ec%a2%85%ec%9e%90-9%eb%aa%85-%ec%88%98%ec%83%89-%ec%83%81%ed%99%a9,irrelevant,yes,,accepted,0.933974
2,C_경계,32679,9,쿠팡,kakao_daum,홍차넷 - 질문게시판,26/02/08 1783 0 17206 진로나이에 비해 너무 어리다는 생각이 듭니다 JaneJ 26/01/25 1831 0 17168 진로쿠팡 그만두면 뭘 해야 좋을지 모르겠습니다 @_@. 활활태워라 25/12/29 2672 3 17137 진로부동산을 공부할...,https://redtea.kr/qna?category=3,irrelevant,no,,review_required,0.562309
2,D_중간대역,38700,1,올리브영,kakao_daum,뉴스룸 > 김지우 기자,"추석 선물, 한우만 찾던 시대 끝났다...""경험이 대세"" 신민준 기자 2026.08.31 공항서 '올영' 쇼핑백만 보이더니…올리브영, 외국인 구매만 1조원 경계영 기자 2026.08.31 무신사, 상반기 매출 8217억원 ‘역대...",https://www.edaily.co.kr/jroom/main?jid=zuzu,relevant,no,,rejected,0.555621
2,C_경계,6036,9,쿠팡,kakao_daum,[쿠팡수입] 몰텍스 퓨어앤네이처 밴드형 기저귀,"선택: 5단계, 125매 (2,172명) 81,400원 79,200원 1개당 634원 이전가격 99,000원 보다 20.00%",https://www.sisopick.com/product/%EC%B6%9C%EC%82%B0-%EC%9C%A0%EC%95%84%EB%8F%99/%EA%B8%B0%EC%A0%80%EA%B7%80/%EC%9D%BC%ED%9A%8C%EC%9A%A9%EA%B8%B0%EC%A0%80%EA%B7%80/%EB%B0%B4%EB%93%9C%ED%98%95/%EC%BF%A0%ED%8C%A1%EC%88%98%EC%9E%85-%EB%AA%B0%ED%85%8D%EC%8A%A4-%ED%93%A8%EC%96%B4%EC%95%A4%EB%84%A4%EC%9D%B4%EC%B2%98-%EB%B0%B4%EB%93%9C%ED%98%95-%EA%B8%B0%EC%A0%80%EA%B7%80-5%EB%8B%A8%EA%B3%84-125%EB%A7%A4-NbxQrcGK,irrelevant,yes,,review_required,0.434435
2,C_경계,36287,9,쿠팡,kakao_daum,jyelec_pdf1.pdf,D동 리뉴얼 일반 전기공사 ㈜소노인터내셔널 건축물전기설비 2023.12.31 250 INC16 FC Ph2 전기공사 쿠팡주식회사 건축물전기설비 2023.11.30 249 당진 수청1지구 도시개발사업 중 전기공사 ㈜신성건설 도로전기...,http://jyelec.co.kr/images/jyelec_pdf1.pdf,irrelevant,yes,,review_required,0.553778
2,D_중간대역,35492,4,마켓컬리,kakao_daum,"BC카드 마이태그 5월 혜택 총정리: 마켓컬리, 정관장, 에버랜드 할인 받는 법","마이태그는 카드 혜택 외에 추가로 적용되는 '사전 응모형 혜택'으로, 결제 전 클릭 한 번만으로 마켓컬리, 정관장, 에버랜드 등 주요 가맹점에서 파격적인 캐시백을 제공합니다. 2026년 5월, 반드시 챙겨야 할...",https://www.index2026.com/2026/05/bc-5.html,irrelevant,no,,accepted,0.715523
2,B_확신거절,17566,9,쿠팡,naver_api_hub,"CJ제일제당·㈜오뚜기·빙그레, 협력사 대상 '중대재해처벌법 준수 인증...","또한 무설탕ㆍ무착색료ㆍ무보존료의 '3무(無)' 설계를 했다. 500mL PET 워터 타입으로 15Kcal다. 쿠팡, 컬리 등 주요 온라인 채널을 통해 판매될 예정이며, 소비자 접점을 지속적으로 확대해 나갈 계획이다.",http://www.wsobi.com/news/articleView.html?idxno=317144,irrelevant,no,,rejected,0.085487
2,B_확신거절,23903,5,SSG,kakao_daum,Louis Vuitton(루이비통) M80421 모노그램 쉐도우 포켓 오거나이저 카드지갑 [광주롯데점],GJ21299LV 제품등급 USED SA 참고사항 사이즈 : 가로 8CM / 세로 11CM 색 상 : 네이비 계열 부속품 : 신세계백화점 구매보증서(2021년) Louis Vuitton(루이비통) M80421 모노그램 쉐도우 포켓 오거나이저 카드...,http://mgwangju2.koibito.co.kr/goods_view.html?no=533294,irrelevant,yes,,rejected,0.003865
2,E_커뮤니티,36386,5,SSG,kakao_daum,더뮤즈 동네구멍가게ㄴㄴ,시장에 가면 있는 바닥에 신문지깔고 물건파는 잡상인 근데 어느날와서 내가 너 신세계만들어줄께 이거ㅆㅂ 말안되는거거든 - dc official App,https://gall.dcinside.com/mgallery/board/view/?id=girlidolcontents&no=275482,irrelevant,no,,accepted,0.925358
2,E_커뮤니티,20863,5,SSG,kakao_daum,어제 흑카데미 신세계 중계 맛있게 한 스트리머 누구 없냐 - 스타크래프트 - 에펨코리아,보려고 당사자 크루 말고,https://www.fmkorea.com/10266915799,irrelevant,no,,accepted,0.963522
2,D_중간대역,38662,1,올리브영,kakao_daum,매일유업 '퓨어틴' 올리브영 입점... 코스트코 이어 오프라인 확대,사진=매일유업 제공 7월 코스트코 입점에 이어 올리브영 매장에서도 국산 우유 기반 단백질 음료를 만날 수 있게 됐다. 매일유업은 '퓨어틴(PURETEIN)'이 올리브영에서 판매를 시작했다고 1일 밝혔다. 퓨어틴은...,https://www.maniareport.com/view.php?ud=20260901092531920de3f0aa1be_19,irrelevant,no,,rejected,0.590926
2,A_확신통과,41848,5,SSG,naver_api_hub,이마트 '트레이더스' SSG닷컴 넘어 G마켓까지···온라인 접점 확대,"기존 SSG닷컴에서도 온라인 판매를 하고 있지만, G마켓 고객 기반까지 활용하기 위함이다. 아울러... ◆SSG닷컴 집중·G마켓 '확장' 신세계그룹은 최근 이커머스 사업도 재정비하고 있다. SSG닷컴은 지난달 이사회를 열고...",http://www.finomy.com/news/articleView.html?idxno=260511,relevant,no,,accepted,0.978724
2,B_확신거절,23491,5,SSG,naver_api_hub,"경단기, 2027년 경찰공무원 시험 설명회 개최","추첨을 통해 네이버페이 5만원권, 배달의민족 상품권 2만원권, 에어팟 맥스2, 신세계상품권 30만원권 등 경품을 총 112명에게 제공한다. 에스티유니타스 관계자는 이번 설명회가 경단기와 경폴카의 강사진, 합격 데이터...",http://www.hansbiz.co.kr/news/articleView.html?idxno=860402,irrelevant,no,,rejected,0.004747
2,D_중간대역,19305,2,무신사,naver_api_hub,"앤니즈, 26 FALL 컬렉션 ‘Common Room’ 공개","앤니즈의 26 가을 컬렉션은 8월 28일부터 공식 홈페이지와 29CM를 통해 공개되며, 이후 무신사 등 온라인 플랫폼에서 순차적으로 출시된다. 공식 홈페이지에서는 8월 28일부터 9월 3일까지 신상품 10% 할인 프로모션을...",https://www.fashionbiz.co.kr/article/228967,irrelevant,no,,accepted,0.879001
2,A_확신통과,11836,9,쿠팡,naver_api_hub,"배민은 '전국', 쿠팡이츠는 '서울·경기'…결제 지역 분포 엇갈렸다","지난달 배달의민족과 쿠팡이츠의 결제자 지역 분포가 뚜렷하게 엇갈렸다. 배민은 서울·경기 비중이 40%대로 전국에 고르게 분산된 반면, 쿠팡이츠는 60% 가까이가 서울·경기에 집중됐다. 이는 와이즈앱·리테일이...",https://www.etnews.com/20260826000249,relevant,no,,accepted,0.981769
2,F_플랫폼기업,41999,7,카카오,naver_api_hub,"장수 돌침대, '2026 올해의 브랜드 대상' 기능성침대 부문 20년 연속 1위...",별도의 웨어러블 기기를 착용할 필요 없이 매일 수집된 데이터는 카카오톡 등을 통해 가족과 공유할 수 있다. 카메라와 같은 영상 장비 없이 비접촉 센싱을 통해 수면 데이터를 확인할 수 있어 사생활 노출과 기기 착용에...,http://www.sisunnews.co.kr/news/articleView.html?idxno=245305,irrelevant,no,,accepted,0.94032
2,C_경계,19972,5,SSG,kakao_daum,지고트 신세계사이먼프리미엄아울렛 여주점,지고트는 우아하고 현대적인 감성의 여성복 브랜드입니다. 고품질 소재와 세련된 디자인으로 비즈니스와 일상 모두에 어울리는 제품을 갖추고 있습니다.주소 :경기도 여주시 명품로 360 (상거동) 컨텐츠 수정일...,http://www.tourcoupon.co.kr/view.html?contentid=2914207,irrelevant,no,,review_required,0.387212
2,C_경계,19953,3,에이블리,naver_api_hub,"""큰 옷도 취향대로"" 에이블리, '빅사이즈' 거래액 22%↑",자신의 체형에 맞는 옷과 스타일을 찾는 소비자가 늘면서 에이블리의 빅사이즈 패션 거래액도 두 자릿수 성장했다. 에이블리코퍼레이션이 운영하는 스타일 커머스 플랫폼 에이블리는 지난달 16일부터 23일까지 진행한...,https://www.newsis.com/view/NISX20260828_0003766481,relevant,no,,review_required,0.409083
2,F_플랫폼기업,19502,7,카카오,kakao_daum,2014_taeyang.pdf,"상사가 말할 때는 중간에 끼어들지 말고, 필요할 때 는 적극적으로 도움을 청하라! 4) 음성어 : 문자는 카카오톡, 이메일로 보고하거나 변명하지 마라! 5) 조심어 : 상사나 동료의 사생활에 대한 이야기, 뒷담화...",https://taeyangmetal.com/anniversary/pdf/2014_taeyang.pdf,irrelevant,no,,rejected,0.096313
2,E_커뮤니티,11841,9,쿠팡,kakao_daum,개시발 쿠팡 환불 빨리해줘,돈 돌려줘!!,https://gall.dcinside.com/board/view/?id=comic_new6&no=5935652,relevant,no,,review_required,0.505907
2,A_확신통과,35214,1,올리브영,naver_api_hub,"마지노, '립스(LIPS) 프로그램' 통해 토종 茶 해외 수출까지",올리브영이 운영하는 프리미엄 웰니스 플랫폼 '올리브베러' 광화문 1호점에 입점해 첫 달 브랜드 최고 매출을 기록했다. 준비를 마친 마지노는 이제 실제 미국 소비자와 만나며 시장을 넓혀가고 있다. 아마존 판매...,http://www.metroseoul.co.kr/article/20260831500410,irrelevant,no,,accepted,0.928281
2,A_확신통과,19223,9,쿠팡,kakao_daum,"쿠팡 공정위 현장조사 거부, 취소 소송 제기",쿠팡이 납품업체 할인 비용 전가 의혹과 관련한 공정거래위원회의 현장조사를 거부하고 조사 결정·처분 취소 소송을 제기했습니다. 공정위는 지난 19일부터 24일까지 네 차례 현장조사를 시도했지만 모두 무산...,https://gigglehd.com/gg/soft/19136971,relevant,no,,accepted,0.982981
2,F_플랫폼기업,21378,8,네이버,kakao_daum,"만화책 보러 서점 간다... 영풍문고 ‘코믹스다이브’, 석 달 만에 3곳으로 < 종합 < 일반 < 기사본문...",카카오톡 : @stnnews / STN뉴스=류승우 기자 ********@*********.**.** ▶STN 뉴스 공식 모바일 구독 ▶STN 뉴스 공식 유튜브 구독 ▶STN 뉴스 공식 네이버 구독 ▶STN 뉴스 공식 카카오톡 구독,https://www.stnsports.co.kr/news/articleView.html?idxno=321649,irrelevant,no,,rejected,0.007221
2,A_확신통과,22189,1,올리브영,naver_api_hub,"올리브영, 30일부터 ‘올영세일’ 돌입","올리브영 관계자는 “이번 올영세일은 가을 메이크업 트렌드와 데일리 웰니스, 글로벌 고객의 K-뷰티 수요를 반영해 준비했다”고 말했다. 한편, CJ올리브영은 별도 기준 2분기 매출은 7979억원으로 전년 동기 대비 23...",https://www.megaeconomy.co.kr/news/newsview.php?ncode=1065590244925394,relevant,no,,accepted,0.978475
2,A_확신통과,18606,5,SSG,kakao_daum,"SSG닷컴 라이프스타일 인적분할, 신세계몰 신설…12월 출범","나뉩니다. 패션·뷰티·라이프스타일 사업을 떼어내 별도 법인으로 만드는 결정으로, 이마트와 신세계 간 계열분리 움직임과도 맞물려 있습니다. SSG닷컴 라이프스타일 인적분할이 어떻게 진행되는지 정리...",https://life.infopeople.kr/ssg%eb%8b%b7%ec%bb%b4-%eb%9d%bc%ec%9d%b4%ed%94%84%ec%8a%a4%ed%83%80%ec%9d%bc-%ec%9d%b8%ec%a0%81%eb%b6%84%ed%95%a0-%ec%8b%a0%ec%84%b8%ea%b3%84%eb%aa%b0-%ec%8b%a0%ec%84%a412%ec%9b%94-%ec%b6%9c/,relevant,no,,accepted,0.981115
2,D_중간대역,17873,2,무신사,naver_api_hub,"무신사 일본 글로벌스토어, 7개월 만에 지난해 연간 거래액 넘어서",무신사가 일본 온라인 사업에서 성장세를 이어가고 있다. 무신사는 올해 1월부터 7월까지 글로벌스토어의 일본 지역 거래액이 2025년 연간 거래액을 넘어섰다고 27일 밝혔다. 올해 4월 도쿄에서 열린 무신사 팝업스토어...,https://www.businesspost.co.kr/BP?command=article_view&num=445799,relevant,no,,accepted,0.858023
2,F_플랫폼기업,12113,7,카카오,naver_api_hub,항소심 3차 공판 출석하는 김범수 카카오 미래이니셔티브센터장,SM 엔터테인먼트 인수과정에서 시세조종 공모 의혹을 받고 있는 카카오 창업자 김범수 미래이니셔티브센터장이 26일 오후 서울 서초구 서울고법에서 열린 항소심 3차 공판에 출석하고 있다. (공동취재)...,https://www.newsis.com/view/NISI20260826_0021411754,relevant,no,,accepted,0.982257
2,E_커뮤니티,19863,8,네이버,kakao_daum,엘든링싸게 사는법 알아봄,네이버 멤버십 아님 대원샵을 비교했는데 지금 예판넷만 네멤 무료배송을 주고 카드적립빼고 포인트 쌀먹 다하면 83114원임 물론 네멤 값을 포함하면 88000원인셈 카드있으면 저기사는게 좋음 대원샵은 배송비...,https://gall.dcinside.com/mgallery/board/view/?id=game_nintendo&no=3526982,irrelevant,no,,accepted,0.922876
2,A_확신통과,20954,5,SSG,kakao_daum,다이소도 아닌데 '990원' 제품이…'초저가' 전쟁 벌어진 곳,"이벤트 확대 등 다각적 전략을 구사하고 있다. 대형마트들의 할인 이벤트는 온라인과 동시 진행된다. SSG닷컴은 이마트의 할인 기간 동안 '쓱 장보기 페스타'를 통해 한우 최대 50% 할인, 제철 과일 최대 40...",https://www.hankyung.com/article/202608288292g,relevant,no,,accepted,0.935939
2,E_커뮤니티,6017,8,네이버,kakao_daum,네이버페이15원 왔셩,https://point.pay.naver.com/main 위 주소로 들어가보면 쇼핑라이브가 있셩 방금 시작했어요 라이브로 들어가서 5초보고 5원 3개 15원 받아가셩,https://theqoo.net/square/4325736462,irrelevant,yes,,review_required,0.688837
2,B_확신거절,17837,5,SSG,kakao_daum,오복누리밥상 - 울산남구 한식 맛집 - 다이닝코드,"종류있고 사장님이 설명도 해주셔용 디카페인도 맛있아요 디저트: 휘낭시에도 있고 두쫀쿠도 갓덴스시 신세계백화점 대구점 76점 · 대구동구 · 스시,회전초밥 보라 접시: 한치 초밥 싱싱해서 너무 맛있었어요...",https://www.diningcode.com/profile.php?rid=V5wS0dveZnlg,irrelevant,no,,rejected,0
2,B_확신거절,13100,1,올리브영,kakao_daum,마야 쇼핑 센터,옷들은 많았는데 막상 맘에드는게 없어서안 사오 나왔다는....(참을만 했구나...?) ​그리고 돌아치며 올리브영같이 생긴 곳도 들가보고이것저것 구경 삼매경.(모기퇴치제 등등 가격은 다른데랑 비슷했던 듯) ​감기...,https://sangseek.com/places/chiang-mai/%EB%A7%88%EC%95%BC-%EC%87%BC%ED%95%91-%EC%84%BC%ED%84%B0/ko,irrelevant,no,,rejected,0.009294
2,C_경계,35575,4,마켓컬리,naver_api_hub,"[IT는 지금] 통신 3사, PASS 신분증 QR검증 캠페인 실시 外","◆컬리N마트, 출시 1년 만에 거래액 10배 성장 네이버가 컬리와 함께 출시한 '컬리N마트'가 꾸준한 성장세를 이어오며 1년 만에 오픈 초기 대비 거래액이 약 10배 증가했다. 네이버의 폭넓은 쇼핑 사용자 기반과...",https://dealsite.co.kr/articles/168088,relevant,no,,review_required,0.471162
2,A_확신통과,18123,1,올리브영,naver_api_hub,"이마트 월계점, '스타필드 마켓'으로 리뉴얼…서울 첫 점포","올리브영은 기존보다 3배 넓혔으며 신세계팩토리스토어, 데카트론, ABC마트 등을 새로 입점시켰다. 오는 10월에는 생활용품 매장 '와우샵', 11월에는 유니클로와 무인양품이 문을 열 예정이다. 이마트는 2024년 죽전점을...",http://www.smarttimes.co.kr/news/articleView.html?idxno=48534,relevant,no,,accepted,0.937942
2,C_경계,35120,1,올리브영,kakao_daum,“아이소이 올영세일 3겹 속보습템 수분크림 특가” 캐시워크 정답 8월 30일,[사진=캐시워크] 앱테크의 보상형 앱 캐시워크가 진행하는 돈버는퀴즈 문제 “아이소이 올영세일 3겹 속보습템 수분크림 특가” 실시간 정답을 공개한다. 이번에 공개된 관련 문제는 “아이소이 올영세일 3겹 속...,https://www.regionsweek.kr/quiz/189196/,irrelevant,no,,review_required,0.620336
2,E_커뮤니티,11922,7,카카오,kakao_daum,"'패스 오브 엑자일 2', 12월 12일 정식 출시…신규 클래스 '듀얼리스트' 공개","액션 RPG 요소를 결합한 작품이다. 얼리 액세스 출시 이후 스팀 글로벌 매출 1위를 기록한 작품으로, 카카오게임즈가 국내 서비스를 담당한다. 게임은 정식 출시에 앞서 글로벌 사전등록도 진행한다. 이용자는...",https://gall.dcinside.com/board/view/?id=khgames&no=9978,incidental,no,,accepted,0.927074
2,C_경계,41482,2,무신사,kakao_daum,비즈워치,"1위' 오비맥주, 소주 시장 도전장…'찰랑' 출시 해커 반복 공격에도 '깜깜'…GS리테일, 128억 과징금 무신사, 말레이시아 진출…동남아 사업 '가속' 서울 찍고 전국으로…올리브영, 'K관광 인프라' 됐다 산업...",https://www.bizwatch.co.kr/?c=10,relevant,no,,review_required,0.62843
2,F_플랫폼기업,16541,7,카카오,naver_api_hub,"'모텔 약물 살인' 김소영 1심 무기징역…""살인 고의 인정, 사회 격리""","아울러 김소영 측이 주장하던 유사 강간, 강제추행 혐의 등에 대해서도 ""부적절한 성적 접촉이 있었는지는 카카오톡 내용 등을 비춰봤을 때 없다고 보인다""고 했다. 김소영은 지난해 12월 14일부터 올해 2월 9일까지 20대...",https://www.news1.kr/society/court-prosecution/6271475,irrelevant,no,,accepted,0.940477
2,D_중간대역,38913,4,마켓컬리,naver_api_hub,[뉴스워커_컬리] 네이버와 장보기 협업 성과…컬리N마트 거래액 10배 증...,"컬리는 네이버와 운영하는 장보기 서비스 '컬리N마트'의 월 거래액이 서비스 출시 1년 만에 약 10배 증가했다고 31일 밝혔다. 컬리N마트는 지난해 9월 네이버플러스 스토어에 문을 연 장보기 서비스로, 컬리가 외부...",https://www.newsworker.co.kr/news/articleView.html?idxno=501737,relevant,no,,accepted,0.803894
2,A_확신통과,38980,5,SSG,naver_api_hub,"“새벽배송만으론 부족하다”…온라인 장보기, 이제 ‘단골 전쟁’",SSG닷컴은 이마트의 오프라인 상품 경쟁력과 새벽배송을 결합하는 방식으로 대응하고 있다. SSG닷컴은 올해 1~3월 창고형 할인점 상품을 배송하는 ‘쓱 트레이더스 배송’ 매출이 전년 동기 대비 38% 증가했다고 밝혔다....,https://www.segye.com/newsView/20260901506310?OutUrl=naver,relevant,no,,accepted,0.93944
2,E_커뮤니티,11099,1,올리브영,kakao_daum,일단 한스킨 1개 도착,무싱사랑 올영 둘다 시켰는데 젭알!!,https://gall.dcinside.com/mgallery/board/view/?id=rescene1&no=367169,irrelevant,no,,accepted,0.910381
2,F_플랫폼기업,13460,7,카카오,naver_api_hub,"광양시 공무원, 고양시민원콜센터 벤치마킹…운영 노하우 공유","평일은 오전 8시부터 오후 9시까지, 토요일과 공휴일은 오전 9시부터 오후 6시까지 이용할 수 있다. 전화뿐 아니라 문자와 카카오톡, 페이스북, 트위터 등 다양한 채널을 통한 상담도 제공하고 있다.",http://www.metroseoul.co.kr/article/20260827500009,irrelevant,no,,rejected,0.009943
2,A_확신통과,38598,1,올리브영,naver_api_hub,"운동할 때만 먹는 단백질은 옛말... 매일유업 '퓨어틴', 올리브영 들어...",1일 매일유업은 퓨어틴이 올리브영 매장에서 판매를 시작하고 오는 5일까지 진행되는 '올영세일'에도 참여한다고 밝혔다.퓨어틴은 지난 7월 코스트코를 통해 처음 선보인 단백질 RTD(Ready To Drink) 제품이다.이번...,https://www.insight.co.kr/news/571298,irrelevant,no,,accepted,0.979484
2,A_확신통과,19321,2,무신사,naver_api_hub,"[비즈톡톡] 온라인서 큰 무신사·세터, 다시 거리로… 패션업계가 매장...",국내 패션 시장의 성장세가 둔화한 상황에서도 무신사와 세터(SATUR)를 비롯한 패션 업체들은 오히려... 무신사 자체 브랜드(PB) 무신사 스탠다드의 지난 1분기 오프라인 매출은 전년 동기 대비 86% 증가했습니다. 같은 기간...,https://biz.chosun.com/distribution/channel/2026/08/28/HMB26HYUCJCUBMDF3IU57HSVFM/,relevant,no,,accepted,0.982532
2,B_확신거절,41565,5,SSG,naver_api_hub,"쌍용건설, 양평 '쌍용 더 플래티넘 한강' 10월 분양","단지에서 차량으로 약 15분 거리에 스타필드 하남과 신세계백화점, 이마트 트레이더스 등이 자리 잡고 있다. 교육환경도 갖췄다. 양수초등학교와 양수중학교가 단지와 가까우며, 농어촌특별전형 지원이 가능한 기숙형...",https://www.koreaittimes.com/news/articleView.html?idxno=156630,irrelevant,no,,rejected,0.039372
2,D_중간대역,36927,5,SSG,kakao_daum,매거진,"이미 여러 차례 해본 회사라는 것. '미래 대응력'이라는 말이 공허하지 않은 이유가 여기에 있다. 신세계백화점. 리테일 공간의 조명을 맡았다. 물건이 아니라, 전환을 판다 좋은 조명을 고르는 일과, 조명이...",https://koreabuild.co.kr/bexco/magazine/p/197/,irrelevant,no,,rejected,0.582896
2,C_경계,41321,2,무신사,kakao_daum,"[카드사 풍향계] 신한카드, 지그재그 PLCC 출시…15% 적립 外","오후 5~9시 및 주말 종일)에 CU에서 음료 품목을 구매하면 50% 현장할인이 제공된다. 스포츠용품점·무신사·KREAM을 비롯한 러닝용품과 피트니스 5% 할인, 유튜브 프리미엄·티빙·넷플릭스·멜론 등 스트리밍과...",https://m.ekn.kr/view.php?key=20260901028469113,irrelevant,no,,review_required,0.603356
2,C_경계,36855,9,쿠팡,kakao_daum,SK오션플랜트 매각 결정으로 디오션자산운용 인수 배경과 향후 사업 방향,"반도체 및 AI 기반의 첨단 인프라 구축 역량 강화 재무건전성 확보 및 미래 성장 자금 마련 이 포스팅은 쿠팡 파트너스 활동의 일환으로, 이에 따른 일정액의 수수료를 제공받습니다. 디오션자산운용의 인수 참여...",https://infolife.infowid.com/sk%ec%98%a4%ec%85%98%ed%94%8c%eb%9e%9c%ed%8a%b8-%eb%a7%a4%ea%b0%81-%ea%b2%b0%ec%a0%95%ec%9c%bc%eb%a1%9c-%eb%94%94%ec%98%a4%ec%85%98%ec%9e%90%ec%82%b0%ec%9a%b4%ec%9a%a9-%ec%9d%b8%ec%88%98-%eb%b0%b0/,irrelevant,yes,,review_required,0.676432
2,F_플랫폼기업,20914,8,네이버,naver_api_hub,"리오셀라, 폭넓은 케어 위한 '리뉴 필링 앰플' 출시","맞춰 리뷰 이벤트를 진행하고 있으며, 채널 확장과 함께 프로모션을 순차적으로 확대해 나갈 계획""이라고 덧붙였다. 리오셀라 리뉴 필링 앰플은 리오셀라 자사몰과 네이버 스마트스토어에서 만나볼 수 있다. 이넷뉴스",https://www.enetnews.co.kr/news/articleView.html?idxno=53820,irrelevant,no,,accepted,0.906618
2,A_확신통과,13022,1,올리브영,naver_api_hub,[유행에서 주류로] ② K뷰티 양날의 검 '속도와 가성비'…'브랜드' 만들...,"브랜드가 소비자 트렌드를 포착해 제품을 기획하면 코스맥스·한국콜마 등 ODM 업체가 빠른 개발과 생산을 뒷받침하고, 올리브영과 같은 유통 플랫폼이 소비자 접점을 확대하는 구조다. 국내 K뷰티 업계의 제품 개발...",https://www.yna.co.kr/view/AKR20260826137900030?input=1195m,incidental,no,,accepted,0.939203
2,A_확신통과,21351,1,올리브영,naver_api_hub,"유닉스, 올리브영 산리오캐릭터즈 캠페인서 시나모롤 '테이크아웃' 공개",헤어 디바이스 전문 브랜드 유닉스가 올리브영 산리오캐릭터즈 협업 행사에 참여해 시나모롤 캐릭터를 적용한 무선 소형 고데기 '테이크아웃'을 오는 30일 선보인다. 이번 제품은 산리오캐릭터즈의 '시티 로그' 콘셉트에...,https://www.gokorea.kr/news/articleView.html?idxno=876421,irrelevant,no,,accepted,0.972885
2,F_플랫폼기업,21021,8,네이버,kakao_daum,스타트업 가이드 카테고리 - Page 3 of 133 - 벤처스퀘어,"네이버클라우드·현대건설 만난 스타트업 19개사…씨엔티테크, PoC 연결 씨엔티테크가 신용보증기금, 충남콘텐츠진흥원과 함께 NEST·GST 지원 스타트업을 위한 오픈이노베이션 밋업을 개최했다. 스타트업 19개사...",https://www.venturesquare.net/startup-guide/page/3/,incidental,no,,accepted,0.932766
2,B_확신거절,17660,5,SSG,naver_api_hub,오늘 광주 KIA·롯데전 우천 취소,열릴 예정이던 기아와 롯데와의 15차전이 갑작스러운 폭우로 순연됐습니다. 이에 따라 KIA 간판타자 김도영 선수의 최연소 40홈런 달성 도전도 내일부터 열리는 SSG 랜더스와의 홈경기로 미뤄졌습니다.,https://kjmbc.co.kr/NewsArticle/1534229,irrelevant,no,,rejected,0.00752
2,E_커뮤니티,18910,5,SSG,kakao_daum,멜론 뮤직웨이브 신세계가 있었네.,"타 커뮤에서 뮤직웨이브 이야기가 나오길래, 뭐지? 하다가 멜론에서 본 것같아서 찾아봤더니 이런데가 있었네. 자동 스밍에 센둥이들이 글도 적고 사진도 올려줌;;",https://gall.dcinside.com/mgallery/board/view/?id=rescene1&no=378886,irrelevant,no,,accepted,0.980001
2,B_확신거절,20091,6,11번가,kakao_daum,갤럭시 Z플립 자급제폰 구매 장점 및 통신사 비교,"A10: 삼성전자 공식 홈페이지, 삼성 디지털프라자, 공식 인증을 받은 온라인 쇼핑몰(쿠팡, G마켓, 11번가 등)에서 구매하는 것이 가장 안전하고 좋습니다. 각 채널별로 제공되는 할인 혜택이나 프로모션을 비교...",https://v.daum.net/v/0LB8rKwa31,incidental,no,,rejected,0.004299
2,D_중간대역,6125,5,SSG,naver_api_hub,"다비치안경, 전국 320여 개 매장서 사후 관리 서비스 전개","또한, 신세계면세점과의 제휴 프로모션도 연계 운영된다. 면세점 이용 고객에게는 매장 내 제품 구매 지원과 무료 사후관리가 제공되며, 다비치안경 회원에게는 면세점 쇼핑 관련 혜택이 지급된다. 다비치안경 관계자는...",https://www.gokorea.kr/news/articleView.html?idxno=876318,incidental,no,,accepted,0.892561
2,D_중간대역,17835,5,SSG,kakao_daum,커뮤니티,"창업 후기를 통해, 신규 창업이 아닌 양도양수 방식으로 창업하는 전략에 대해 소개해드리겠습니다. 신세계푸드의 브랜드 파워! 노브랜드 버거는 신세계푸드에서 운영하는 브랜드입니다. 신세계 계열이라는 점은...",https://xn--910b755avick4b6yk.kr/bbs?member=82,incidental,no,,accepted,0.794372
2,C_경계,39070,5,SSG,naver_api_hub,"삼성전자, 실속형 'New 갤럭시 북6' 출시 … 119만원부터","기간 내 구매 고객에게 네이버페이 5만원 포인트를 제공하고, 후기 작성 시 올리브영 5만원 상품권, 매장 픽업 이용 시 신세계 3만원 상품권을 추가로 제공한다. 체험단과 출시 프로모션 기간 구매자에게는 한컴 삼성...",http://www.worktoday.co.kr/news/articleView.html?idxno=88687,irrelevant,no,,review_required,0.008663
2,C_경계,35069,1,올리브영,kakao_daum,올리브영 10월 세일 기간 언제? 올영세일·올영데이 일정 예상과 쟁여두기 추천템 - 뭐가좋지,계속 사용하던 제품을 좋은 구성으로 구입한 경우입니다. 자주 묻는 질문 2026년 올리브영 10월 올영세일은 언제인가요? 대형 올영세일은 통상 3·6·9·12월에 진행되는 행사이므로 10월에 별도의 대형 올영세일...,https://goods.inforich.kr/%ec%98%ac%eb%a6%ac%eb%b8%8c%ec%98%81-10%ec%9b%94-%ec%84%b8%ec%9d%bc-%ea%b8%b0%ea%b0%84-%ec%96%b8%ec%a0%9c-%ec%98%ac%ec%98%81%ec%84%b8%ec%9d%bc%c2%b7%ec%98%ac%ec%98%81%eb%8d%b0%ec%9d%b4-%ec%9d%bc/,relevant,no,,review_required,0.685389
2,E_커뮤니티,22623,8,네이버,kakao_daum,토스카드 혜택 어디서 바꿈,이거 네이버 페이 혜택으로 바꿀려고 하는데 네이버페이 오프라인으로 구매해도 적립 됨?,https://gall.dcinside.com/mgallery/board/view/?id=checkcard&no=27483,irrelevant,no,,accepted,0.877198
2,B_확신거절,18412,5,SSG,naver_api_hub,"[나는 국가대표다] KT 박영현 ""5연패 위해 죽을 각오로 공 던질 것""",21일 인천SSG랜더스필드서 열린 2026 신한 SOL KBO리그 정규시즌 KT 위즈와 SSG 랜더스의 경기서 박영현이 힘차게 공을 던지고 있다. 사진=KT 위즈이번 아시안게임은 박영현에게 매우 중요한 대회다. 시즌 전 개최된 2026년...,https://www.joongboo.com/news/articleView.html?idxno=363735043,irrelevant,no,,rejected,0.008531
2,B_확신거절,23803,9,쿠팡,kakao_daum,드림레일 - 익명게시판,"일주일 동안 열지 않기 일주일 동안 열지 않기 일주일 동안 열지 않기 익명게시판 ""상기 링크(포스팅)는 쿠팡 파트너스 활동의 일환으로, 이에 따른 일정액의 수수료를 제공받습니다."" 코레일 ㅇㅇ16:26 기승소...",https://dreamrail.co.kr/free?page=4887,irrelevant,yes,,rejected,0.025702
2,E_커뮤니티,36602,1,올리브영,kakao_daum,올리브영 쿠폰 나눔 합니다.,올리브영 쿠폰 나눔 합니다. 등록일 2026-08-31 17:45 조회수 162,https://www.ppomppu.co.kr/zboard/view.php?id=coupon&no=117963,irrelevant,yes,,review_required,0.344259
2,E_커뮤니티,37003,1,올리브영,kakao_daum,올영들아 스티커 뜯었으면 미사용이라도 환불 안되지?,ㅈㄱㄴ..,https://www.instiz.net/name/67391650?page=1&category=1,incidental,no,,accepted,0.977194
2,D_중간대역,12955,2,무신사,kakao_daum,무신사 형들 공고 내려가면 사람뽑은거지?,지난주에 지원했는데 이무 연락없어서 기다리고있었는데 갑자기 공고 내려감.. 내 포폴 내놔라 직장인끼리 소개팅하러 가기💛 by 블라인드가 만든 소개팅앱 좋아요좋아요 댓글댓글 공유하기 카카오톡 페이스북...,https://www.teamblind.com/kr/post/%EB%AC%B4%EC%8B%A0%EC%82%AC-%ED%98%95%EB%93%A4-%EA%B3%B5%EA%B3%A0-%EB%82%B4%EB%A0%A4%EA%B0%80%EB%A9%B4-%EC%82%AC%EB%9E%8C%EB%BD%91%EC%9D%80%EA%B1%B0%EC%A7%80-iyzyibm6,incidental,no,,accepted,0.897943
2,A_확신통과,35390,1,올리브영,naver_api_hub,"삐아, 9월 올영PICK 선정 기념 시티팝 감성 산리오캐릭터즈 에디션 출시",삐아가 9월 올영 PICK 선정을 기념해 ‘시티팝 산리오캐릭터즈 에디션’을 8월 30일 올리브영 한정으로... 삐아는 9월 올영세일을 맞아 올리브영 한정 기획세트 4종도 함께 선보인다. 해당 기획세트는 소비자가 취향과...,https://www.megaeconomy.co.kr/news/newsview.php?ncode=1065589202178340,irrelevant,no,,accepted,0.97342
2,C_경계,35448,3,에이블리,kakao_daum,"코스맥스 코스맥스, 인니 대학에 화장품 핵심 체크","핵심 체크 또 다른 보도인 ‘[유통가 NOW] 아모레퍼시픽, 미스토홀딩스, 현대백화점, 코스맥스, 에이블리’도 시장의 관심을 끌었습니다. 같은 종목을 다루더라도 실적과 사업 전망에 관한 뉴스인지, 당일 수급과...",https://www.ezday.co.kr/bbs/view_board.html?q_sq_board=9159949,irrelevant,no,,review_required,0.596636
2,D_중간대역,37116,9,쿠팡,kakao_daum,네팔 대홍수 실종자 3천 명 발생 원인과 히말라야 빙하 붕괴의 위험성,"빙하 붕괴가 직접적인 원인임 100m 높이의 토사 물벽이 계곡을 따라 하류 마을을 덮침 이 포스팅은 쿠팡 파트너스 활동의 일환으로, 이에 따른 일정액의 수수료를 제공받습니다. 지구 온난화와 히말라야 빙하의...",https://infolife.infowid.com/%eb%84%a4%ed%8c%94-%eb%8c%80%ed%99%8d%ec%88%98-%ec%8b%a4%ec%a2%85%ec%9e%90-3%ec%b2%9c-%eb%aa%85-%eb%b0%9c%ec%83%9d-%ec%9b%90%ec%9d%b8%ea%b3%bc-%ed%9e%88%eb%a7%90%eb%9d%bc%ec%95%bc-%eb%b9%99%ed%95%98/,irrelevant,yes,,accepted,0.744145
2,D_중간대역,20781,3,에이블리,naver_api_hub,[유통 딜리버리] GS리테일ㆍ롯데마트ㆍCJ올리브영ㆍ우아한형제들ㆍ현대...,"▲에이블리, 빅사이즈 카테고리 거래액 22% 성장 에이블리의 '빅사이즈 연합전' 기간 동안 빅사이즈 카테고리 거래액이 전년 대비 22% 성장했다. 지난 7월 16일부터 23일까지 연합전을 진행, 체형 관련 키워드 검색량은...",https://www.dnews.co.kr/uhtml/view.jsp?idxno=202608280835255450677,relevant,no,,accepted,0.824345
2,F_플랫폼기업,20795,8,네이버,kakao_daum,총리 규제합리화 간담회에서 밝힌 핵심 내용과 기업 변화 예상,"다카이치 추도사 반성 삭제 아베 계승 논란 조기 대선 후 국무총리 임기 변화 한성숙 국무총리 프로필, 네이버 대표에서 국정 조율까지 최태원 노소영 자녀와 9440억 판결 오늘 결판 한성숙 총리 후보 프로필과...",https://www.mbcdy.com/%ec%b4%9d%eb%a6%ac-%ea%b7%9c%ec%a0%9c%ed%95%a9%eb%a6%ac%ed%99%94-%ea%b0%84%eb%8b%b4%ed%9a%8c%ec%97%90%ec%84%9c-%eb%b0%9d%ed%9e%8c-%ed%95%b5%ec%8b%ac-%eb%82%b4%ec%9a%a9%ea%b3%bc-%ea%b8%b0%ec%97%85,irrelevant,no,,accepted,0.939799
2,F_플랫폼기업,22857,8,네이버,naver_api_hub,"극단 인파, 창단 10주년 기념작 '미친새' 9월 4일~6일 공연","이번 공연은 극단 인파가 주최 및 주관하며, 티켓 예매는 플레이티켓과 네이버 예약을 통해 진행할 수 있다. 작품을 완성하기 위해 인천대학교 출신을 비롯한 실력파 창작진과 배우들이 의기투합했다. 박양호의 원작...",http://www.iminju.net/news/articleView.html?idxno=168736,irrelevant,no,,rejected,0.066733
2,F_플랫폼기업,18150,8,네이버,kakao_daum,인터넷 개인방송 > 인터넷 개인방송 준비 > 인터넷 개인방송 이해하기 > “인터넷 개인방송”이란...,"인터넷개인방송 출연 아동·청소년 보호 지침」 제2조제1호 참고). 예를 들면, 국내 플랫폼으로는 네이버TV·SOOP(舊 아프리카TV) 등이 있으며, 글로벌 플랫폼으로는 유튜브 등이 인터넷 개인방송에 해당합니다...",https://www.easylaw.go.kr/CSP/CnpClsMain.laf?csmSeq=1575&ccfNo=1&cciNo=1&cnpClsNo=1,irrelevant,no,,rejected,0.015031
2,D_중간대역,20347,5,SSG,naver_api_hub,"대상 청정원, 고물가 추석 겨냥…실속·프리미엄 선물세트 동시 강화","내부에는 휴대와 사용이 편리한 5g 파우치형 미원이 담겼으며, 대상 공식 온라인몰 정원e샵과 컬리, SSG닷컴 등 주요 온라인 채널에서 판매된다. 온라인 전용 선물세트에는 차인철 아티스트와의 협업 디자인이 적용됐다....",http://www.whitepaper.co.kr/news/articleView.html?idxno=266106,irrelevant,no,,rejected,0.91411
2,E_커뮤니티,20264,8,네이버,kakao_daum,이야 라인프렌즈 신한카드 해택 지리긴 하네 - 디지털 (컴퓨터/폰/IT) - 에펨코리아,7월 네멤때 신한카드로 누적 몇십만원 채우고 응모하면 네이버 포인트 준다길래 일단 신청하고 응모했는데 오늘 23만포인트 들어옴 ㅋㅋ,https://www.fmkorea.com/10266691544,irrelevant,no,,accepted,0.924696
2,E_커뮤니티,41972,8,네이버,kakao_daum,"[네이버] 농심 배홍동 비빔면 (137g, 12개) (7,270원) (무료) - 핫딜 - 에펨코리아",배홍동 봉당 600원정도 쿠폰있어서 할인율높음 https://shopping.naver.com/festa/onsale/699ceb9398f1530c6f40ef49 쿠폰,https://www.fmkorea.com/10283976475,irrelevant,yes,,review_required,0.342803
2,D_중간대역,39157,5,SSG,kakao_daum,성장통 털어낸 KIA 성영탁…코치진 신뢰와 ‘몸쪽 승부’,지난달 29일 광주-기아 챔피언스필드에서 열린 SSG와 경기에서 피칭하고 있는 성영탁. KIA 타이거즈 제공 KIA 타이거즈의 '특급 불펜' 성영탁이 여름철 찾아왔던 성장통을 완전히 털어내고 강력한 주무기 투심...,https://www.jnilbo.com/news/articleView.html?idxno=90000061277,irrelevant,no,,rejected,0.578553
2,F_플랫폼기업,16246,8,네이버,naver_api_hub,"2014년 그 감동 그대로…이소라, ‘GMF 2026’ 출연 확정","로시, 그리고 ‘싱어게인4’ 우승자 이오욱이 신규 합류했다. 가을을 대표하는 음악 축제 GMF 2026의 최종 라인업은 오는 9월 16일 공개될 예정이며, 공식 티켓은 NOL, 예스24, 네이버, 티켓링크를 통해 예매 가능하다.",https://sports.donga.com/ent/article/all/20260827/134556328/1,irrelevant,no,,rejected,0.00997
2,B_확신거절,17018,9,쿠팡,naver_api_hub,'전두환 손자' 전우원 뜻밖의 근황…'이 알바'로 생계 이어가고 있었다,"그는 주먹밥을 먹은 뒤 다른 하나를 챙기며 ""오늘 알바할 때 쿠팡 배송이 엄청 많다고 했다. 무거운 걸 많이 옮기고 일을 많이 해야 하기 때문에 에너지가 필요할 것 같아서 아껴뒀다가 오후에 먹겠다""고 말했다.이어...",https://www.wikitree.co.kr/articles/1155415,irrelevant,no,,rejected,0.050503
2,D_중간대역,22910,5,SSG,kakao_daum,시코르 타임스퀘어점,시코르(CHICOR)는 신세계백화점이 엄선한 글로벌 뷰티 브랜드들을 자유롭게 체험할 수 있는 뷰티 전문 편집 매장입니다. 스킨케어부터 메이크업까지 전 세계의 핫한 뷰티 아이템들을 한눈에 비교하고 즐길 수...,http://www.tourcoupon.co.kr/view.html?contentid=2924102,irrelevant,no,,accepted,0.869786
2,D_중간대역,38672,1,올리브영,kakao_daum,코스트코 할인 품목 매일유업 퓨어틴 올리브영 입점 행사와 구매 혜택 정보,"코스트코 할인 품목 매일유업 퓨어틴 올리브영 입점 행사와 구매 혜택 정보 글쓴이 / 9월 1, 2026 매일유업의 고단백 음료 퓨어틴이 올리브영에 신규 입점하며 9월 5일까지 올영세일 기간 동안 1+1 증정과 10...",https://infotipguide.com/%ec%bd%94%ec%8a%a4%ed%8a%b8%ec%bd%94-%ed%95%a0%ec%9d%b8-%ed%92%88%eb%aa%a9-%eb%a7%a4%ec%9d%bc%ec%9c%a0%ec%97%85-%ed%93%a8%ec%96%b4%ed%8b%b4-%ec%98%ac%eb%a6%ac%eb%b8%8c%ec%98%81-%ec%9e%85%ec%a0%90/,irrelevant,no,,rejected,0.676408
2,E_커뮤니티,33061,9,쿠팡,kakao_daum,주딱아 상식적으로 딸배갤에서 통피차단이 말이되냐?,배송하다 틈틈히 갤보고 댓글도 쓰고 뻘글도 싸는게 쿠팡갤인데 통피 막아버리면 누가 쓰라는거냐 와이파이잡거나 컴퓨터로 갤질하는 사람이 몇이나 있겠냐 생각을좀 해라 주딱 바뀌자마자 글리젠 망한거 안...,https://gall.dcinside.com/mgallery/board/view/?id=cp&no=322165,irrelevant,no,,accepted,0.937713
2,A_확신통과,12883,2,무신사,naver_api_hub,"무신사, 일본 거래액 2년 새 5배…내년 도쿄 오프라인 매장 출점",컨슈머타임스=안솔지 기자 | 무신사가 일본에서 올해 약 7개월 만에 글로벌 스토어의 지난해 연간 거래액과... 도쿄에 무신사 오프라인 매장을 열어 현지 사업을 넓힌다. 글로벌 스토어의 일본 거래액은 2025년 기준...,https://www.cstimes.com/news/articleView.html?idxno=718205,relevant,no,,accepted,0.975349
2,F_플랫폼기업,11694,7,카카오,kakao_daum,시어머니 폭언 이혼 반복되는 모욕을 더 참아야 할까요?,이혼을 통보하기 전부터 자료를 보존해야 하는 이유입니다. 자료 확인할 수 있는 내용 녹음·문자·카카오톡 폭언의 표현과 당시 대화 분위기 가족 단체대화방 시어머니의 발언과 다른 가족의 반응 남편에게 보낸...,https://family-illo.com/post/%ec%8b%9c%ec%96%b4%eb%a8%b8%eb%8b%88%ed%8f%ad%ec%96%b8%ec%9d%b4%ed%98%bc/,irrelevant,no,,accepted,0.9406
2,E_커뮤니티,21910,5,SSG,kakao_daum,와...에쏘 뭔데,진짜 즐거운 시간이었다 와 신세계,https://gall.dcinside.com/mgallery/board/view/?id=coffee&no=689664,irrelevant,no,,accepted,0.929323
2,F_플랫폼기업,6258,7,카카오,kakao_daum,"카카오 노조, 본사 ‘인적분할’에 26일 판교서 집회",모바일웹 로그인 회원가입,https://www.viva100.com/main/article/20260826500624,relevant,no,,accepted,0.9474
2,E_커뮤니티,15691,7,카카오,kakao_daum,카카오로 주담대 신청했는데 심사랑 약정완료 - 부동산,심사완료되고 바로 앱으로 계약 완료하고 법무사사무소 배정되서 견적 날라왔는데 끝난건가요??? 카뱅 앱 메인페이지에 대출금액 나오고 실행 몇일전 이렇게 뜨는데 끝?? 주담대때문에 엄청 고생했더니 불안해서..,https://www.fmkorea.com/10263173942,relevant,no,,accepted,0.981177
2,C_경계,32987,9,쿠팡,kakao_daum,위인프로젝트로 우리 역사를 즐겁게 배우는 방법,"활동을 구성하는 것입니다. 실제 수업에서 큰 호응을 얻었던 활동들을 소개합니다. 이 포스팅은 쿠팡 파트너스 활동의 일환으로, 이에 따른 일정액의 수수료를 제공받습니다. 손으로 기억하는 역사 체험 아이들은...",https://www.sano.co.kr/%ec%9c%84%ec%9d%b8%ed%94%84%eb%a1%9c%ec%a0%9d%ed%8a%b8%eb%a1%9c-%ec%9a%b0%eb%a6%ac-%ec%97%ad%ec%82%ac%eb%a5%bc-%ec%a6%90%ea%b2%81%ea%b2%8c-%eb%b0%b0%ec%9a%b0%eb%8a%94-%eb%b0%a9%eb%b2%95,irrelevant,yes,,review_required,0.619197
2,F_플랫폼기업,13895,7,카카오,kakao_daum,작문 스터디 서루 스터디원 모집,비대면 면접(온라인) :구글폼에 기재된 연락처 통해 전화 또는 줌 링크 전달 3. OT(최종 선정) [문의] 카카오톡 오픈채팅 https://open.kakao.com/o/s1S0zTzh 스터디 이름인 ‘서루’는 옛말로 글을 짓고 책을...,https://kluboapp.com/team/detail/1015,irrelevant,yes,,rejected,0.004744
2,E_커뮤니티,15288,2,무신사,kakao_daum,오늘 리센느 소비가 없어서 어쩔 수 없이,한스킨 무신사 전용 포카를 노리고 핑크 세럼 구매함. 세럼부자인데 중복만 없어라.. - dc official App,https://gall.dcinside.com/mgallery/board/view/?id=rescene1&no=372717,irrelevant,no,,accepted,0.894776
2,B_확신거절,15927,9,쿠팡,kakao_daum,Sochi Food 맛집 추천 앱 다운로드 및 리뷰,"Eats는 러시아 전역에서 가장 인기 있는 음식 배달 앱 중 하나입니다. 마치 한국의 배달의민족이나 쿠팡이츠처럼, 수많은 지역 레스토랑과 연결되어 있어 원하는 음식을 집이나 호텔에서 편안하게 즐길 수...",https://v.daum.net/v/VV90Plfzik,irrelevant,yes,,rejected,0.023195
2,A_확신통과,21658,9,쿠팡,kakao_daum,"위성락, “우리 안보태세 이완되거나 ‘한국 패싱’ 없게 유의” < 정부정당 < 기사본문 - 통일뉴스","무엇보다도 한미 간 정책적인 공조와 소통이 중요하다”고 강조했다. “지금 한미 간에는 투자 문제, 쿠팡 등 기업 문제, 안보 협력, 정보 협력, 전작권 문제 등 다양한 현안들이 있다”며 “정부는 현안들을 잘...",http://www.tongilnews.com/news/articleView.html?idxno=217316,relevant,no,,accepted,0.940679
2,C_경계,36283,9,쿠팡,kakao_daum,칠성사이다 190ml 30개 미니캔 최저가 구매 팁 & 탄산 유지 실속 후기 - 스마트 컨슈머의 선택,"홈종합 가성비 및 생활 꿀템 이 포스팅은 쿠팡 파트너스 활동의 일환으로, 이에 따른 일정액의 수수료를 제공받습니다. 칠성사이다 190ml 30개 미니캔 최저가 구매 팁 & 탄산 유지 실속 후기 제품 사진 베스트...",https://hayul.drakaras.com/%ec%b9%a0%ec%84%b1%ec%82%ac%ec%9d%b4%eb%8b%a4-190ml-30%ea%b0%9c-%eb%af%b8%eb%8b%88%ec%ba%94-%ec%b5%9c%ec%a0%80%ea%b0%80-%ea%b5%ac%eb%a7%a4-%ed%8c%81-%ed%83%84%ec%82%b0-%ec%9c%a0%ec%a7%80/,irrelevant,yes,,review_required,0.57336
2,D_중간대역,21518,9,쿠팡,kakao_daum,나연 청담동 건물 매입으로 알아본 아이돌 부동산 재테크의 현실적인 수익 구조 분석,"높은 자산 가치 방어력 유명 연예인 밀집 지역 특유의 철저한 보안 및 사생활 보호 시스템 이 포스팅은 쿠팡 파트너스 활동의 일환으로, 이에 따른 일정액의 수수료를 제공받습니다. 나연 청담동 건물 매입이...",https://infolife.infowid.com/%eb%82%98%ec%97%b0-%ec%b2%ad%eb%8b%b4%eb%8f%99-%ea%b1%b4%eb%ac%bc-%eb%a7%a4%ec%9e%85%ec%9c%bc%eb%a1%9c-%ec%95%8c%ec%95%84%eb%b3%b8-%ec%95%84%ec%9d%b4%eb%8f%8c-%eb%b6%80%eb%8f%99%ec%82%b0-%ec%9e%ac/,irrelevant,yes,,accepted,0.878688
2,F_플랫폼기업,37255,7,카카오,kakao_daum,함안 온누리상품권 사용처 찾기 가맹점 조회와 전통시장 이용방법,"이용할 수 있나요? 디지털 온누리상품권 앱에서 주변 가맹점을 확인하고, 현장에서는 가맹점 스티커를 확인해 사용하면 됩니다. 이 글이 도움이 되셨다면 공유해 주세요 카카오톡 X(트위터) 페이스북 주소 복사",https://asset365.kr/%ED%95%A8%EC%95%88-%EC%98%A8%EB%88%84%EB%A6%AC%EC%83%81%ED%92%88%EA%B6%8C-%EC%82%AC%EC%9A%A9%EC%B2%98-%EC%B0%BE%EA%B8%B0-%EA%B0%80%EB%A7%B9%EC%A0%90-%EC%A1%B0%ED%9A%8C%EC%99%80-%EC%A0%84%ED%86%B5/,irrelevant,no,,rejected,0.013222
2,B_확신거절,19534,1,올리브영,naver_api_hub,"페리페라, 가을 무드 담은 립·아이·치크 신제품 8월 30일 출시",이와 함께 올리브영 단독 기획세트도 각 제품별로 마련해 증정품을 함께 구성했다. 이번 신제품은 오는 8월 30일부터 올리브영과 클럽클리오몰 등 주요 온·오프라인 채널에서 만나볼 수 있다. 자세한 제품 정보는...,https://www.fashionbiz.co.kr/article/228978,irrelevant,no,,rejected,0.035822
2,B_확신거절,14396,5,SSG,naver_api_hub,"형지엘리트 윌비플레이, 강백호·문보경과 유소년 야구 지원","윌비플레이는 강백호, 문보경 선수를 비롯해 박건우(NC 다이노스), 박성한(SSG 랜더스), 황성빈(롯데 자이언츠) 등 브랜드 후원 선수들의 기부 활동에 지속적으로 동참하고 있다. 선수들과 함께 진행한 중고교 야구 선수...",http://www.ktnews.com/news/articleView.html?idxno=147986,irrelevant,no,,rejected,0.007547
2,E_커뮤니티,19360,2,무신사,kakao_daum,이도현,with LEE DO HYUN 1 04.08 208 26078 도스타그램....🦊💙 2 03.23 368 26077 엔카 새 광고 4 03.09 283 26076 무신사 새 사진들 떴다... 4 02.28 538 26075 💙도스타그램 업데이트💙 2 02.13 482 26074 💙무신사...,https://theqoo.net/leedohyun?page=1305,irrelevant,no,,accepted,0.933775
2,F_플랫폼기업,17046,7,카카오,naver_api_hub,너무 커진 카카오… '확장 시대' 끝내고 AI로 집중,"금융부터 콘텐츠, 모빌리티까지 몸집을 불려온 카카오가 그룹의 운영 방식을 근본적으로 바꾼다. 카카오톡과 인공지능(AI)을 중심으로 한 사업회사와 주요 계열사의 투자·관리를 담당하는 회사를 분리하면서다....",https://www.pressman.kr/news/articleView.html?idxno=103375,relevant,no,,accepted,0.98252
2,D_중간대역,35323,2,무신사,kakao_daum,익명게시판 갤러리,방마다 광고글 올리는 사람들이 너무 많아 2026.08.21 4 11260 체키 데이트 사진 유출됨 3 2026.08.21 3 11259 무신사 자주 쓰면 이것도 해봐 1 2026.08.21 1 11258 공연 예매 전에 좌석표만 계속 보는 덬 있어...,https://deokjil.com/ilsang/page/2,irrelevant,no,,rejected,0.554277
2,A_확신통과,16682,2,무신사,kakao_daum,무신사 옷사기 ㅈㄴ힘드네 ㅆㅃ,물량좀 많이좀 가져와 재입고떠서 가보면 또매진이네 씨부랄꺼,https://www.inven.co.kr/board/lostark/6271/4048004,relevant,no,,accepted,0.916695
2,F_플랫폼기업,23096,7,카카오,naver_api_hub,"""쓰던 체크카드 그대로""... 하나카드, 카카오페이머니 연결한다",사진=하나카드 하나카드가 카카오페이와 손잡고 기존 체크카드에 카카오페이머니를 연결해 결제할 수 있는 서비스를 선보인다. 새로운 체크카드를 발급받지 않고도 기존 카드를 카카오페이머니 결제 수단으로 활용할 수...,http://www.thefirstmedia.net/news/articleView.html?idxno=207155,incidental,no,,accepted,0.979268
2,B_확신거절,14054,5,SSG,naver_api_hub,"[KBO] KT, 두산 상대 9회말 '김현수 끝내기' 승리..단독 선두 수성",광주-기아 챔피언스필드에서 롯데 자이언츠에 16-11로 승리했다. KIA 김도영은 1회말 3점 홈런을 쏘아올리며 역대 최연소 시즌 40홈런에 단 1개만을 남겼다. SSG 랜더스는 인천에서 한화 이글스를 6-1로 제압했다.,https://www.hg-times.com/news/articleView.html?idxno=304753,irrelevant,no,,rejected,0.007824
2,D_중간대역,13447,5,SSG,kakao_daum,오늘 뜬 인기 TOP50 채용공고,정밀화학 인재채용 📊주식시장 점유율 1위 키움증권 2026년 하반기 대졸 신입사원 공개채용 #설명회 🏦신세계그룹 자회사 에스엠피엠씨 SMPMC 부문별 경력사원 모집 🔒9/11(금) 캐치카페 신촌점 금융보안원 2027년도...,https://www.catch.co.kr/NCS/RecruitSearch?theme=76&recruit=&scrollTo=searchDetail,irrelevant,no,,accepted,0.852578
2,C_경계,35807,6,11번가,kakao_daum,2026 추석 국내여행 숙소 예약 할인받는 방법｜호텔·펜션 최저가 비교와 취소 주의사항 - 하얀하늘,"확인해야 합니다. 3. 숙박 앱 두 곳 이상에서 같은 객실을 비교한다 NOL, 여기어때, 네이버 여행, 11번가 여행 등에서 같은 숙소와 객실명을 검색해 보는 것이 좋습니다. 이때 숙소 이름만 같다고 같은 상품으로...",https://warmstorywp.com/2026-%ec%b6%94%ec%84%9d-%ea%b5%ad%eb%82%b4%ec%97%ac%ed%96%89-%ec%88%99%ec%86%8c-%ec%98%88%ec%95%bd-%ed%95%a0%ec%9d%b8%eb%b0%9b%eb%8a%94-%eb%b0%a9%eb%b2%95%ef%bd%9c%ed%98%b8%ed%85%94%c2%b7%ed%8e%9c/,irrelevant,no,,review_required,0.526789
2,B_확신거절,16288,9,쿠팡,naver_api_hub,"전두환 손자, '택배 상하차' 알바…""허리 끊어질 듯 아파""",남은 하나를 챙기며 “오늘 알바할 때 쿠팡 배송이 엄청 많다고 했다. 무거운 걸 많이 옮기고 일을 많이 해야 하기 때문에 에너지가 필요할 것 같아서 아껴뒀다가 오후에 먹겠다”고 말했다. 이후 점퍼와 패딩 조끼를 입고...,https://www.newsis.com/view/NISX20260827_0003765464,irrelevant,no,,rejected,0.079936
2,C_경계,35502,4,마켓컬리,kakao_daum,"풀무원 쫄면을 저렴하게 구매하는 곳, 온라인과 오프라인","온라인과 오프라인을 함께 확인하는 게 좋아요. 온라인에서는 쿠팡(https://www.coupang.com), 마켓컬리(https://www.kurly.com), 네이버쇼핑(https://shopping.naver.com)에서 풀무원 쫄면을 검색하면 묶음 할인...",https://picjjang.com/1003703/,irrelevant,yes,,review_required,0.651319
2,B_확신거절,19898,2,무신사,naver_api_hub,"이통3, '모두의 AI' 사업자 선정…전 국민 AI 서비스 구축","KT 컨소시엄에는 무신사·직방·다음·EBS·매스프레소·BC카드·커넥트웨이브·딥서치 등 서비스 기업이 참여한다. AI 모델·플랫폼 분야에는 업스테이지, 모티프테크놀로지스, NC AI, 솔트룩스, 액션파워가, 인프라...",https://www.etnews.com/20260828000076,incidental,no,,rejected,0.005396
2,A_확신통과,18781,5,SSG,naver_api_hub,"아웃백, 복합쇼핑몰 매장 성장…용산점 7~8월 매출 113% 증가","오는 9월에는 신세계백화점 의정부점에 새 매장을 열 예정이다. 아웃백 관계자는 ""쇼핑과 문화생활, 외식을 한곳에서 즐기려는 소비자가 늘면서 복합쇼핑몰 매장의 실적도 성장하고 있다""며 ""지역별 상권과 고객 이용...",https://www.thefairnews.co.kr/news/articleView.html?idxno=86378,irrelevant,no,,accepted,0.93822
2,C_경계,20383,5,SSG,kakao_daum,마쥬 신세계사이먼프리미엄아울렛 부산점,마쥬는 자유분방하면서도 우아한 파리지앵의 감성을 담은 프랑스 여성복 브랜드입니다. 섬세한 자수와 감각적인 실루엣의 의류를 통해 여성의 아름다움을 자연스럽게 드러내며 전 세계적인 인기를 얻고 있습니다...,http://www.tourcoupon.co.kr/view.html?contentid=2915151,irrelevant,no,,review_required,0.605285
2,E_커뮤니티,35098,1,올리브영,kakao_daum,올영 기프트 카드 실물카드 없나요 ::: 82cook.com 자유게시판,수능치는 고3들애개 실질적으로 더 좋아하는 올영 기프트카드에 작은 초코렛이랑 같이 선물 줄려고하는데 스벅처럼 실물카드는 구매 못하나요 지인 자녀들이라 전화번호를 알수도 없고 지인들 통해 건네줘야...,https://www.82cook.com/entiz/read.php?bn=15&num=4233945,incidental,no,,accepted,0.975615
2,C_경계,21830,3,에이블리,naver_api_hub,"에이블리, 빅사이즈 카테고리 거래액 22% 증가",에이블리의 빅사이즈 카테고리 거래액이 증가했다. 에이블리코퍼레이션이 운영하는 스타일 커머스 플랫폼 에이블리는 지난 7월 16일부터 23일까지 진행한 ‘빅사이즈 연합전’ 기간 빅사이즈 카테고리 거래액이 전년...,https://www.megaeconomy.co.kr/news/newsview.php?ncode=1065589706854718,relevant,no,,review_required,0.390768
2,A_확신통과,11139,5,SSG,naver_api_hub,"스포츠토토, 제주서 스포츠드림데이 3차 성료","1차 행사는 성남FC와 연계해 다문화가족 약 50명을 초청했고, 2차 행사는 SSG 랜더스와 함께 인천 지역아동센터 4개소 아동·청소년 약 50명에게 프로야구 관람과 체험 기회를 제공했다. 이번 3차 행사는 제주 지역으로 운영...",http://www.hansbiz.co.kr/news/articleView.html?idxno=859718,irrelevant,no,,accepted,0.935023
2,E_커뮤니티,42117,6,11번가,kakao_daum,189만원 ㄱㅊ?,"http://www.11st.co.kr/products/9201147824/share [11번가] MSI MAG 코덱스 Z2 A7NVM (MA10) 게이밍컴퓨터 AMD R5-7500F RTX5060Ti SSD1TB 램16G 출.장.AS 데스크탑>조립/베어본PC>R5, 가격 : 1,893,000원...",https://gall.dcinside.com/mgallery/board/view/?id=desktopcomputer&no=111782,irrelevant,yes,,review_required,0.320296
2,C_경계,35652,4,마켓컬리,naver_api_hub,"컬리N마트, 1년 만에 거래액 10배 성장…3040 단골 잡아",네이버가 컬리와 함께 선보인 온라인 장보기 서비스 ‘컬리엔(N)마트’의 거래액이 출시 1년 만에 약 10배 늘어난 것으로 나타났다. 네이버는 지난해 9월 출시한 컬리엔마트의 거래액이 서비스 초기보다 약 10개 증가...,https://www.hani.co.kr/arti/economy/it/1275444.html,relevant,no,,review_required,0.565298
2,C_경계,35630,4,마켓컬리,naver_api_hub,"컬리N마트, 네이버 오픈 이후 거래액 10배↑…'컬리온리' 통했다",컬리가 31일 네이버플러스 스토어 장보기 서비스인 '컬리N마트'의 월 거래액이 론칭 1년 만에 약 10배 증가했다고 밝혔다. 컬리에 따르면 단골 고객은 주 1회 이상 해당 서비스를 이용 중이며 구매 고객 1인당 월 주문...,https://www.fetv.co.kr/news/articleView.html?idxno=309356,relevant,no,,review_required,0.432411
2,B_확신거절,17689,9,쿠팡,naver_api_hub,취업설명 듣는 구직자,"27일 대구 남구 영남이공대에서 열린 '쿠팡풀필먼트서비스(CFS) 대구·경북 채용페스타'를 찾은 구직자들이 취업 설명을 듣고 있다. 지역 청년에게 AI 물류 분야 취업 기회를 제공하고, 기업에는 우수 인재 채용을...",https://www.news1.kr/photos/8075769,incidental,no,,rejected,0.080232
2,F_플랫폼기업,19451,7,카카오,naver_api_hub,"'죄송하다'면서 보증금은 내년에 준다는 집주인, 연 12% 이자까지 받아...","집주인은 카카오톡과 통화로 여러 차례 ""미안하다, 지금은 돈이 없다""며 반환이 어렵다는 점을 인정했다. 그러면서 ""빠르면 내년 5월쯤 가능하다""며 막연한 약속만 반복하는 상황. A씨는 전세대출 금리가 두 배 넘게 뛰어...",https://lawtalknews.co.kr/article/BCUDNDY8G2J8,irrelevant,no,,accepted,0.940773
2,F_플랫폼기업,23995,8,네이버,naver_api_hub,"플랜, 네팔 대형 홍수·산사태 현장 긴급구호 활동 및 국내 모금 캠페인...","이에 플랜은 네팔 현지 긴급구호 활동을 신속하게 지원하기 위해 국내 네이버 해피빈 및 ARS 등 다양한 채널을 통한 긴급 모금을 전격 시작했다. 모인 후원금은 현지 이재민 가구와 아동에게 식수, 식량, 긴급 구호물품 및...",http://www.wowtv.co.kr/NewsCenter/News/Read?articleId=A202608280584&t=NN,incidental,no,,accepted,0.935773
2,B_확신거절,5492,6,11번가,naver_api_hub,폭염·휴가철에 유통시장 지형 변화···온라인 매출 8.5% 증가,"이마트, 홈플러스, 롯데마트, 농협·하나로마트, 지에스25, 씨유, 세븐일레븐, 이마트24 등)와 온라인 유통업체 11개사(G마켓·옥션, 11번가, 인터파크, 쿠팡, SSG 등)의 월간 거래액을 조사·분석한 결과를 공개하고 있다.",https://www.seoulfn.com/news/articleView.html?idxno=636465,relevant,no,,rejected,0.004953
2,D_중간대역,36812,5,SSG,kakao_daum,비즈워치,"주택' 승부수…재무 부담 견딜까 [그때 그 광고]""얼마나 좋아!""…G마켓, 'B급 콘텐츠' 명가로 급부상 '신세계'의 이름 이을 적장자는 누구일까 영업맨 된 AI…롯데칠성, 글로벌 영업 'AI 에이전트' 구축 비즈人...",https://www.bizwatch.co.kr/?c=10,irrelevant,no,,rejected,0.575518
2,E_커뮤니티,18892,5,SSG,kakao_daum,8월 3승 = SSG 이번주 3승,9위는 한화꺼,https://ygosu.com/board/baseball/214104,irrelevant,no,,accepted,0.859195
2,C_경계,39178,5,SSG,kakao_daum,"대전 중구 선화동 430-10(선화로58번길 55)의 월세, 전세, 매매, 후기 | 집품",3.5 단점이라면 마트가 쫌 멀어서 장보고 올려면 산하나 넘는다는 기분으로 집으로 돌아와야되서 ssg나 쿠팡같은걸로 배달시 선화동 393-2 이 건물에서 140m · 4.0 외부 주차문제가 조금 있어요 단점은 살면서...,https://zippoom.com/%EB%B6%80%EB%8F%99%EC%82%B0/%EB%8C%80%EC%A0%84-%EC%A4%91%EA%B5%AC-%EC%84%A0%ED%99%94%EB%8F%99-430-10/4pvynr,irrelevant,no,,review_required,0.534056
2,D_중간대역,14410,5,SSG,naver_api_hub,"뵈브 클리코 '라 그랑 담 2018 자크뮈스 에디션', 국내 판매 채널 다변화","시몽 포르트 자크뮈스(Simon Porte Jacquemus)와 협업한 이번 한정판은 현재 신세계백화점 강남점, 더현대 서울(여의도), 현대백화점 압구정본점을 비롯해 외식 및 호텔 채널에서 판매되고 있다. 제품은 뵈브 클리코의...",https://www.gukjenews.com/news/articleView.html?idxno=3676339,irrelevant,no,,accepted,0.888759
2,E_커뮤니티,40673,5,SSG,kakao_daum,2조 공성,오 15분 신교 18분 천하닉(신세계) 만월 21분 무명 28분 무신 34분..,https://gall.dcinside.com/mgallery/board/view/?id=samgukmojeong&no=12331,irrelevant,no,,accepted,0.775988
2,C_경계,20733,5,SSG,kakao_daum,타임 신세계사이먼프리미엄아울렛 부산점,"타임은 시대를 앞서가는 현대적인 여성상을 위한 하이엔드 여성복 브랜드입니다. 최고급 소재와 정제된 디자인, 완벽한 피팅감을 통해 시간이 흘러도 변치 않는 우아함과 지적인 세련미를 선사합니다.주소 :부산...",http://www.tourcoupon.co.kr/view.html?contentid=2915746,irrelevant,no,,review_required,0.668198
2,B_확신거절,16600,5,SSG,kakao_daum,"신안정 - 신안 한식, 백반 맛집 - 다이닝코드","2차로 간단히 먹을 수 있는 가게입니다~ㅎㅎ 추천드려요~~! 치킨이 엄청 바삭하니 맛있었 갓덴스시 신세계백화점 대구점 76점 · 대구동구 · 스시,회전초밥 보라 접시: 한치 초밥 싱싱해서 너무 맛있었어요 금색...",https://www.diningcode.com/profile.php?rid=iBETMjlP8n3R,irrelevant,no,,rejected,0
2,C_경계,6031,9,쿠팡,kakao_daum,페넬로페 씬씬씬 플러스 밴드기저귀 공용,"29,800원 쿠팡에서 구매 [상세정보 확인]",https://www.sisopick.com/product/%EC%B6%9C%EC%82%B0-%EC%9C%A0%EC%95%84%EB%8F%99/%EA%B8%B0%EC%A0%80%EA%B7%80/%EC%9D%BC%ED%9A%8C%EC%9A%A9%EA%B8%B0%EC%A0%80%EA%B7%80/%EB%B0%B4%EB%93%9C%ED%98%95/%ED%8E%98%EB%84%AC%EB%A1%9C%ED%8E%98-%EC%94%AC%EC%94%AC%EC%94%AC-%ED%94%8C%EB%9F%AC%EC%8A%A4-%EB%B0%B4%EB%93%9C%EA%B8%B0%EC%A0%80%EA%B7%80-%EA%B3%B5%EC%9A%A9-2%EB%8B%A8%EA%B3%84-116%EB%A7%A4-_OBEqN-A,irrelevant,yes,,review_required,0.317139
2,E_커뮤니티,14449,9,쿠팡,kakao_daum,"김혜수, 신인 작가만 5연속 선택한 이유…'대본 보는 눈'이 달랐다 - 영화/TV - 에펨코리아","2020년 SBS 드라마 '하이에나'를 시작으로 넷플릭스 '소년심판', tvN 드라마 '슈룹', 디즈니+ '트리거', 쿠팡플레이 시리즈 '지금 불륜이 문제가 아닙니다'에 이르기까지 다섯 작품 연속 신인 작가와 호흡을...",https://www.fmkorea.com/10262681783,irrelevant,no,,accepted,0.937789
