text,company,url,source_pool,llm_label,llm_confidence,llm_reason
나이: - 현재 비자 기간 : - 거주 예상 기간: - 뷰잉 가능 날짜 및 시간: 연락처: https://open.kakao.com/o/s5WfXyEi 거실 여기를 눌러 링크를 확인하세요 open.kakao.com,카카오,https://cafe.daum.net/ourvancouver/4Nd0/1046700,filter_candidate,filter,high,연락처와 링크를 통해 개인 간 거래나 서비스 홍보의 성격이 강해 광고/스팸으로 판단됩니다.
예약진행은 카카오톡 채널 [푸꾸옥도깨비호텔] 문의주세요 :) https://pf.kakao.com/_MExbJT ※ 호텔입금계좌 NH농협은행 / 도깨비트래블 (주) / *** - **** - **** -** ⚠️ 안내된 카카오채널과 공식...,카카오,https://cafe.naver.com/ysm5828/9599889,filter_candidate,filter,high,호텔 예약 문의 및 계좌 안내를 포함하고 있어 판매/홍보성 게시글로 판단됩니다.
"⭐ 사재기, 사기 예방을 위해 [검색 · 네이버 서비스 공개] 체크를 해제해주세요. ⭐ 댓글 없이 바로 개인 연락을 시도하거나 인게임 친구 요청, 귓속말로 거래를 요구하는 경우 반드시 거절하시기 바랍니다. (사재기...",네이버,https://cafe.naver.com/elswordmall/4027248,filter_candidate,filter,high,"구매/거래 예방 안내 및 경고성 문구로, 일반적인 기업 반응이나 의견이라 보기 어렵습니다."
"상품 정보 더보기 〉 상품 정보 ssg랜더스 필드 / 푸빌라 피규어셑 판매합니다 19,000원 시세조회 결제 혜택... 상세 ssg랜더스 푸빌라 피규어셑입니다 사진에 보이는데로 보내드립니다 장식장에 전시만 한거라 박스는...",SSG,https://cafe.naver.com/joonggonara/1133190330,filter_candidate,filter,high,상품 판매와 관련된 내용이므로 광고/스팸 게시글로 판단됩니다.
후 가격 함께 제시해주세요 댓글이나 오픈채팅 카톡 편하게 부탁드립니다~~~ https://open.kakao.com/o/sknyA4Hi 27 백구 여기를 눌러 링크를 확인하세요 open.kakao.com,카카오,https://cafe.daum.net/educationstudy/LxDZ/3259,filter_candidate,filter,high,오픈채팅 링크를 통해 구매 또는 문의를 유도하는 스팸성 게시글로 판단됩니다.
"사칭하는 카카오톡 채널이 있습니다 저희는 채널 운영을 하지 않습니다 오직 전화상담, 아이젠트리 금호점 오픈채팅, 카톡ID egg3949 친구추가로 상담 운영 중 입니다 유의 해 주세요...",카카오,https://blog.naver.com/egg3949/224374976064,filter_candidate,filter,high,특정 연락처를 안내하며 상담을 유도하는 홍보/광고성 게시글입니다.
상세내역 안내주시면 답 드리겠습니다 바로 매매 가능합니다 댓글주셔도 됩니다 카카오톡 오픈채팅을 시작해 보세요. 링크를 선택하면 카카오톡이 실행됩니다. 서울...,카카오,https://cafe.daum.net/spodream/1gh5/72520,filter_candidate,filter,high,매매 가능 및 카카오톡 문의 유도 등 전형적인 판매/광고성 게시글입니다.
"스타롤/빅스타롤/충전식 열헤어롤/헤어롤 상품코드: 1490615381 상품 선택옵션 1 개, 추가옵션 1 개 [11번가에서보기] 판매가격 11,900원 한국내 배송비 무료 해외 배송비 주문하시는 모든상품이 비앤샵 도착후...",11번가,http://bnshop.net/bns/est/product.php?detail_url=http%3A%2F%2Fwww.11st.co.kr%2Fproduct%2FSellerProductDetail.tmall%3Fmethod%3DgetSellerProductDetail%26prdNo%3D1490615381&product_id=1490615381&category_id=1002073,filter_candidate,filter,high,상품 코드와 가격 정보가 명시된 판매/홍보성 게시글로 판단됩니다.
"★사기 통합 조회 https://web.joongna.com/fraud @ 택배거래는 영상통화 & 카카오톡 영상통화 이용하여, 제품 확인하시고 거래하세요. @ 중고 장터 수칙 준수 https://cafe.naver.com/drhp/1389965 #삽니다 역시...",카카오,https://cafe.naver.com/drhp/2633573,filter_candidate,filter,high,특정 거래 방법 안내 및 웹사이트 링크 포함은 스팸 또는 거래 유도 성격이 강함.
"인천공항밴예약은 최소 하루 전에 온라인으로 신청이 가능한데, 저는 출발 2일 전에 올밴 홈페이지에서 예약을 완료했고, 카카오톡으로 예약 확인과 차량 정보(차종, 차량번호, 기사님 연락처)까지 빠르게 받을...",카카오,https://blog.naver.com/ptrackuog79/224370917003,filter_candidate,normal,high,실제 서비스 이용 경험 및 예약 과정에 대한 사용자의 구체적인 후기이기 때문입니다.
택포6만원입니다 링크를 선택하면 카카오톡이 실행됩니다. 노랭이 https://open.kakao.com/o/stNqGGHi,카카오,https://cafe.daum.net/precta/4bC1/639555,filter_candidate,filter,high,카카오톡 링크를 통한 구매 문의 형태의 광고성 게시글로 판단됩니다.
접근 방식 특징 네이버 밴드 투자 정보 공유 공간처럼 운영 카카오톡 오픈채팅 전문가 또는 매니저 역할 계정 활용 SNS 광고 높은 관심을 끄는 투자 내용으로 유입 문자 메시지 특정 종목 정보 제공 형태 텔레그램...,네이버,https://blog.naver.com/skruddyd89210/224370920732,filter_candidate,filter,high,특정 플랫폼의 정보 공유 방식 및 특징을 설명하는 일반적 설명글이므로 실제 기업 의견이나 사건 보도와 관련이 적습니다.
연락처: ***-****-**** ※ 면접 시 회원 배정 방식 및 센터 내부 시스템을 상세히 안내 [짐웨이 진안점 네이버 플레이스 링크] https://map.naver.com/p/search...,네이버,https://cafe.daum.net/spodream/7EwY/1358802,filter_candidate,filter,high,연락처와 구체적인 지점 안내가 포함되어 있어 광고성 또는 홍보성 게시글로 판단됩니다.
com/_dxcxnhG/chat ★카톡문의환영 ★ 카카오 친구 추가하면 좋은점 1. 실시간 시세표 제공 2. 실시간 채팅상담 가능 3. 실시간 재고현황 제공 4. 가장빠른 특가 소식. ※ 꼭 확인해주세요...,카카오,https://cafe.naver.com/busanjungonara/6094681,filter_candidate,filter,high,카카오톡 문의 유도와 특가 정보를 나열하는 전형적인 홍보/광고성 게시글입니다.
"고정 렌트, 이후 한 달씩 자동 갱신 - 주택/단지 내 절대 흡연 금지 - 전기 비용 미포함 - Strata move-in/out Fee 미포함 오픈카톡➡️➡️ https://open.kakao.com/o/snY4VmBh",카카오,https://cafe.daum.net/ourvancouver/4Nd0/1046554,filter_candidate,filter,high,카카오톡 오픈채팅방 링크가 포함되어 있어 판매 또는 홍보성 게시글로 판단됩니다.
- 스마트스토어 / 에이블리 / 11번가 / 쿠팡 / 옥션 / 지마켓 등 다양한 이커머스 판매 관련 커뮤니티 입니다. - 그 외 위탁판매 / 구매대행 / 매출자랑 / 상위노출 등 다양한 판매 노하우 및 공략을 공유하는 공간입니다...,에이블리,https://cafe.naver.com/dokdotrue/6758,filter_candidate,filter,high,판매 노하우 및 비즈니스 방법에 대한 홍보성이 강한 게시글입니다.
"분양자 연락처 및 연락 가능 시간: 010******** • 카카오톡 아이디만 단일로 기재 불가능, 채팅거래 금지 5. 하실 말씀: 수완이 되어 분양합니다 6. 사진등록: • 사진 상하단 or 사진설명에 해당 개체명 표기 • 최신...",카카오,https://cafe.naver.com/arthropod/1393711,filter_candidate,filter,high,연락처 정보와 '분양'이라는 단어가 포함된 전형적인 판매/홍보성 게시글이기 때문입니다.
"2025) - 새 책 16,000원 신촌 직거래 우대 반값택배 +2,500원, 3권 구매 시 택포 카카오톡 오픈채팅을 시작해 보세요. 링크를 선택하면 카카오톡이 실행됩니다. 회동...",카카오,https://cafe.daum.net/account2000/7BR/1746446,filter_candidate,filter,high,중고거래 및 판매/홍보성 내용을 포함하고 있어 필터링 대상입니다.
1 주소 80 Glen Cameron 2 랜트비 $800 3 성별 여성분 4 연락처 416-500-7718 kakao: wonpowerful 5 구체적인 상황과 조건 (룸의 상황이나 조건) 영/클락 근처에 있는...,카카오,https://cafe.daum.net/skc67/33dV/1291565,filter_candidate,filter,high,숙소 임대 정보를 포함하고 있어 광고성/판매성 게시글로 분류됩니다.
주문가능/(선물 주문가능) 건강식품/홍삼 /버섯/건강즙 주문 가능 ​ https://shop.coupang.com/lucky777 ​ 카톡 :simpel602 (주문 하기전 문의가능 합니다.) ​ ​ ​ ​ 중국에서...,쿠팡,https://cafe.daum.net/qingdaokorean/CIo4/48281,filter_candidate,filter,high,쇼핑몰 링크와 카카오톡 문의가 포함된 판매/홍보성 게시글입니다.
카카오톡 오픈채팅을 시작해 보세요. 링크를 선택하면 카카오톡이 실행됩니다. ㅇ https://open.kakao.com/o/saz3qTti 대량 삽가능 오늘은 밤 열시이후부터 가능하고 주말은 아침빼고는 거래 다 가능,카카오,https://cafe.naver.com/fjqmqlxmrpwjd/33519,filter_candidate,filter,high,특정 서비스 이용을 유도하는 링크 및 거래 가능 여부 안내는 스팸/판매성 게시물로 판단된다.
[ 클릭하면 네이버 톡톡으로 이동해요!] [청라 업 소호사무실 비상주사무실 할인이벤트 진행중!] [청라업공유오피스 카톡채널로 상담하세요~] 문의 및 예약 방법 ✔️ 대표전화 : 0507-1422-1191,네이버,https://cafe.naver.com/ludiasset/38130,filter_candidate,filter,high,"카카오톡 문의, 전화번호 노출 및 할인 이벤트 안내 등 명백한 광고성 게시글입니다."
"필기 없고 상태 최상입니다 반값 택배로 보내드립니다 25,000원 https://open.kakao.com/o/sVaG6SEi 세무사시험 교재 판매 open.kakao.com + 정인국 세법학연습 및...",카카오,https://cafe.daum.net/precta/4bC1/639774,filter_candidate,filter,high,중고거래 및 판매를 유도하는 광고/스팸성 게시글에 해당합니다.
"카카오, 쿠팡이츠와 ‘버티컬AI 협업’…카톡서 배달 음식 주문한다 핵심 요약: 카카오가 AI 에이전트 연동 첫 외부 서비스로 쿠팡이츠와의 협업을 추진한다고 밝혔다. 2분기 매출은 2조 985억 원, 영업이익은 2770억...",쿠팡,https://n.news.naver.com/mnews/article/011/0004649483?sid=102,filter_candidate,normal,high,카카오와 쿠팡이츠의 협업 및 관련 매출/이익 정보 등 기업 관련 실제 보도 내용임.
"잘 늘지 않았다고 느끼셨다면, 방법을 조금 바꿔보는 건 어떨까요? 현재 영어 수준과 목표를 편하게 채팅 메세지로 문의주세요 :) 💬 https://open.kakao.com/o/saDz1FHi",카카오,https://cafe.daum.net/ourvancouver/1Vfs/13439,filter_candidate,filter,high,카카오톡 오픈채팅 링크를 통해 개인 문의를 유도하는 광고/판매성 게시글이다.
(수수료X)쿠팡 로켓배송/로켓와우/쿠팡이츠 대리구매 해드려요 로켓프레시 15000원이상 가능 로켓직구 가능 쿠팡이츠 가능 주문 후 취소 및 변경 불가,쿠팡,https://cafe.daum.net/ok1221/8bIJ/7800883,filter_candidate,filter,high,대리구매 및 판매 관련 광고성 게시글에 해당합니다.
"⭐ 사재기, 사기 예방을 위해 [검색 · 네이버 서비스 공개] 체크를 해제해주세요. ⭐ 댓글 없이 바로 개인 연락을 시도하거나 인게임 친구 요청, 귓속말로 거래를 요구하는 경우 반드시 거절하시기 바랍니다. (사재기...",네이버,https://cafe.naver.com/elswordmall/4029343,filter_candidate,filter,high,특정 서비스 이용 시 주의사항이나 피해 예방 안내에 해당하여 리스크 판단의 직접적인 근거가 되기 어렵습니다.
서버(케이크) 디져트 포크&스푼 2인세트 양식 커트러리 3종세트 잼 버터 나이프 카카오톡 오픈채팅을 시작해 보세요. 링크를 선택하면 카카오톡이 실행됩니다. https...,카카오,https://cafe.daum.net/japantokyo/5lEZ/677536,filter_candidate,filter,high,상품 구매를 유도하는 링크 및 카카오톡 문의 유도 방식의 광고성 글입니다.
"잡화 도매가로 구매해드립니다! 옷 공구 옷/ 잡화 도매가로 구매해드립니다! 옷 공구 5,000원 지그재그 에이블리 도매가 공동구매! 10,000원 브랜드의류 폴로/ 디올립글로우 등) 공구합니다 브랜드의류 폴로...",에이블리,https://www.instiz.net/market_group?category=3,filter_candidate,filter,high,공동구매 및 판매/홍보성 문구가 포함된 전형적인 광고/스팸 게시글입니다.
"장난감 세개 입고  장난감 세개 입고되었습니다.  [내용 보기 ⬇️] 타이런트제로 솔리드혼 또봇 소닉 전북현대 박물관 주소: 안양시 동안구 관악대로 296번길 8, 2층 박물관 연락처: 031-346-5359 박물관 오시는길...",11번가,https://blog.naver.com/toyrak/224370796703,filter_candidate,filter,high,제품 입고 및 구매 정보를 안내하는 판매/홍보성 게시글로 판단됩니다.
"우미입니다. 컬리에서 밀키트를 자주 구매하는 편인데 이번엔 이태리국시의 곱창 치즈 파스타를 골라봤어요. ​ [이태리국시] 인기 파스타 2종 (택1) - 마켓컬리 - Better Life for All. 건강한 식재료부터 믿을 수 있는 뷰티, 라이프스타일 상품까지. 나와 내 가족이 사고 싶은 상품을 판매합니다. 내일 아침 문 앞에서...",마켓컬리,https://blog.naver.com/space_cutest/224374424540,filter_candidate,filter,high,마켓컬리 제품 홍보 및 구매를 유도하는 내용이므로 광고성 콘텐츠에 해당함.
전부 26년 책입니다! 승철 연습서(재단본) - 반택포55000 주민규 파이널(문제/해답 각 스프링제본) - 택포30000 https://open.kakao.com/o/sAtIEGHi 책 open.kakao.com,카카오,https://cafe.daum.net/account2000/7BR/1746444,filter_candidate,filter,high,특정 책의 판매 및 거래를 목적으로 하는 게시글이므로 스팸/광고로 판단됩니다.
검토하고 계시다면 (주)한마루시스템이 최적의 솔루션을 제안해 드리겠습니다. 제품구입 및 상담 문의는 카카오톡 오픈채팅 또는 한마루시스템(031-562-6230/010-****-****) 으로 부탁드립니다. 감사합니다.,카카오,https://blog.naver.com/hanmarusystem/224370919034,filter_candidate,filter,high,문의 채널을 안내하며 제품 구매나 상담을 유도하는 전형적인 광고성 게시글입니다.
주차완비(무료) ❤️ 모든 문의는 간편한 카카오톡 카카오톡 오픈채팅 카카오톡 오픈채팅 카카오톡 오픈채팅 카카오톡 오픈채팅 ❤️부산에서 가장 착한가격❤️ ❤️부산에서...,카카오,https://cafe.naver.com/hyosung0626/32068,filter_candidate,filter,high,카카오톡 문의 유도 및 가격 언급 등 광고/판매성 게시글의 전형적인 형태를 띠고 있습니다.
주차완비(무료) ❤️ 모든 문의는 간편한 카카오톡 카카오톡 오픈채팅 카카오톡 오픈채팅 카카오톡 오픈채팅 카카오톡 오픈채팅 ❤️부산에서 가장 착한가격❤️ ❤️부산에서...,카카오,https://cafe.naver.com/msiu100/662420,filter_candidate,filter,high,카카오톡 문의를 반복적으로 언급하며 판매 또는 거래를 유도하는 전형적인 광고/스팸성 게시글입니다.
SFU 버스 노선 143 1분거리 ━━━━━━━━━━━━━━━ 관심 있으신 분은 오픈카톡으로 편하게 연락 주세요! 😊 Burquitlam Rental https://open.kakao.com/o/sidECQBi,카카오,https://cafe.daum.net/ourvancouver/4Nd0/1046549,filter_candidate,filter,high,개인적인 거래 문의(오픈카톡 유도) 및 판매/홍보성 게시글에 해당합니다.
글이 팔자꺼짐을 두고 고민하고 계셨던 분들께 조금이나마 길잡이가 되었기를 바랍니다. ​ 더 궁금한 점이 있으시면 언제든 편하게 문의주세요. ​ 감사합니다. 카카오톡 문의 : https://pf.kakao.com/_xbxmmfxj​ 민앤민 민감피부 미용 클리닉 민감피부 피부미용 재생 전문 병원 일요일 진료 가능합니다 pf.kakao.com...,카카오,https://w222c2.tistory.com/134,filter_candidate,filter,high,카카오톡 문의처와 병원 홍보 링크가 포함되어 있어 광고성 게시물로 판단됩니다.
"결혼식 사회 문의 / 자료 신청 카카오톡 오픈채팅으로 편하게 문의해주세요  [카카오톡 오픈채팅 링크 삽입 위치] ️ 추천 해시태그 #본식스냅, #웨딩스냅, #결혼식사진, #결혼준비, #예비신부, #예비신랑...",카카오,https://blog.naver.com/easy_wedding25/224373809364,filter_candidate,filter,high,카카오톡 문의 유도 및 서비스 홍보성이 강한 광고성 게시글입니다.
지금 업데이트중인 강의 아니고 작년 강의입니다! -12 12-6 (완료) 6- (완료) pc 카카오톡 오픈채팅을 시작해 보세요. 링크를 선택하면 카카오톡이 실행됩니다. 기동...,카카오,https://cafe.daum.net/account2000/7BR/1746917,filter_candidate,filter,high,강의의 판매 또는 홍보와 관련된 내용으로 판단되어 광고/홍보성으로 간주했습니다.
상품 정보 더보기 〉 상품 정보 무신사 스탠다드 릴렉스 핏 크루 넥 티셔츠 크림 3XL XXXL 사이즈 8000원... 상세 무신사 스탠다드 릴렉스 핏 크루 넥 티셔츠 크림 3XL XXXL 사이즈 팝니다. 무탠다드 면 100제품이며...,무신사,https://cafe.naver.com/joonggonara/1133166353,filter_candidate,filter,high,상품의 판매 및 구매를 목적으로 하는 전형적인 중고거래 또는 판매 게시글이다.
"특히 SNS 광고, 카카오톡 오픈채팅, 텔레그램, 재택부업 관련 커뮤니티 등을 통해 접근하는 사례가... 1️⃣ 사기 전개 과정 단계 내용 1단계 SNS·카카오톡·텔레그램 등을 통해 hoyinshop 쇼핑몰 부업 홍보 2단계...",카카오,https://blog.naver.com/dbsdlsxo63220/224370777856,filter_candidate,normal,high,특정 쇼핑몰을 이용한 사기 전개 과정을 구체적으로 설명하며 리스크를 경고하고 있다.
연락방법 : 카카오톡 오픈채팅을 시작해 보세요. 링크를 선택하면 카카오톡이 실행됩니다. . https://open.kakao.com/o/sEJXLGHi → 댓글/쪽지/채팅/오픈톡 中 5. 밤밤 제휴 : - 비제휴는 공란으로 비워주세요 6....,카카오,https://cafe.naver.com/letsdate/1109718,filter_candidate,filter,high,카카오톡 오픈채팅 링크와 연락 방법 안내 등 판매/홍보성 성격이 강합니다.
"특별한 추억을 만들 수 있을 거예요. 📋 주요 상세 스펙 모델명/상품명 친절한이서방 왕특대 활전복 완도 전복 직거래, 1박스, (대) 8-9미 500g 상품 ID 8725138325 가격 27,940원 🛒 쿠팡에서 상품 정보 · 실시간 가격 확인하기 이 포스팅은 쿠팡 파트너스 활동의 일환으로, 이에 따른 일정액의 수수료를 제공받습니다...",쿠팡,https://revlog.tistory.com/94,filter_candidate,filter,high,상품의 판매 및 구매를 유도하는 광고성 게시글입니다.
여자1 남자1과 총 3명이서 살게 됩니다. 자기소개랑 같이 오픈채팅으로 연락 주세요~ 카카오톡 오픈채팅을 시작해 보세요. 링크를 선택하면 카카오톡이 실행됩니다. 헐...,카카오,https://cafe.daum.net/skc67/33dV/1291318,filter_candidate,filter,high,오픈채팅방 링크 제공과 개인 연락처를 요구하는 전형적인 스팸 또는 홍보성 글입니다.
#NAME?,카카오,https://blog.naver.com/tcgamhdos/224373811696,filter_candidate,normal,high,특정 사건에 대한 수사 및 정보 수집 과정에서 언급되는 구체적인 기록 항목들입니다.
"튜닝 및 상담문의는 ecu 맵핑 문의 카카오톡 아이디 : ecu1 카카오톡 바로 연결 QR 문자 상담 : 010-****-**** 견적문의 카톡 양식 1. 차종 상세 모델 및 엔진 제원: 예) 포르쉐 971 파나메라 4.0 터보 550HP, 2....",카카오,https://blog.naver.com/chiptuning/224373811879,filter_candidate,filter,high,카카오톡이나 전화번호를 통한 직접적인 문의 유도 및 견적 문의가 포함된 광고성 게시글입니다.
(수수료X)쿠팡 로켓배송/로켓와우/쿠팡이츠 대리구매 해드려요 로켓프레시 15000원이상 가능 로켓직구 가능 쿠팡이츠 가능 주문 후 취소 및 변경 불가,쿠팡,https://cafe.daum.net/ok1221/8bIJ/7803316,filter_candidate,filter,high,대리구매 및 판매를 목적으로 하는 광고성 게시글에 해당합니다.
상담 문의 웨딩두잇 위드 이유스타일 웨딩 ☎ 02-1661-9703 카카오톡 오픈채팅 상담 카카오채널 wdoit #크리아뜰리에 #크리아뜰리에신상 #셀프드레스 #셀프웨딩드레스 #웨딩드레스 #웨딩드레스추천 #스몰웨딩 #야외결혼식...,카카오,https://cafe.naver.com/mp3down99/527555,filter_candidate,filter,high,전화번호와 카카오톡 문의 등 명확한 판매/홍보성 게시글입니다.
"예를 들어, 사건 당일의 카드 영수증(술집, 모텔, 귀가 교통수단), 카카오톡·문자 대화 내역, 주변 CCTV 위치, 현장 동선 메모, 당시 통화 기록, 목격자 연락처, 음주량과 시간표 기록 등이 필요합니다....",카카오,https://blog.naver.com/hrcccfato/224370918619,filter_candidate,filter,high,"법률/수사 등 민감한 정보 제공 요청 목록으로, 해당 기업에 대한 일반적인 반응이나 사건 보도와 관련이 없습니다."
결론부터 말씀드리면 선불폰 신규개통으로 전화번호가 바뀐다고 해서 카카오계정 자체가 자동으로 없어지는 것은 아닙니다. 다만 기존 대화내용까지 안전하게 유지하려면 새 번호를 만들기 전에 카카오톡...,카카오,https://blog.naver.com/wecanspeakenglish/224370917321,filter_candidate,normal,high,사용자에게 실제 정보를 제공하며 기술적인 상황에 대한 의견을 제시하고 있다.
27.08.11 까지 / 8.9에 팔아요 3장 있습니다 !,올리브영,https://cafe.daum.net/ok1221/8bIJ/7803169,filter_candidate,filter,high,날짜와 수량을 언급하며 물건을 판매하려는 전형적인 중고거래성 게시글입니다.
청소 포함) 위치: Bayview & Steeles 인근 📩 오픈채팅 (뷰잉 환영): https://open.kakao.com/o/sPty5t2f 토론토홈스테이 토론토민박 #토론토 #홈스테이 #토론토홈스테이...,카카오,https://cafe.daum.net/skc67/33dV/1291312,filter_candidate,filter,high,오픈 채팅 링크와 함께 숙소 임대 및 중개와 관련된 광고성 내용이 포함되어 있습니다.
피나무꿀은 가격 문의 문자 부탁 *********** 피나무꿀 강원도 깊은산골 산지직송 네이버쇼핑 저희 천연꿀 등록중 카드결제는 링크보내드림 직거래금액이 더 착한가격...,네이버,https://cafe.daum.net/two0513/HlG5/7283,filter_candidate,filter,high,직접 판매 및 가격 문의를 유도하는 전형적인 광고/판매성 게시글입니다.
저는 쿠팡에서 해외구매대행을 하다가 최근에 건강식품으로 넘어온 온라인 셀러입니다. 평소 눈팅만하다가... 갠톡과 전화로 상담을 받아보면서 쿠팡 상위 노출 공략 방법부터 썸네일과 상세페이지 기획 방법까지...,쿠팡,https://cafe.naver.com/sales2013/40746,filter_candidate,filter,high,자신이 셀러임을 밝히고 문의/홍보성 정보를 제공하며 상담을 유도하고 있어 광고성 게시글에 해당합니다.
"카톡 상담으로 직접 문의했어 바로 시작하기보다는, 카카오톡으로 조건을 문의했어. 돈이 들어가는지, 내가 정할 수 있는 시간인지, 정산은 어떻게 되는지 다 물어봤지 ㅋㅋ 답변이 빨리 오니까 믿음이 확...",카카오,https://blog.naver.com/keirosu198635/224370917614,filter_candidate,filter,high,구체적인 서비스 문의 과정과 절차를 다루고 있어 스팸성 또는 광고성 문의로 판단됩니다.
"많은 경우 모둠컷 사진 가능,비매품 영수증 구매증빙-중고거래증빙X) ★네이버아이디/연락처는 구매자가 요구하지 않아도 판매자가 반드시 알려줘야 함(거부시 규정 처리) https://naver.me/GlRvqbkE 기존 17->16으로 인하해요",네이버,https://cafe.naver.com/perfumelove/1692717,filter_candidate,filter,high,"이는 중고거래 및 판매와 관련된 안내글로, 광고/스팸성 게시글에 해당합니다."
"가격 40,000원, 8/13(목) 롯데 vs SSG 워페 5블럭 단석 양도합니다., 친구 1명이 일정상 못가게 되어 판매합니다. 워페는 5블럭이죠..ㅎㅎ 희망하시는 분 메시지 주세요! (댓글도 달아주시면 감사드리겠습니다) 먼저...",SSG,https://cafe.naver.com/skwyvernsforever/453457,filter_candidate,filter,high,실제 판매 및 양도에 관한 게시글이므로 광고/스팸으로 간주합니다.
높이고 기존 거래처 물량과 결합하여 즉각적이고 안정적인 매출 극대화를 이룰 수 있습니다. 딜 담당자 : 장상기 회계사 (한국공인회계사) 이메일 : ****@*******.*** 카카오톡 상담: https://open.kakao.com/o/sczdYSui 연락처 : 02-6415-8610 더 많은 매물: https://www.fmx.or.kr/partnerdetail.php?user_idx=1094,카카오,https://franerp.tistory.com/1949,filter_candidate,filter,high,"연락처, 이메일, 링크 등 명확한 판매/홍보성 정보가 포함되어 있어 스팸/광고성이 강합니다."
"가이드 (핵심 프로세스) ① 판매 채널 및 광고 정리 (신규 주문 차단) 가장 먼저 신규 주문 발생을 차단해야 합니다. 스마트스토어, 쿠팡, G마켓, 옥션, 11번가 등 모든 채널의 상품 판매 상태를 확인하세요. 광고 우선 중지: 검색광고, 쇼핑광고, 자동광고 등이 계속 실행되면 사업 정리를 준비하는 동안에도 불필요한...",11번가,https://kuksoolone.com/1277,filter_candidate,normal,high,"사업 정리와 관련된 프로세스 안내로, 기업 운영 및 리스크 판단에 관련된 정보가 포함되어 있습니다."
오늘 집중할 부업/분야 : 미구대 / 버티컬 예) 중국 해외구매대행 / 미국 해외구매대행 / 쿠팡 로켓배송 / 쿠팡 로켓그로스 / 등 3. 오늘 꼭 할 일 한 가지 : 업체통관고유부호 - 예) 상품 N개 업로드 / 강의 5강 복습 / 마켓...,쿠팡,https://cafe.naver.com/95as/19821,filter_candidate,filter,high,특정 수익 모델이나 업무 수행 계획을 공유하는 판매/홍보성 게시글로 판단됩니다.
한국 계좌로 이체해드리고 캔불 현금으로 혹은 이트렌스퍼 받겠습니다. 장소는 영앤쉐퍼드 혹은 노스욕 가능합니다. 관심 있으신 분들은 문자 부탁드립니다. 416-565-0060,네이버,https://cafe.daum.net/skc67/9rM6/50446,filter_candidate,filter,high,"계좌 이체 및 현금 결제 요청, 연락처 노출 등으로 광고 또는 중고거래 성격의 스팸 게시글로 판단됨."
2.7에 팔아요!,올리브영,https://cafe.daum.net/ok1221/8bIJ/7803020,filter_candidate,filter,high,특정 날짜에 판매를 언급하는 것으로 광고 또는 거래 성격이 강합니다.
부분이나 문의사항이 있으시면 부담없이 연락부탁드립니다. 연락처:070-8558-9890 카카오톡:tmddyd228 89sjn [주소] 東京都中野区東中野5-4-8 小山ビル2階 民俗村 [교통...,카카오,https://cafe.daum.net/japantokyo/2LH/440227,filter_candidate,filter,high,연락처와 판매/문의 유도가 포함된 광고성 스팸성 게시글입니다.
"영주권, 그리고 이를 위한 미국 투자이민, 시작부터 온누리와 함께하시면 올바른 정보로 올바른 판단 기준이 생깁니다. 미국투자이민에 관련된 그 어떤 내용이라도 상담 주시면 꼼꼼하게 궁금하신 점 해결 드리겠습니다. 홈페이지: https://on-nuri.co.kr/ 카카오톡: http://pf.kakao.com/_AmvzK 연락처: tel:02-556-7474",카카오,https://onnuricorp.tistory.com/98,filter_candidate,filter,high,특정 서비스를 홍보하며 상담 및 문의를 유도하는 광고성 게시글입니다.
할인 쿠폰 증정! • ​🏬 입점몰: 네이버 스마트스토어 / 쿠팡 / G마켓 / 옥션 / 11번가 #장갑 #면장갑 #목장갑 #반코팅 #황코팅 #코팅장갑 #PU장갑 #용접장갑 #토시 #공구...,11번가,https://cafe.daum.net/ekarmstnf/N2jT/61322,filter_candidate,filter,high,"여러 쇼핑몰과 제품명, 할인을 언급하는 전형적인 광고/판매성 게시글입니다."
"com/drhp/1389965 @ 택배거래는 영상통화 & 카카오톡 영상통화 이용하여, 반드시, 제품 확인하시고 거래하세요. @ 중고장터 사기 예방 가이드 https://cafe.naver.com/drhp/2141514 @ 아래 양식 반드시 적어서 게시. 1....",카카오,https://cafe.naver.com/drhp/2631634,filter_candidate,filter,high,"중고거래 시 주의사항 및 가이드라인 안내로, 판매/거래와 관련된 내용이므로 제외하는 것이 적절함."
주문가능/(선물 주문가능) 건강식품/홍삼 /버섯/건강즙 주문 가능 ​ https://shop.coupang.com/lucky777 ​ 카톡 :simpel602 (주문 하기전 문의가능 합니다.) ​ ​ ​ ​ 중국에서...,쿠팡,https://cafe.daum.net/qingdaokorean/CIo4/48277,filter_candidate,filter,high,쇼핑몰 링크와 카카오톡 문의를 통해 상품 판매 및 주문을 유도하는 광고성 게시글입니다.
꾸준히 공부+운동 하는 편입니다 서로 동기부여 돼서 열심히 하면 좋겠습니다! 카카오톡 오픈채팅을 시작해 보세요. 링크를 선택하면 카카오톡이 실행됩니다. 1:1 카톡...,카카오,https://cafe.daum.net/precta/2BvD/88990,filter_candidate,filter,high,카카오톡 오픈채팅 참여 및 1:1 카톡 유도 등 판매/홍보성 게시글의 성격이 강합니다.
해당 매물에 대한 자세한 사항은 네이버카페 스포츠거래소에서 확인 스포츠거래소-피트니스 헬스장 운동시설 중개 직거래 매매 창업 : 네이버 카페 스포츠거래소...,네이버,https://cafe.daum.net/spodream/1gh5/72521,filter_candidate,filter,high,네이버 카페 내 '스포츠거래소'와 같이 중고 거래 또는 판매와 관련된 링크가 포함되어 있어 광고/스팸성으로 판단됩니다.
"상품등록, 11번가,네이버, 소명 궁금한 점 / 줌미팅 후기 1)진행 중 궁금한 사항 진행중 궁금한것이 많았는데 카톡으로 해결되고 카톡으로 부족한건 줌미팅으로인해 모든것이 해결되었습니다 2)줌미팅 후기 진도를...",11번가,https://cafe.naver.com/miraclelibrary/32957,filter_candidate,normal,high,서비스 이용 과정에서 얻은 구체적인 경험과 궁금증 해소 내용을 포함하는 일반적인 후기성 게시글이다.
거주 / 거실 쉐어 없음 (쾌적함 보장) ​📱 문의 및 연락처 관심 있으신 분은 아래 오픈카톡으로 연락 주세요! https://open.kakao.com/o/sVR8l8Rh 혼비 낼슨 open.kakao.com,카카오,https://cafe.daum.net/ourvancouver/4Nd0/1046133,filter_candidate,filter,high,오픈 채팅 링크와 문의 요청이 포함된 전형적인 판매/홍보성 게시글입니다.
충북 옥천군 청산면이 주민들에게 필요한 행정·생활 정보를 카카오톡으로 빠르게 전달하는 소통 창구를 열었다. 옥천군 청산면은 지난 3일부터 '청산면 행정복지센터' 카카오톡 채널을 본격 운영하고 있다고 밝혔다....,카카오,https://www.ggilbo.com/news/articleView.html?idxno=1174358,filter_candidate,normal,high,지역 주민들에게 유용한 행정 정보를 전달하는 실제 사안에 대한 보도성 글이다.
아! 지미켓 11번가 이런데는 링크 붙이면 안되는거 아는데 카톡딜도 똑같을까요? 링크 붙여두는데 문제있을 경우 바로 삭제할게용! https://clink.kakao.com/sp/Y61w0mguwbMFKd8O?ref=SHARE_AF,11번가,https://cafe.naver.com/imsanbu/79749105,filter_candidate,filter,high,"링크를 포함하고 있으며, 판매 또는 문의와 관련된 성격의 게시글로 판단됩니다."
약 1200여명이 참여 중인 '용산국제업무지구와 용산공원을 지키는 주민모임' 카카오톡 오픈채팅방에선 국토부에 대한 민원 제기와 근조화환 시위 움직임이 본격화되고 있다. 준공업지역 개발도 산 넘어 산이다. 현재...,카카오,https://biz.newdaily.co.kr/site/data/html/2026/08/07/2026080700083.html,filter_candidate,normal,high,특정 지역 개발과 관련된 주민들의 민원 제기 및 시위 움직임에 대한 보도입니다.
전국으로 배송하고 있습니다. 기쁜 순간을 더욱 의미 있게 만들어드릴 수 있도록 도도플라워가 항상 함께하겠습니다. 📞 문의 안내 도도플라워 전국화환꽃배달 ☎ 1833-8029 📱 ***-****-**** 📢 카톡으로 바로 주문하기 행사 일정과 배송 장소를 문자 또는 카카오톡으로 보내주시면 빠르게 확인 후 친절하게 안내해...,카카오,https://znznznoo.tistory.com/136,filter_candidate,filter,high,"전화번호와 '주문하기', '문의 안내' 등 판매 및 홍보성 내용이 포함되어 광고로 판단됩니다."
"이용 내역, 국내 오픈마켓 정산 내역이 얽혀 있어 세무 소명 자료 완비와 정산 완료가 필수적입니다. 오픈마켓 정산 및 계정 해지 절차 스마트스토어, 쿠팡, 11번가, G마켓 등 현재 출품 중인 모든 판매 채널의 상품 판매를 중지하고 정산금을 최종 확인해야 합니다. 구매 확정이 완료되지 않은 주문 건이나 고객 반품...",11번가,https://marigold88.com/387,filter_candidate,normal,high,"특정 판매 활동 및 정산 절차에 대한 구체적인 안내 및 이슈 언급으로, 리스크 판단에 활용 가능한 내용이다."
"제외되며, 일반 서버 유저로 분류됩니다.) ​ ✔️ 사생활 완벽 보호 공식 톡방: 정식 클랜원은 소통을 위해 카카오톡 오픈채팅방 입장이 필수입니다. 단, 철저한 사생활 보호를 위해 1:1 연락이 불가능한 **'카카오...",카카오,https://www.inven.co.kr/board/battlegrounds/5075/88190,filter_candidate,filter,high,카카오톡 오픈채팅방 입장을 요구하는 내용은 사적인 소통 채널 안내에 해당하여 리스크 판단과 무관합니다.
렌트비 $800 이 외에 궁금하신 점 있으시면 밑에 오픈채팅 주세요 감사합니다. 카카오톡 오픈채팅을 시작해 보세요. 링크를 선택하면 카카오톡이 실행됩니다. 조이스...,카카오,https://cafe.daum.net/ourvancouver/4Nd0/1046139,filter_candidate,filter,high,오픈채팅 링크를 통해 문의를 유도하는 전형적인 광고/판매성 게시글입니다.
"/ 첨부이미지참조 구입가격 : 159,000원 (무신사) 제품상태 : 몇번 착용 깨끗함 거래방식 : 택배(착불or선불) or 직거래(도봉보건소 사거리 근처) **개인소장품 정리중 입니다. 대부분 단일물품 이라서 재고,추가판매...",무신사,https://cafe.naver.com/joonggonara/1133183142,filter_candidate,filter,high,중고 물품의 구매 및 판매를 목적으로 하는 게시글로 광고/스팸에 해당합니다.
사기꾼카톡: 010-****-**** 현재아이디: 안전거래양도티켓 !!사기꾼입니다!! 조심하세요!! 입금하면 입금명에 ‘ㅡ‘작은 따옴표 입력안했다고 다시 입금하라고합니다...,SSG,https://cafe.naver.com/joonggonara/1133236335,filter_candidate,filter,high,"개인적인 경고나 의심을 제기하는 내용으로, 기업 리스크와 직접적인 관련성이 낮아 필터링함."
"실제 판매가 기준으로 무신사의 정책에서 나오는 쿠폰과 개인 적립금, 쿠폰 등은 최저가에 해당되지 않습니다. 3. 진행 중인 프로모션을 참고해 구매하시는 걸 추천드립니다. *이번 공동구매...",무신사,https://cafe.naver.com/coredenim/1897253,filter_candidate,filter,high,공동구매와 판매 권유 성격의 내용이 포함되어 있어 필터링하는 것이 적절합니다.
뉴스TV 기사문의 및 제보 : 카톡/라인 jebo23 이준흠(****@***.**.**) 당신이 담은 순간이 뉴스입니다! 카카오톡 앱에서 'jebo23' 친구 추가 라인 앱에서 'jebo23' 친구 추가 ******@***.**.** ⓒ연합뉴스TV...,카카오,https://www.yonhapnewstv.co.kr/news/AKR20260807110240EJZ,filter_candidate,filter,high,카카오톡/라인 친구 추가를 유도하는 형태이므로 광고/스팸에 해당한다.
카카오톡 무료 이모티콘 매주 3개 받는 방법 ​ 카카오톡 이모티콘 자주 사용하시는 분들은 이 혜택도 챙겨보세요. 매주 월요일마다 원하는 이모티콘을 직접 골라 무료로 체험할 수 있는 이벤트가 진행 중입니다. 항목 내용 진행일 매주 월요일 대상 카카오 계정 이용자 혜택 이모티콘 최대 3개 무료 체험 사용 기간 지급...,카카오,https://blog.naver.com/greenopalk/224374046342,filter_candidate,filter,high,특정 플랫폼의 이벤트/쿠폰 안내에 해당하여 리스크 판단에 쓸 만한 의견이 아닙니다.
5. 게스트 모집 인원 : 4명 6. 게스트 비용 : 1만원 7. 연락처 : https://open.kakao.com/o/s16Clwcg 8. 게스트 신청 시 필수 정보 : 이름/나이/키/포지션 9. 기타 참고...,카카오,https://cafe.daum.net/dongarry/Dilr/338630,filter_candidate,filter,high,"게스트 모집 및 참여 비용, 연락처 안내 등은 전형적인 광고/홍보성 게시글의 형태를 띠고 있습니다."
8월에 쿠팡으로 구매했습니다. 미개봉한 제품이고 자급제인 부분 참고부탁드립니다! 팔가 165만원 직거래는 가산디지털단지역 또는 신림역에서 가능합니다. 택배거래...,쿠팡,https://cafe.daum.net/ok1221/8bIJ/7802567,filter_candidate,filter,high,중고 물품 판매 및 거래를 유도하는 게시글이므로 스팸/광고성 콘텐츠로 분류됩니다.
★ ▼ 24시간 문의 환영 ▼ 010=6492=5584 ▼ 카카오톡 오픈채팅 ▼ http://bit.ly/4fRcis3 ❤️ 딜리버리 서비스 ❤️ 거리가 멀거나 방문이 불가하신 분들은 전국 어디든 고객님 댁 앞까지 안전하게 분양이 가능합니다! 사진...,카카오,https://cafe.naver.com/6655happyclub/3198231,filter_candidate,filter,high,카카오톡 오픈채팅 링크와 딜리버리 서비스 광고성 내용으로 스팸성 게시글에 해당합니다.
"마켓,스텝,테이블,행거,집기류 등) 테이블1200mm내 3개팀 디피(현장상황에 따라 변동가능) ✅신청방법(아웃링크,카톡,밴드 접수 불가) ※ 이메일/구글독스/네이버오피스 접수만 가능 구글폼 신청...",네이버,https://cafe.naver.com/pandamarket/662071,filter_candidate,filter,high,"특정 공간의 배치나 신청 방법을 안내하는 정보성 공지사항으로, 기업에 대한 실제 반응이나 사건 보도가 아니기 때문입니다."
사유 : 머신 교체 ​ 판매가 : 숄더프레스 230만원 ​ 거래방법 : 화물/ 직거래가능 ​ A/S 여부 : 가능 ​ 연락처 (카카오톡/전화번호) : ***-****-**** ​ 거래방법 : 직접상차,카카오,https://cafe.daum.net/spodream/7Ex9/64938,filter_candidate,filter,high,제품의 판매 가격과 거래 방법이 명시된 중고 거래 게시글이기 때문입니다.
"전 이미 무신사에서 구입! 필요하신분! 까페에서 받은게 많아~~ 감사하는 마음으로 한분만 대리구매 해드릴께요 ▶ 판매및 나눔글만 가능하며, 구매요청 및 구함 금지입니다. ▶ 본 카페에서만 거래할 의사가 있는분만...",무신사,https://cafe.naver.com/kiawin/1433071,filter_candidate,filter,high,중고 거래 및 대리 구매와 관련된 판매성 게시글입니다.
"이포스팅은 쿠팡 파트너스,공동구매 활동의 일환으로 판매발생시 수수료를 제공받습니다 공동구매가 일찍 완판되었습니다!! 일찍 마감되었습니다. 감사합니다. 다음 판매 예정인 힐온 365 블루베리 퓨레입니다....",쿠팡,https://cafe.naver.com/inrichacademy/383,filter_candidate,filter,high,쿠팡 파트너스 및 공동구매 활동과 관련된 판매 홍보성 게시글이므로 필터링해야 합니다.
택배비 포함 4만원에 판매합니다. 오픈 카카오톡 연락주세요. https://open.kakao.com/o/sAZjk8Hi cpa 교재 판매 open.kakao.com,카카오,https://cafe.daum.net/account2000/7BR/1746911,filter_candidate,filter,high,"판매 및 홍보성이 강하며, 연락처를 통한 거래를 유도하고 있습니다."
대한 이해가 있으신 분만 구매 부탁드립니다!! 교환환불반품 불가❌❌ 구매인증 카카오톡 오픈채팅을 시작해 보세요. 링크를 선택하면 카카오톡이 실행됩니다. 비쥬링...,카카오,https://cafe.daum.net/Mtdivision/VzBU/561,filter_candidate,filter,high,구매 문의나 거래를 유도하는 판매/광고성 게시글에 해당합니다.
있습니다 관심있으신 분은 밑에 카톡으로 문의주세요 ◡̈ 속눈썹펌 모델 구해요 https://open.kakao.com/o/skEtEeIi 속눈썹펌 모델 구해요 토론토속눈썹펌 open.kakao.com,카카오,https://cafe.daum.net/skc67/8cBB/636171,filter_candidate,filter,high,카카오톡 문의 유도 및 모델 모집 등 판매/홍보성 게시글에 해당함.
샤프 137리터 냉장고 하이얼 4.5키로세탁기 급매. 상태 쓸만합니다. 13000엔 배송 필요하시면 회사차로 싸게 가능합니다. https://open.kakao.com/o/sxmDqgCh 。,카카오,https://cafe.daum.net/japantokyo/5lEZ/677540,filter_candidate,filter,high,중고거래 및 판매 관련 링크가 포함되어 있어 광고성/스팸으로 판단됩니다.
쿠팡 선물하기로 26에 팔아요,쿠팡,https://cafe.daum.net/ok1221/8bIJ/7800875,filter_candidate,filter,high,가격 및 판매와 관련된 홍보성 게시글로 판단됩니다.
"고정 렌트, 이후 한 달씩 자동 갱신 - 주택/단지 내 절대 흡연 금지 - 전기 비용 미포함 - Strata move-in/out Fee 미포함 오픈카톡➡️➡️ https://open.kakao.com/o/snY4VmBh",카카오,https://cafe.daum.net/ourvancouver/4Nd0/1046135,filter_candidate,filter,high,카카오톡 오픈채팅 링크와 비용 관련 안내가 포함된 광고성 게시글로 판단됩니다.
"265 40 21 굿이어 이글F1 중고타이어 2본 트래드 90% 가격 30만원 문의 010 - **** - **** *전화번호 저장후 카카오톡 문의* 매장 : 의정부, 양주, 고양 택배거래 가능! 타이어코치 블로그",카카오,https://cafe.naver.com/joonggonara/1133194330,filter_candidate,filter,high,중고 물품 판매 및 문의를 유도하는 스팸/광고성 게시글입니다.
"화평밴드클럽&#34; 02-470-7773 4 판매가격: 직거래 12,000원. 택배비3,500원. 11번가 15,000원[도서지역 +4.000원] 보호대의 아름다움을 YOU 배달하겠습니다 ! * 생산공장...",11번가,https://cafe.daum.net/baseballsale/1BZK/208235,filter_candidate,filter,high,판매 가격과 배송 관련 내용이 포함된 중고거래 또는 판매/홍보성 게시글로 보입니다.
가능 카카오톡 오픈채팅 문의 가능 네이버에서 ‘셀프메이드 짐 망원’ 검색 #망원동헬스장 #망원역헬스장 #망원동헬스장추천 #망원동PT #망원역PT #망원헬스 #합정헬스장 #서교동헬스장 #운동전스트레칭...,카카오,https://blog.naver.com/selfmadegym00/224370919759,filter_candidate,filter,high,"카카오톡 문의, 검색 유도 등 판매/홍보성 게시글에 해당한다."
"1️⃣ 카카오 채널 예약 신청서 작성 → 입금 → 대표자명, 연락처 전송 2️⃣ 사이트 예약 (카드결제 가능) https://tripon.kr/tour/909 ✔ 카카오 채널 예약 시 예약자명과 연락처를 꼭 보내주세요. ✔ 베나자 투어...",카카오,https://cafe.naver.com/mindy7857/5354576,filter_candidate,filter,high,예약 및 결제 방법에 대한 안내 또는 판매성 게시글로 판단됩니다.
10$ 3. 한국 다이소 리들샷 각 3$ (총 3개) 유통기한 ~27.11 Start an Open Chat on KakaoTalk! Tap the link to get started. 우밴유 팝니당 https://open.kakao.com/o...,카카오,https://cafe.daum.net/ourvancouver/3uBJ/1195179,filter_candidate,filter,high,카카오톡 문의 및 가격을 언급하는 전형적인 판매/홍보성 게시글이기 때문입니다.
교재 개념부분들 형광펜으로 필기되어있습니다 우체국 택배비포함 3만원에 팝니다 https://open.kakao.com/o/se3s2iIi,카카오,https://cafe.daum.net/account2000/7BR/1746913,filter_candidate,filter,high,중고 거래 및 판매 관련 내용을 포함하고 있어 광고/스팸으로 분류합니다.
지금도 쿠팡에서 판매되고 있는 제품으로 제품에 대한 내용 및 사진은 신제품 판매사이트를 참조하시고 구입은 여기서 하세요 이제품이 대박 친 이유는 크게 냄새와 연기가 대폭 감소한다는 것은 이제 기본이고...,쿠팡,https://cafe.naver.com/bamisul/13584,filter_candidate,filter,high,구매를 유도하고 특정 판매처를 언급하며 판매/홍보성 게시글의 특징을 보입니다.
"➡️ 중고차는 네이버 자체에서 안전거래 대상 외 품목으로 지정하고 있어, 걱정하지 않으셔도 됩니다. 차량명 : 현대 더 뉴그랜드스타렉스 3인승 디젤 밴 연식 :2021년식 연료/변속기 :경유 / 오토 주행거리...",네이버,https://cafe.naver.com/4uloveme/8700762,filter_candidate,filter,high,중고차 거래 및 판매 정보를 담고 있어 광고/스팸성 게시글에 해당합니다.
- 스마트스토어 / 에이블리 / 11번가 / 쿠팡 / 옥션 / 지마켓 등 다양한 이커머스 판매 관련 커뮤니티 입니다. - 그 외 위탁판매 / 구매대행 / 매출자랑 / 상위노출 등 다양한 판매 노하우 및 공략을 공유하는 공간입니다...,에이블리,https://cafe.naver.com/dokdotrue/6761,filter_candidate,filter,high,판매 노하우 및 공략 공유를 목적으로 하는 홍보성 게시글로 판단됩니다.
이렇게 4가지 품목해서 최저가로 구해봅니다,무신사,https://cafe.daum.net/ok1221/8bIJ/7803282,filter_candidate,filter,high,특정 품목을 언급하며 최저가 구매를 안내하는 판매/홍보성 게시글로 보입니다.
다녀온 정왕동 곱창 맛집 “황금곱창” 리뷰 글 입니다. 영업시간 월-토 17:00-23:30 일요일 정기휴무 ​ 연락처 0507-1343-2457 황금곱창은 정왕동 49구블럭 올리브영 뒷편에 위치해 있습니다. 원래 공차가 있었던 자리로 기억하는데 곱창집이 생겼네요~? 간판이 아주 화려해서 찾기 쉽습니다 ㅋㅋㅋㅋ 황금곱창집은 신선...,올리브영,https://blog.naver.com/gaoxianyu/224373943214,filter_candidate,normal,high,특정 식당에 대한 방문 후기 및 위치 정보 제공으로 실제 소비자 반응에 해당합니다.
"봐드립니다 취급 품목 수와 거래처 수, 지금 쓰는 관리 방식만 알려주시면 어느 지점부터 자동으로 넘길 수 있는지 무료로 정리해 드립니다. 카카오톡 https://open.kakao.com/o/s6Ws89wi 텔레그램 https://t.me/orijin0220 📩 카카오톡 오픈채팅: https://open.kakao.com/o/s6Ws89wi 💬 텔레그램: https://t.me/orijin0220",카카오,https://orijin1995.tistory.com/201,filter_candidate,filter,high,카카오톡과 텔레그램 링크를 통해 무언가를 정리해준다는 판매/홍보성 광고글입니다.
2만엔으로 팝니다. 위치는 나니와구 다이코쿠쵸역에 있습니다. 짐칸이 조금 넓은 승용차에 충분히 실립니다. 별도비용으로 배달도 가능합니다. 카카오톡kumazzang9,카카오,https://cafe.daum.net/osakalife/19qZ/160907,filter_candidate,filter,high,중고 물품의 판매 및 거래 관련 문의를 유도하는 게시글입니다.
누락을 방지하기 위해서 입니당 https://open.kakao.com/o/sSG2KJmg 중복활인이 가능한 쿠폰으로... 사항은 카톡으로 연락주세요~ https://open.kakao.com/o/sSG2KJmg 스마트 스토어 바로가기 https://naver.me/GkIluLpO,SSG,https://cafe.naver.com/alsljmwn/5366,filter_candidate,filter,high,카카오톡 오픈채팅 링크와 쿠폰 관련 안내 등 홍보 및 판매성 내용이 포함되어 광고성 게시물로 판단됩니다.
기타사항: 5시 1분 7시 1분씩 원컬러 무료 모델 구합니다 성함 연락처 현재 손사진 첨부 부탁드려요 장소는 확정 후 안내 드립니다 카카오톡 오픈채팅을 시작해 보세요. 링크를 선택하면 카카오톡이...,카카오,https://cafe.naver.com/wkqdbsxo14/2360489,filter_candidate,filter,high,모델 섭외 및 개인 연락을 요구하는 전형적인 중고거래/광고성 스팸 글입니다.
"냄새 납니다 ________ 쿠팡에서 정가 26만9천원에 구매했었습니다 급하게 내놓아서 시세보다 싸게 내놓습니다 반품교환 불가합니다 ________ 사이즈:10온스 상태:s급 직거래:홍대,신촌 택배:가능 배송비는 부담 해주셔야합니다",쿠팡,https://cafe.naver.com/theboxing/391219,filter_candidate,filter,high,중고 물품을 판매하고 거래 조건을 명시하고 있어 광고/판매성 게시글에 해당합니다.
"원조이,신규가입,회원가입,이벤트,당근마켓,번개장터,아이디매입,아이디거래,빗썸,온카판,가입,번호인증,대리구매,대리결제,생필품,쿠팡,엔씨,리니지,리니지2m,무신사,아이디판매,리니지클래식,넷마블,솔인챈트,sol,nc)",무신사,https://cafe.naver.com/misoglobalyonhap/64151,filter_candidate,filter,high,"아이디 거래, 대리구매 등 명백한 거래 및 스팸성 키워드만 나열되어 있어 리스크 판단에 사용할 정상적인 의견이 아닙니다."
칼답칼입가능 배송지변경 원해용 😽 ㅅㅊㅇ 쿠팡 에이블리 쇼핑몰 네이버 지그재그,쿠팡,https://cafe.daum.net/ok1221/8bIJ/7802632,filter_candidate,filter,high,중고거래 및 쇼핑몰 관련 판매/구매 문의성 게시글입니다.
출처 : 다음 카페 우리 동네 목욕탕 본인 이득이 하나도없이 진짜 그냥해주는거야? 전에 와우 결제할 돈도 없어서 한번 부탁한적있는데 아무대가없이 해주는거면 너무...,쿠팡,https://cafe.daum.net/weareshower/ZEn5/7127952,filter_candidate,normal,high,특정 서비스(목욕탕) 이용 경험과 관련된 개인적인 반응을 담고 있어 리스크 판단에 활용 가능합니다.
"육개장 사발면 수모는 16일까지 배럴 공식 온라인몰과 무신사에서 예약 판매하며, 9월 10일부터 순차 출고된다. 배럴 공식 온라인몰 구매 고객에게는 육개장 사발면 1개를 증정한다. 배럴은 앞으로도 매월 시즌...",무신사,https://blog.naver.com/fashion-insight/224374947329,filter_candidate,filter,high,"제품의 예약 판매 및 구매처, 증정품 안내 등 광고 및 홍보성 내용이 포함되어 있습니다."
실거래가와 현재 매물 상황을 함께 살펴봐야 광명역 시장의 흐름을 조금 더 정확하게 볼 수 있겠습니다. 클릭시 전화로 연결됩니다. 클릭시 카카오톡 오픈채팅방으로 연결됩니다.,카카오,https://blog.naver.com/leaders-114/224370919164,filter_candidate,filter,high,전화 연결 및 카카오톡 채팅방 연결 등 구매 유도를 위한 홍보성 게시글로 판단됩니다.
안장훈 교수님의 방문 일정을 알려드립니다. 신규 환자 예약상담을 원하시는 분들께서는 아래 연락처로 필히 사전에 연락 주시기 바랍니다. ​ 감사합니다. ​ 카카오톡 채널 : https://pf.kakao.com/_xaxdaYb VIX DENTAL 호치민 종합전문치과 VIX DENTAL 입니다 :) pf.kakao.com (24시간 한국어 상담) Kakao Channel VIX...,카카오,https://vixdental.tistory.com/34,filter_candidate,filter,high,채용/예약 안내 및 상담 유도를 위한 홍보성 게시글로 보입니다.
어떤 부분이 보충이 필요하다'가 아닌 구체적인 방향성 등을 설정해드립니다. 5. 문의 카카오톡 오픈채팅으로만 연락 가능합니다. https://open.kakao.com/o/s8rRwrGi,카카오,https://cafe.daum.net/snuleet/4KVq/94964,filter_candidate,filter,high,카카오톡 오픈채팅 링크를 통해 문의를 받고 판매/홍보하는 성격의 게시글로 보입니다.
"8.10부터 처음으로 일시정지 중입니다. 150,000원 카카오톡 오픈채팅을 시작해 보세요. 링크를 선택하면 카카오톡이 실행됩니다. 잔여강의 https://open.kakao.com/o...",카카오,https://cafe.daum.net/account2000/7BR/1746794,filter_candidate,filter,high,카카오톡 오픈채팅 링크를 포함하고 있어 광고 또는 홍보성 콘텐츠로 판단됩니다.
"4만원, 다음 회차부터는 3에 진행하고 있습니다. 많은 관심 부탁드리겠습니다. 카카오톡 오픈채팅을 시작해 보세요. 링크를 선택하면 카카오톡이 실행됩니다. 전남대...",카카오,https://cafe.daum.net/snuleet/4KVq/94932,filter_candidate,filter,high,판매 및 홍보성 게시글이나 문의 유도성 내용이 포함되어 있어 리스크 판단에 부적절합니다.
사진은 전부 10000원에 드립니다! 혜화 직거래입니다! 택배거래도 가능합니다! https://open.kakao.com/o/sNAC293g 회계사 세무사 책 처분 open.kakao.com 연락주세요!,카카오,https://cafe.daum.net/account2000/7BR/1746821,filter_candidate,filter,high,개인 간의 물품 판매 및 거래 관련 내용이 포함되어 광고성 게시글로 분류됩니다.
"35페이지까지 앞글자, 체크표시 등등 있습니다. 최저가 반값에 판매합니다. 카카오톡 오픈채팅을 시작해 보세요. 링크를 선택하면 카카오톡이 실행됩니다. 책 판매...",카카오,https://cafe.daum.net/account2000/7BR/1746788,filter_candidate,filter,high,중고거래 및 판매를 목적으로 하는 광고성 게시글입니다.
"원조이,신규가입,회원가입,이벤트,당근마켓,번개장터,아이디매입,아이디거래,빗썸,온카판,가입,번호인증,대리구매,대리결제,생필품,쿠팡,엔씨,리니지,리니지2m,무신사,아이디판매,리니지클래식,넷마블,솔인챈트,sol,nc)",무신사,https://cafe.naver.com/misoglobalyonhap/64132,filter_candidate,filter,high,"중고거래, 아이디 매매, 대리구매 등 판매/홍보성 내용이 포함되어 있어 리스크 판단과 무관합니다."
1️⃣ 사기 전개 과정 단계 내용 1단계 SNS·유튜브·텔레그램·카카오톡 오픈채팅 등을 통해 코인 투자 리딩방으로 피해자 접근 2단계 투자 전문가·코인 애널리스트·리딩방 운영자 등을 사칭하며 고수익...,카카오,https://blog.naver.com/dbsdlsxo63220/224374869511,filter_candidate,normal,high,"특정 금융 사기의 전개 과정에 대한 경고성 정보로, 기업 리스크 판단에 활용할 수 있는 실제 이슈 내용입니다."
9.0에 판매합니다,올리브영,https://cafe.daum.net/ok1221/8bIJ/7803073,filter_candidate,filter,high,가격 정보만 언급하며 판매 활동을 하는 전형적인 중고거래 게시글입니다.
"뉴아시아CC 회원권> ​ 1.회원구성 개인 - 정회원 1인 + 동반인 1인 법인 - 정회원 1인 + 동반인 3인 ​ 2.혜택 그린피, 조식, 숙박, 송영서비스 제공 ​ 카카오톡 아이디 - cooker701 ☎️ 뉴아시아cc회원권 가격 등 구체적인 사안 궁금하신 부분 있으시거나 입회를 원하시는 분들은 연락처로 연락해주시길 바랍니다. 😊 위의...",카카오,https://blog.naver.com/ebbash/224373777786,filter_candidate,filter,high,회원권 판매 및 문의를 유도하는 전형적인 광고성 게시글입니다.
"출발하여 현재 온라인유통을 진행하고 있는 물류, 유통 회사 입니다. 당사는 현재 Auction, G-market, 11번가, 인터파크등에서 오픈마켓을 운영하고 있으며, 타사의 제품을 위탁판매 대행을 진행하고 있습니다...",11번가,https://www.jobkorea.co.kr/Recruit/Co_Read/C/lodae5/Company_name/㈜%EB%B3%B4%EB%AA%85,filter_candidate,filter,high,"오픈마켓 운영, 위탁판매 대행 등 판매/홍보 활동을 명시하고 있어 광고/판매성 게시글로 판단됩니다."
통해서 영상으로 가상 룸투어도 가능합니다 https://m.blog.naver.com/darlimhouse_/223344099272 카카오톡 오픈채팅 https://open.kakao.com/o/sO1JTOMh 또는 ***-****-**** 으로 문자 부탁드립니다. 전화는 못...,카카오,https://www.koreapas.com/bbs/view.php?id=house&no=215247,filter_candidate,filter,high,카카오톡 오픈채팅 링크와 개인 연락처를 남기며 문의를 유도하는 판매/광고성 게시글입니다.
[김풍선의 매직버블 문의 / 상담 ]  010 - **** - **** 카카오톡 오픈채팅으로 문의주세요 ㅎ ※ 이미지를 클릭하시면 해당채널로 이동합니다~ #삿포로여행 #삿포로3박4일여행 #삿포로가볼만한곳...,카카오,https://blog.naver.com/toalgis/224373808884,filter_candidate,filter,high,카카오톡 문의 및 판매/홍보성 내용을 포함하고 있어 스팸성 게시글로 판단됩니다.
"원조이,신규가입,회원가입,이벤트,당근마켓,번개장터,아이디매입,아이디거래,빗썸,온카판,가입,번호인증,대리구매,대리결제,생필품,쿠팡,엔씨,리니지,리니지2m,무신사,아이디판매,리니지클래식,넷마블,솔인챈트,sol,nc)7ㅣ",무신사,https://cafe.naver.com/misoglobalyonhap/64163,filter_candidate,filter,high,"아이디 판매, 대리구매 등 명백한 거래 행위나 스팸성 키워드가 포함되어 있습니다."
"참고해 보시기 바랍니다. 자석 책갈피 제작 문의는 카톡 채널 캐릭터스토리로 보내주세요. 감사합니다. 제작 단가 캐릭터스토리 : 굿즈 제작 노하우 공... : 네이버 카페 굿즈 주문 제작 납기, 단가, 소재, 관련 노하우까지 실무 정보를 확인하고 직접 공유하실 수 있습니다:) cafe.naver.com 카톡 문의 캐릭터스토리...",네이버,https://character-story.tistory.com/1640,filter_candidate,filter,high,"카톡 문의, 굿즈 제작, 단가 안내 등 판매 및 홍보성 내용이 포함되어 있습니다."
"원조이,신규가입,회원가입,이벤트,당근마켓,번개장터,아이디매입,아이디거래,빗썸,온카판,가입,번호인증,대리구매,대리결제,생필품,쿠팡,엔씨,리니지,리니지2m,무신사,아이디판매,리니지클래식,넷마블,솔인챈트,sol,nc)",무신사,https://cafe.naver.com/misoglobalyonhap/64159,filter_candidate,filter,high,"주로 중고 거래나 계정 거래와 관련된 키워드 나열로, 광고/스팸 성격이 강합니다."
"① 새롭고 중요한 해외봉사(인턴)정보를 휴대폰으로 빠르게 알림 받고 싶다면, 휴대폰에 ""네이버 카페"" 앱을 설치, 문화체체험본부 게시판을 알람설정 해주세요. ② 카톡ID는 통합 운영됩니다. 카톡 친추 ID...",네이버,https://cafe.naver.com/whvisa/105569,filter_candidate,filter,high,특정 앱 설치 및 알람 설정 방법을 안내하는 안내/광고성 게시글에 해당합니다.
"중구문화재단 충무아트센터, 카카오톡 공식채널 열고 문화예술 정보 제공 ‘중구민 WEEK’ 티켓 할인·‘툰슐랭’ 2000원 쿠폰 이벤트 마련 중구문화재단 충무아트센터가 카카오톡 공식채널을 개설하고 공연·전시·교육 등...",카카오,https://n.news.naver.com/mnews/article/382/0001287658?sid=103,filter_candidate,filter,high,쿠폰 및 이벤트 안내 위주의 홍보성 게시글로 판단된다.
"특히 텔레그램, 카카오톡 오픈채팅, 문자메시지 등을 이용한 접근은 피해자가 의심하기 어려울 정도로... 입금 내역 계좌번호 거래 기록 문자 및 카카오톡 대화 텔레그램 대화 통화 녹음 투자 권유 자료 사이트...",카카오,https://blog.naver.com/danakim1222/224370318605,filter_candidate,normal,high,피해자가 경험한 사기 수법 및 관련 기록을 언급하며 실제 리스크 상황을 보도하고 있기 때문입니다.
물런 품절이지만ㅠ 원래 얼마에 나왔는지는 모르겠지만.. 재입고 되면 이걸 사야 할까욥… 텅장이네요ㅠ #리센느 #RESCENE #원이 #미나미 #리브 #메이 #제나 리센느 대표 팬카페 '리마인(REMINE)' ―··☆ 리센느 x...,에이블리,https://cafe.naver.com/prodream9/34939,filter_candidate,normal,high,제품에 대한 사용자의 실제 구매 고려와 관심사가 담긴 반응성 게시글입니다.
누락을 방지하기 위해서 입니당 https://open.kakao.com/o/sSG2KJmg 중복활인이 가능한 쿠폰으로... 사항은 카톡으로 연락주세요~ https://open.kakao.com/o/sSG2KJmg 스마트 스토어 바로가기 https://naver.me/5ulUm9sq,SSG,https://cafe.naver.com/alsljmwn/5365,filter_candidate,filter,high,카카오톡 오픈채팅 링크를 통해 문의하거나 구매를 유도하는 전형적인 광고/스팸성 게시글입니다.
"■카톡 상태메시지 ""더 듣고 더 뛰겠습니다"" 현재 그의 카카오톡 상태 메시지는 ""더 듣고 더 뛰겠습니다""이다. 처음 의회에 들어올 때의 마음가짐 그대로 도민의 목소리를 더 많이 듣겠다는 다짐을 담았다. 안광률...",카카오,https://www.k-health.com/news/articleView.html?idxno=100503,filter_candidate,normal,high,특정 인물의 활동이나 발언에 대한 보도성 내용이므로 리스크 판단 모델의 입력으로 사용 가능합니다.
"서울코인사기피해자전문변호사와 함께하는 법적 대응은 가상자산 거래소나 텔레그램, 카카오톡 오픈채팅방을 통해 접근한 후 고수익을 미끼로 투자금을 편취당한 사건에서 시작됩니다. 피해자들은 대개 코인의...",카카오,https://blog.naver.com/nanonano34/224374973158,filter_candidate,normal,high,가상자산 사기 피해와 법적 대응에 대한 구체적인 피해 사례를 다루고 있어 리스크 판단에 활용할 수 있는 내용이다.
"동의서에는 매우 구체적이고 명확한 문구들이 적혀 있었다. 중앙환경분쟁조정위원회 제출 및 주민 의견 수렴, 공지사항 전달, 결산 보고 등을 위해 카카오톡 단체대화방을 개설할 것이며, 이를 위해 성명과 동호수, 연락처를 수집한다는 내용이었다. 주민들은 소음 문제 해결이라는 공동의 목표 아래 기꺼이 자신의 인적...",카카오,https://lawyer-criminal-help.tistory.com/36,filter_candidate,normal,high,특정 지역의 환경 문제 해결을 위한 주민들의 구체적인 상황이나 절차에 대한 내용을 담고 있어 리스크 판단에 활용 가능합니다.
"또한 영양교육과 건강관리 교육, 개인별 운동기록 작성, 카카오 오픈채팅을 활용한 식단 공유 및 건강 미션 수행 등을 병행하며 지속적인 건강관리를 지원했다. 프로그램 운영 결과 참가자 93%가 체중 감소를 보였으며...",카카오,https://www.newsgn.com/news/articleView.html?idxno=566938,filter_candidate,normal,high,특정 교육 프로그램의 운영 결과와 참가자들의 건강 변화에 대한 구체적인 내용을 담고 있어 실제 반응/사건 보도에 해당함.
▶ 카카오톡 ID：japansellartokyo  발송 안내 주문 확인 후 **5일 이내 일본에서 발송**해... ▶ 네이버 톡톡： ▶ 카카오톡 ID：japansellartokyo ▶ 스마트스토어：https://smartstore.naver.com/tokyomart7585...,카카오,https://blog.naver.com/zuki7585/224373126879,filter_candidate,filter,high,연락처와 구매 링크를 포함한 전형적인 판매/광고성 게시글입니다.
프로그램 개발 및 판매합니다. smartstore.naver.com 11번가 https://www.11st.co.kr/products/9492989998 [11번가] 파워 이메일 발송기 / Power Email Sender 컴퓨터...,11번가,https://cafe.daum.net/gdaebak1/MfnV/1,filter_candidate,filter,high,특정 제품의 판매 및 구매 링크가 포함된 광고성 게시글입니다.
"브랜드/정보 '필수' 기재 (상단 안내 참고) 상의 : 에이블리 하의 : 에이블리 신발 : 악세 : 에이블리 내용 : 역시 원피스가 젤 편해요, ※ 쪽지요청 댓글을 유도하는 정보없는 글은 제재됩니다. ※ 모든 상품 정보는 본문...",에이블리,https://cafe.naver.com/dieselmania/47355922,filter_candidate,filter,high,상품 판매 및 구매와 관련된 안내 및 규칙을 포함하는 홍보성 게시글입니다.
시간 알려주세요~~ 오픈채팅 들어오셔서 알려주세요!! 수강시간과 기간 아직 넉넉하게 있습니다 유은종 임팩트와 코어로 끝내는 세법학 https://open.kakao.com/o/sVFnZ8Hi,카카오,https://cafe.daum.net/precta/4bC1/639827,filter_candidate,filter,high,오픈채팅 링크 공유와 수강 정보 안내는 전형적인 광고/판매성 게시글에 해당합니다.
"#카카오 쿠팡이츠와 AI커머스 첫발 카톡에서 음식 메뉴 고민하면 AI가 선호도 분석해 추천하고 주문까지 쇼핑, 여행 등으로 생태계 확장 ""내년부터 AI 수익화 본격 시작"" LGU+, 2026년 2분기 영업이익...",쿠팡,https://blog.naver.com/oribandd/224370916656,filter_candidate,normal,high,카카오의 AI 커머스 서비스에 대한 구체적인 내용과 비즈니스 전략이 언급된 보도성 글이기 때문입니다.
"⭐ 사재기, 사기 예방을 위해 [검색 · 네이버 서비스 공개] 체크를 해제해주세요. ⭐ 댓글 없이 바로 개인 연락을 시도하거나 인게임 친구 요청, 귓속말로 거래를 요구하는 경우 반드시 거절하시기 바랍니다. (사재기...",네이버,https://cafe.naver.com/elswordmall/4029344,filter_candidate,filter,high,"실제 기업/서비스에 대한 의견이나 반응이 아니라, 이용자들에게 주의를 주는 공지 또는 안내문 형태이기 때문입니다."
"원조이,신규가입,회원가입,이벤트,당근마켓,번개장터,아이디매입,아이디거래,빗썸,온카판,가입,번호인증,대리구매,대리결제,생필품,쿠팡,엔씨,리니지,리니지2m,무신사,아이디판매,리니지클래식,넷마블,솔인챈트,sol,nc)",쿠팡,https://cafe.naver.com/misoglobalyonhap/64124,filter_candidate,filter,high,"아이디 거래, 대리 구매 등 직접적인 거래 행위를 포함하는 스팸성 게시글입니다."
카카오톡 캐쉬 삭제하는 방법을 말씀드리겠습니다. 가끔 카톡을 하다보면 제목이 잘못 나오는데 잘못나오는것을 최신 수정한 사항으로 변경하려면 다음과 같은 방법으로 해결 가능합니다. 잘못표기된 예 수정된...,카카오,http://www.dongahak.com/?r=home&m=bbs&bid=m5&uid=44,filter_candidate,normal,high,특정 서비스(카카오톡)의 기능 사용법에 대한 사용자의 실제 정보 공유글이기 때문입니다.
팝니다,네이버,https://cafe.daum.net/ok1221/8bIJ/7802883,filter_candidate,filter,high,판매 또는 홍보성 게시글로 판단되어 필터링해야 합니다.
"40,000 (40분 수업) ■ 지원방법 : 자유양식 이력서 / 수업 영상 (1분 미만) [카카오톡 전송 가능] 이메일 : **********@*****.*** 담당자 : 이정호 연락처 : ***-****...",카카오,https://cafe.daum.net/spodream/1f7E/117458,filter_candidate,filter,high,지원 방법 및 연락처를 안내하는 홍보성/광고성 게시글에 해당합니다.
여자: ㅋㅋㅋㅋㅋ에이블리요 링크 드릴까요? 나: 네 카톡으로 알려주세요 여자: 카톡은 좀... 나: 그럼 어떻게 알려주시려구요 이메일이라도 알려드릴까요 여자: ㅋㅋㅋㅋㅋㅋ그것도 좀.. 이후에 횡단보도 같이 건너면서...,에이블리,https://cafe.naver.com/alphacode/1512,filter_candidate,filter,high,실제 기업 언급 없이 대화 흐름만 보여주어 리스크 판단에 필요한 정보가 부족합니다.
"275 40 21 컨티넨탈 프리미엄컨택6 중고타이어 1대분 트래드 80% 가격 60만원 문의 010 - **** - **** *전화번호 저장후 카카오톡 문의* 매장 : 의정부, 양주, 고양 택배거래 가능! 타이어코치 블로그",카카오,https://cafe.naver.com/joonggonara/1133194585,filter_candidate,filter,high,중고 제품의 판매 및 구매를 목적으로 하는 게시글이므로 광고/스팸으로 분류된다.
관련 질문주시면 성심성의껏 답변드리겠습니다. 아래 오픈톡으로 문의주세요. 카카오톡 오픈채팅을 시작해 보세요. 링크를 선택하면 카카오톡이 실행됩니다. 외로/전...,카카오,https://cafe.daum.net/snuleet/4KVq/94916,filter_candidate,filter,high,오픈톡 및 카카오톡 문의 유도 등 판매/홍보성 게시글로 판단됩니다.
"서울 강남구 선릉로 94길 12, 세웅타워 14층 📞 문의 전화/문자: ***-****-**** 💬 카톡 상담 오픈 채팅방: 역세권 소액 토지 투자 🔗 https://open.kakao.com/o/gITYiVCi",카카오,https://cafe.daum.net/0zza0hwa/WyUJ/7787,filter_candidate,filter,high,연락처 및 오픈 채팅방 링크 등 명확한 판매/홍보성 게시글로 판단됩니다.
"네이버 이메일 : *******@naver.com 2. 거 주 지 역 : 제목에 기재 3. 전... 네이버 이메일 : 2. 거 주 지 역 : 3. 전 화 번 호 : 3. 희망 제품명 : 4.... 판매하시는분 네이버카페 ""이메일주소""를 꼭 댓글 작성 부탁후...",네이버,https://cafe.naver.com/gagarinaircon/707871,filter_candidate,filter,high,"개인정보(이메일, 전화번호)를 기재하고 판매처를 홍보하며 판매를 유도하는 스팸성 게시글에 해당합니다."
"네이버와 카카오가 인공지능(AI) 사업에서 서로 다른 전략을 택하고 있다. 네이버는 대규모 자본을 투입해 연산 인프라를 확충하는 반면, 카카오는 시설 투자 부담을 줄이고 메신저 플랫폼을 기반으로 B2C 서비스와...",네이버,https://www.polinews.co.kr/news/articleView.html?idxno=739640,filter_candidate,normal,high,두 IT 기업의 사업 전략 비교를 다루고 있어 리스크 판단에 사용 가능한 정상적인 기사 내용이다.
월세/관리비1000만원 선에서 안정적으로 운영계획있는분 계획있는분만 연락주세요 https://open.kakao.com/o/sJnFhbEi 쪽지&댓글 남겨주시면 답장으로 연락 드리겠습니다,카카오,https://cafe.daum.net/spodream/1gh5/72563,filter_candidate,filter,high,직접적인 개인 연락을 유도하는 중고거래 및 판매 관련 스팸성 게시글입니다.
누락을 방지하기 위해서 입니당 https://open.kakao.com/o/sSG2KJmg 중복활인이 가능한 쿠폰으로... 사항은 카톡으로 연락주세요~ https://open.kakao.com/o/sSG2KJmg 스마트 스토어 바로가기 https://naver.me/5T0JgZnu,SSG,https://cafe.naver.com/alsljmwn/5372,filter_candidate,filter,high,카카오톡 문의 링크와 쿠폰 안내가 포함된 전형적인 광고/스팸성 게시글입니다.
함 피나무꿀은 구입갯수에 가격 변동 카드결제가능 아카시아숙성꿀 피나무꿀은 가격 문의 문자 부탁 *********** 피나무꿀 강원도 깊은산골 산지직송 네이버쇼핑 저희 천연꿀 등록중 카드결제는 링크보내드림 직거래금액이 더 착한가격 카드결제원하시면 문자부탁 직거래연락처 *********** 최고의꿀 피나무꿀 특히 상처...,네이버,https://fresh308.tistory.com/173,filter_candidate,filter,high,"가격 문의, 판매, 결제 관련 내용이 포함된 전형적인 판매/홍보성 게시글입니다."
관심 있으신 분은 아래 오픈카톡으로 편하게 연락 주세요! 빠르게 답변 드리겠습니다 😊 https://open.kakao.com/o/sPg7xcId (오픈카톡 이용이 어려우시면 댓글 남겨...,카카오,https://cafe.daum.net/skc67/33dV/1290591,filter_candidate,filter,high,오픈채팅방 링크 제공 및 문의 유도는 스팸성 또는 광고성 게시물로 판단됩니다.
문의 방법 상담 가능 시간 06시 ~ 23시 까지 [연락처] 0507-1411-2801 [네이버플레이스] [카카오채널] [인스타그램] [위치] #광주서구헬스장 #서구헬스장 #서구헬스장추천 #광주헬스장 #광주헬스장추천 #농성동헬스장...,카카오,https://blog.naver.com/wnsdk9454/224370359742,filter_candidate,filter,high,연락처 및 여러 홍보 채널을 나열하며 직접적인 문의를 유도하는 스팸/광고성 게시글이다.
"할인 11번가 공시 111만 9,200원 고가 요금제 유지 조건 SKT 기기변경 공식스토어 157만 8,100원 기존 통신사... 실제 수치로 밝혀지는 구매 방식별 실익 계산 삼성닷컴 및 11번가 공식 판매처 수치에 의하면 자급제...",11번가,https://blog.naver.com/1day1writing/224373640127,filter_candidate,normal,high,특정 통신사 및 구매 채널별 요금제 비교 등 실제 상품 구매와 관련된 정보를 다루고 있어 리스크 판단에 사용 가능함.
"2025) - 새 책 16,000원 신촌 직거래 우대 반값택배 +2,500원, 3권 구매 시 택포 카카오톡 오픈채팅을 시작해 보세요. 링크를 선택하면 카카오톡이 실행됩니다. 회동...",카카오,https://cafe.daum.net/account2000/7BR/1746792,filter_candidate,filter,high,"가격 정보와 직거래, 카카오톡 문의 유도 등 중고 거래 및 판매 활동의 성격이 강한 게시글입니다."
"*경유지 1곳(1시간) 추가 +$10 (미리 신청) *아기 카시트 대여(개당+$5/~36개월까지, 개월수 및 수량 기재) *은방망이 등급 픽업/샌딩 1회 무료 혜택 신청은 제목 ""은방망이 혜택 사용""으로 작성 후 카톡으로 네이버 id...",네이버,https://cafe.naver.com/zzop/4174473,filter_candidate,filter,high,구체적인 혜택 안내 및 신청 방법을 안내하는 광고성 게시글에 해당합니다.
"11번가에서 26년6월에 구매 후, 100컷 찍었습니다. 거의 새제품입니다. 620만원에 구매했고, 원하시면 구매 영수증도 보내드립니다. FE 24-70 GM II + B+W 필터 : 230만원 이것도 거의 새제품입니다.. 2번 가지고 나가서...",11번가,https://cafe.naver.com/joonggonara/1133158417,filter_candidate,filter,high,중고 물품의 판매와 관련된 게시글이므로 필터링해야 합니다.
"사진·동영상·연락처·메시지·통화기록뿐 아니라 비밀번호·패스키·일부 설정·지원되는 eSIM까지 확대됐습니다. 다만 금융앱·공동인증서·OTP·카카오톡·일부 eSIM은 Smart Switch만으로 100% 끝나지 않을 수 있어, 앱별 백업 또는 통신사 확인이 필요합니다. 왜 쉬워졌을까? 이번 Smart Switch 업데이트 핵심...",카카오,https://jab-guyver.co.kr/7289,filter_candidate,normal,high,특정 서비스의 기능 업데이트와 사용자가 취할 조치에 대한 정보 제공 글이므로 리스크 판단에 사용될 수 있다.
street 2 랜트비 6-800 (조건에 따른 할인) 3 성별 무관 4 연락처 https://open.kakao.com/o/sUrrMMoh 5 구체적인 상황과 조건 터지 안하는 남자 집주인 분과 화장실...,카카오,https://cafe.daum.net/skc67/33dV/1290592,filter_candidate,filter,high,판매/광고성 게시글이 포함되어 있어 리스크 판단에 사용하기 어렵습니다.
"2026.08.07 ""듀..가나디톡"" #듀가나디톡 귀여운 듀..가나디톡! 첨부파일 가나디톡.ktheme 글씨체 정보 : Dear새벽포레스트 해당 테마는 가나디님 짤을 이용하여 무료 테마로 제작 되었으며, 가나디 테마의...",카카오,https://blog.naver.com/ancketlist/224370918894,filter_candidate,filter,high,"첨부 파일 공유, 테마 제작에 대한 내용으로 실제 기업/서비스에 대한 반응이나 의견을 담고 있지 않습니다."
"클릭시 전화 연결 (24시간) 클릭시 카카오톡 연결 재테크읽어주는파일럿·NH투자증권 사기 출금 피해... 문자메시지, 카카오톡 오픈채팅, 텔레그램 등을 통해 투자 정보를 제공한다고 안내하는 사례가 다양하게...",카카오,https://blog.naver.com/skruddyd89210/224370915214,filter_candidate,normal,high,"특정 사기 유형을 다루는 기사 또는 경고성 게시글로, 리스크 판단에 유용한 내용이다."
예비번호 받았습니다) - 추가 첨삭시 고려하여 비용 책정해드리겠습니다. https://open.kakao.com/o/sjQ07vEi 기타 궁금한 점 있으시면 언제든지 문의주세요 감사합니다...,카카오,https://cafe.daum.net/snuleet/4KVq/94919,filter_candidate,filter,high,카카오톡 오픈채팅 링크와 비용 책정 등의 내용으로 판매/홍보성 게시글에 해당합니다.
"원단 컬러 및 사이즈, 형태 등 다양하게 변경 가능하니 편하게 파우치 제작 문의 남겨주세요~ 더 디바인 카카오톡 채널 추가하시고 간편하게 카톡으로 문의주세요! ▼▼▼ 더디바인에서 제작한 에나멜...",카카오,https://blog.naver.com/thedivine1/224373791130,filter_candidate,filter,high,특정 제품 제작을 홍보하며 카카오톡 문의를 유도하는 판매/광고성 게시글입니다.
"도움 받을 수 있을 겁니다! 구매는 아래 오픈채팅방에서 가능하며 가격은 3만 원입니다. (리트 점수, 재학생 인증 요청시 해드릴게요) https://open.kakao.com/o/soPpE1Fi",카카오,https://cafe.daum.net/snuleet/4KVq/94789,filter_candidate,filter,high,오픈채팅방 링크와 가격 제시 등 판매/거래 유도성이 높아 스팸성 광고에 해당함.
"*경유지 1곳(1시간) 추가 +$10 (미리 신청) *아기 카시트 대여(개당+$5/~36개월까지, 개월수 및 수량 기재) *은방망이 등급 픽업/샌딩 1회 무료 혜택 신청은 제목 ""은방망이 혜택 사용""으로 작성 후 카톡으로 네이버 id 전송!...",네이버,https://cafe.naver.com/zzop/4172141,filter_candidate,filter,high,구매 또는 서비스 이용을 위한 구체적인 혜택 안내 및 문의 요청이 포함된 광고/홍보성 글이다.
"275 30 20 브릿지스톤 포텐자스포츠 중고타이어 2본 트래드 80% 가격 30만원 문의 010 - **** - **** *전화번호 저장후 카카오톡 문의* 매장 : 의정부, 양주, 고양 택배거래 가능! 타이어코치 블로그",카카오,https://cafe.naver.com/joonggonara/1133194403,filter_candidate,filter,high,중고 물품의 판매 및 가격 문의가 포함된 전형적인 광고/거래 게시글임.
독판 제작 가능 (※ 제품별 최소 수량이 다르므로 상담 필수) 궁금하신 점은 전화나 카톡으로 문의하시면 언제든 친절하게 상담해 드리겠습니다! 전화 문의: 010-****-**** 카카오톡 ID: kim4181 홈페이지: hanuolgabang.co.kr,카카오,https://cafe.naver.com/misinggo/1874767,filter_candidate,filter,high,판매 및 상담 유도 위주의 광고성 게시글로 보입니다.
"② 성함 ③ 연락처 ※ 노쇼 방지를 위해 예약금이 있으며, 방문 시 전액 환불해드립니다 카카오톡 오픈채팅을 시작해 보세요. 링크를 선택하면 카카오톡이 실행됩니다. 무적 https://open.kakao.com/o/sWilhnyi",카카오,https://cafe.naver.com/hooo4/212097,filter_candidate,filter,high,카카오톡 오픈채팅 링크 공유 및 예약금 관련 안내는 스팸 또는 홍보성 게시글에 해당합니다.
남녀 모두 예쁘게 착용 가능해요 $ 90 카톡주세요 Start an Open Chat on KakaoTalk! Tap the link to get started. \\우밴유 팔아요// https://open.kakao.com/o...,카카오,https://cafe.daum.net/ourvancouver/3uBJ/1195064,filter_candidate,filter,high,카카오톡 문의 유도 및 판매 행위가 명확하게 나타나 광고/스팸으로 판단됩니다.
"튜닝 및 상담문의는 ecu 맵핑 문의 카카오톡 아이디 : ecu1 카카오톡 바로 연결 QR 문자 상담 : 010-****-**** 견적문의 카톡 양식 1. 차종 상세 모델 및 엔진 제원: 예) 포르쉐 971 파나메라 4.0 터보 550HP, 2. 년식 : 예)...",카카오,https://cafe.naver.com/polamfe/1148501,filter_candidate,filter,high,카카오톡 문의 채널과 견적 문의 양식을 제시하는 전형적인 판매/홍보성 게시글이기 때문입니다.
8월 11일까지 1만원에 대여해 드립니다 일시정지X 연장X 카카오톡 오픈채팅을 시작해 보세요. 링크를 선택하면 카카오톡이 실행됩니다. 회동 https://open.kakao.com/o...,카카오,https://cafe.daum.net/account2000/7BR/1746791,filter_candidate,filter,high,카카오톡 오픈채팅 링크 제공 및 가격을 언급하며 판매/홍보의 성격을 띠고 있어 스팸성으로 판단됩니다.
송금 · 패스권 주 1회 사용 가능 혼자 보는 것보다 함께 보면 훨씬 멀리 가요. 관심 있으신 분은 댓글로 성함/ 연락처(번호 또는 카카오톡 아이디)/ 방송경력 남겨...,카카오,https://cafe.daum.net/forjournalists/DYG0/111028,filter_candidate,filter,high,연락처 남기기를 요구하며 공동구매 또는 중고거래 성격의 판매/홍보성 게시글로 판단됩니다.
누누스 : 네이버 블로그 ▶희망거래방법 (택배/직거래/무관) : 무관 ▶판매자에게 바라는 점 : 문의전화 주세요 ■ 여기로 연락주세요 ▶닉네임 : 누누스 ▶연락처 (필수사항) : 010-****-**** ▶판매지역 (필수사항) : 전국...,네이버,https://cafe.naver.com/dhbsac/964426,filter_candidate,filter,high,판매를 목적으로 연락처와 거래 방법을 구체적으로 안내하는 전형적인 중고거래/판매성 게시글입니다.
월세/관리비1000만원 선에서 안정적으로 운영계획있는분 계획있는분만 연락주세요 https://open.kakao.com/o/sJnFhbEi 쪽지&댓글 남겨주시면 답장으로 연락 드리겠습니다,카카오,https://cafe.daum.net/spodream/1gh5/72598,filter_candidate,filter,high,개인 간의 거래 문의(월세/운영계획)를 유도하는 전형적인 중고거래 또는 광고성 게시글로 판단됩니다.
"48,000 -> 45,000 팔아요 쿠폰번호로 드려요 포인트 쿠폰 등록 아시는분만요 !",네이버,https://cafe.daum.net/ok1221/8bIJ/7802902,filter_candidate,filter,high,가격과 쿠폰을 언급하며 판매하는 성격이 강하여 광고/스팸으로 판단됩니다.
"넓은 편이고, 마루바닥입니다. - 거실 쉐어가 없습니다. 236 777 0660 / 카톡 burrardhouse 오픈챗 https://open.kakao.com/o/ssJxBhIi 차이나타운 세컨룸 open.kakao.com",카카오,https://cafe.daum.net/ourvancouver/4Nd0/1046705,filter_candidate,filter,high,연락처와 카카오톡 오픈채팅 링크가 포함된 전형적인 중고거래/숙소 홍보성 게시글입니다.
"응답과 함께 사이버 성폭력 피해 응답이 2021년 대비 무려 4.8배나 증가한 것으로 나타났다. 형태도 해가 지날 수록 더욱 다양하면서도 정교해진다. 카카오톡 단체방에 가둬두고 욕설을 퍼붓는 ‘카톡 감옥’, 지인의 얼굴을 합성하는 ‘딥페이크 성범죄’ 등은 2023~2025년 사이 사회적 재난 수준의 이슈로 부각되었다...",카카오,https://brunch.co.kr/@johntony/1016,filter_candidate,normal,high,특정 사회적 문제에 대한 통계적 분석과 현황을 전달하는 기사 형식의 내용이기 때문입니다.
"인플루언서 공동구매로 제품 판매해드립니다! ✅ 인플루언서 공동구매 섭외 제품당 최대 10명의 공동구매 인플루언서를 섭외해드립니다. ✅ 제품 홍보 콘텐츠 제작 섭외된 인플루언서가 제품을 직접 사용하고, 실제...",쿠팡,https://cafe.naver.com/dbstnzld1/1162936,filter_candidate,filter,high,공동구매 및 제품 판매와 관련된 홍보성 게시글이므로 필터링해야 합니다.
"⭐ 사재기, 사기 피해 예방을 위해 [검색 · 네이버 서비스 공개] 체크를 해제해주세요. ⭐ 댓글 없이 바로 오픈채팅을 걸거나 인게임 친구 요청, 귓속말로 거래를 요구하는 경우 반드시 거절하시기 바랍니다. (사재기...",네이버,https://cafe.naver.com/elswordmall/4029863,filter_candidate,filter,high,특정 서비스의 이용 방법이나 행동 수칙을 안내하는 공지성 글로 리스크 판단에 활용하기 어렵습니다.
"⭐ 사재기, 사기 피해 예방을 위해 [검색 · 네이버 서비스 공개] 체크를 해제해주세요. ⭐ 일반거래 게시판에서는 외부 연락처 유도가 금지되어 있습니다. ⭐ 댓글 없이 바로 인게임 친구 요청, 귓속말로 거래를...",네이버,https://cafe.naver.com/elswordmall/4029342,filter_candidate,filter,high,거래 방식에 대한 공지나 주의사항 안내문이라 실제 의견이나 사건 보도와는 거리가 멀기 때문입니다.
"상담이 필수입니다. 공간의 크기, 용도, 원하시는 분위기의 사진을 알려주시면 최적의 솔루션을 제안해 드립니다. ​ 문의 : *** **** **** / 카톡id : cmln / 네이버톡톡문의 가능 ​ 상업공간 작업이 궁금하시다면 편하게 문의 주세요. ​ https://blog.naver.com/cameleon__art/224259067612 암석미장 스톤텍스처 인테리어...",네이버,https://blog.naver.com/cameleon__art/224374057952,filter_candidate,filter,high,상업 공간에 대한 솔루션 제안 및 문의 유도를 하는 광고성 홍보 게시글입니다.
"상품 정보 더보기 〉 상품 정보 8월11일 ssg 랜더스 필드 1루 프렌들리존 연석 2매팝니다. 랜필 썸머 워페... 8월11일 ssg 랜더스필드 1루 프렌들리존 연석 2매 팝니다. 정가로 양도드립니다. 모바일 티켓이며, 티켓은...",SSG,https://cafe.naver.com/joonggonara/1133180627,filter_candidate,filter,high,상품을 판매하거나 양도하려는 전형적인 중고거래 게시글입니다.
"기모 에이블리 ?? 나도 상품 등록하기 〉 거래 전 주의 사항 - 중고나라 앱에서 등록된 상품으로, 앱에서 안심결제가 가능합니다. - 사기 예방을 위하여 중고나라 앱 내 안심결제를 권장합니다. - 카톡 또는 기타...",에이블리,https://cafe.naver.com/joonggonara/1132979707,filter_candidate,filter,high,중고거래 및 결제 방법에 대한 안내가 포함된 판매/홍보성 게시글입니다.
누락을 방지하기 위해서 입니당 https://open.kakao.com/o/sSG2KJmg 중복활인이 가능한 쿠폰으로... 사항은 카톡으로 연락주세요~ https://open.kakao.com/o/sSG2KJmg 스마트 스토어 바로가기 https://naver.me/FEgG8sCX,SSG,https://cafe.naver.com/alsljmwn/5369,filter_candidate,filter,high,카카오톡 오픈채팅 링크와 스토어 링크를 포함한 홍보성 판매/공동구매성 게시글입니다.
기타사항: 5시 1분 7시 1분씩 원컬러 무료 모델 구합니다 성함 연락처 현재 손사진 첨부 부탁드려요 장소는 확정 후 안내 드립니다 카카오톡 오픈채팅을 시작해 보세요. 링크를 선택하면 카카오톡이...,카카오,https://cafe.naver.com/hooo4/212043,filter_candidate,filter,high,"성명, 연락처, 사진 등을 요구하며 개인 간 거래를 유도하는 스팸성 게시글로 판단됩니다."
"간편하게 문의하실 수 있는 연락처는 [연락처 또는 카카오톡 채널]입니다. 언제든지 연락 주시면 최선을... 지금 바로 [연락처 또는 카카오톡 채널]로 연락 주시면, 친절한 상담과 빠른 서비스를 제공해...",카카오,https://blog.naver.com/gp5uauxck5m553/224369271640,filter_candidate,filter,high,문의 및 판매 유도성이 강한 연락처 안내는 스팸 또는 광고성 게시글로 판단됩니다.
보수 쿠팡 키프트카드 1만원권 (완료 확인 후 즉시 지급) 지원 및 문의 방법 관심 있으신 분은 아래 연락처로 연락 부탁드립니다! 연락처: 010-****-**** E-MAIL: *************@gmail.com 문의 시 포함 내용: [강남대 에타 구인...,쿠팡,https://cafe.naver.com/cracrc/367445,filter_candidate,filter,high,연락처 및 판매/홍보성 문의를 유도하는 전형적인 스팸/광고성 게시글입니다.
관심 있으신 분은 아래 오픈카톡으로 편하게 연락 주세요! 빠르게 답변 드리겠습니다 😊 https://open.kakao.com/o/sPg7xcId (오픈카톡 이용이 어려우시면 댓글 남겨...,카카오,https://cafe.daum.net/skc67/33dV/1291572,filter_candidate,filter,high,오픈카톡 링크를 통해 판매 또는 문의를 유도하는 전형적인 광고/스팸성 게시글입니다.
"⭐ 사재기, 사기 예방을 위해 [검색 · 네이버 서비스 공개] 체크를 해제해주세요. ⭐ 댓글 없이 바로 개인 연락을 시도하거나 인게임 친구 요청, 귓속말로 거래를 요구하는 경우 반드시 거절하시기 바랍니다. (사재기...",네이버,https://cafe.naver.com/elswordmall/4029340,filter_candidate,filter,high,"거래 시 유의사항이나 주의점을 안내하는 공지성 게시글로, 리스크 판단에 직접적인 의견을 제공하지 않습니다."
"com/drhp/1389965 @ 택배거래는 영상통화 & 카카오톡 영상통화 이용하여, 반드시, 제품 확인하시고 거래하세요. @ 중고장터 사기 예방 가이드 https://cafe.naver.com/drhp/2141514 @ 아래 양식 반드시 적어서 게시. 1. 제품명과...",카카오,https://cafe.naver.com/drhp/2633213,filter_candidate,filter,high,"중고 거래의 안전 수칙이나 가이드라인을 안내하는 게시글로, 특정 기업에 대한 반응이 아닙니다."
청산면이 카카오톡을 주민 생활정보 창구로 활용한다. 청산면은 지난 3일부터 '청산면 행정복지센터' 카카오톡 채널을 본격 운영하고 있다고 10일 밝혔다. 주민들이 필요한 행정정보를 홈페이지나 게시판에서 일일이 찾아야...,카카오,https://www.inews365.com/news/article.html?no=931121,filter_candidate,normal,high,지역 행정 서비스의 변화와 주민 생활 정보 활용에 대한 실제 보도 내용이다.
36500원에 삽니다,네이버,https://cafe.daum.net/ok1221/8bIJ/7802754,filter_candidate,filter,high,가격 명시 및 '산다'는 표현은 전형적인 중고거래 또는 판매/구매 활동에 해당하여 스팸성으로 판단됩니다.
"신규가입,회원가입,이벤트,당근마켓,번개장터,아이디매입,아이디거래,빗썸,온카판,가입,번호인증,대리구매,대리결제,생필품,쿠팡,엔씨,리니지,리니지2m,무신사,아이디판매,리니지클래식,넷마블,솔인챈트,sol,nc)",무신사,https://cafe.naver.com/misoglobalyonhap/64118,filter_candidate,filter,high,"아이디 거래, 대리 구매 등 거래 행위를 유도하는 스팸성 게시글로 판단됩니다."
쿠팡케릭보유 배달가능합니다,쿠팡,https://cafe.daum.net/odin/D034/544787,filter_candidate,filter,high,제품의 보유 여부와 배달 가능 여부를 문의하는 판매 또는 거래성 게시글입니다.
"한 피해자는 카카오톡을 통해 '안전한 투자처'라며 링크를 전달받고, 안내에 따라 계좌이체를 진행해 결국 수백만 원을 잃는 사례도 있었습니다. 공식 연락처가 아닌 방법으로 금전 요구가 들어온다면 반드시...",카카오,https://blog.naver.com/ohkimtk/224373810168,filter_candidate,normal,high,실제 피해 사례를 보도하며 소비자 주의를 환기하는 내용이므로 리스크 판단에 활용할 수 있다.
거래내역 많아요,쿠팡,https://cafe.daum.net/ok1221/8bIJ/7803039,filter_candidate,filter,high,특정 기업/서비스에 대한 내용 없이 일반적인 거래 언급만으로는 리스크 판단에 활용하기 어렵습니다.
"플십 조로 장당 15 (8장까지 판매합니다) 1장남음 플십 조로 미세 화이트닝 장당 10 (사진,영상 문의) 2장남음 플십 상디 65 플십 타시기 4 SSG 둥 1.5 승자만이 정의다 1.0 상태확인이 필요한경우 전부다 요청주세요 하나도...",SSG,https://cafe.naver.com/onepiecetcg/130726,filter_candidate,filter,high,상품의 가격과 수량을 명시하며 판매하는 전형적인 중고거래 게시글입니다.
"원조이,신규가입,회원가입,이벤트,당근마켓,번개장터,아이디매입,아이디거래,빗썸,온카판,가입,번호인증,대리구매,대리결제,생필품,쿠팡,엔씨,리니지,리니지2m,무신사,아이디판매,리니지클래식,넷마블,솔인챈트,sol,nc)",무신사,https://cafe.naver.com/misoglobalyonhap/64145,filter_candidate,filter,high,"아이디 거래, 대리 구매 등 직접적인 거래와 판매 관련 키워드가 나열되어 있어 광고/스팸 성격이 강합니다."
"원조이,신규가입,회원가입,이벤트,당근마켓,번개장터,아이디매입,아이디거래,빗썸,온카판,가입,번호인증,대리구매,대리결제,생필품,쿠팡,엔씨,리니지,리니지2m,무신사,아이디판매,리니지클래식,넷마블,솔인챈트,sol,nc)",무신사,https://cafe.naver.com/misoglobalyonhap/64172,filter_candidate,filter,high,"아이디 거래, 대리 구매 등 판매/홍보성 및 금전적 거래가 주를 이루어 리스크 판단에 부적절함."
4.3에 팝니다!,올리브영,https://cafe.daum.net/ok1221/8bIJ/7802944,filter_candidate,filter,high,판매 및 거래와 관련된 내용이므로 광고/스팸으로 분류됩니다.
카카오톡 오픈채팅을 시작해 보세요. 링크를 선택하면 카카오톡이 실행됩니다. N팩트 https://open.kakao.com/o/s5Xoh9Hi N팩트 여기를 눌러 링크를 확인하세요 open...,카카오,https://cafe.daum.net/educationstudy/AFNw/244934,filter_candidate,filter,high,특정 링크를 공유하며 이용을 유도하는 스팸성 게시글로 판단됩니다.
이메일/구글독스/네이버오피스 접수만 가능 구글폼 신청 ↓↓↓↓↓↓↓↓↓↓ https://forms.gle/Q3Fdh2XRtgBbDfLF7 ✅담당자 연락처 010-****-**** (*문자로 문의주시기 바랍니다/문자 응대 시간대 - AM 08 : 30 ~ PM 19 : 00)...,네이버,https://cafe.naver.com/pandamarket/662072,filter_candidate,filter,high,신청 방법 및 연락처 안내가 포함된 전형적인 광고/판매성 게시글로 판단됩니다.
방식으로 사용할 수 있습니다. 업무용 번호가 필요하다면 업무와 개인 연락처를 구분하고 싶다면 선불폰으로 새로운 번호를 준비하는 방법도 선택할 수 있습니다. 아래 메뉴를 통해 필요한 내용을 확인해 보세요. 홈페이지에서 셀프개통 신청하기 방문개통 예약하기 선불폰 요금제 확인하기 카카오톡 채널 문의하기,카카오,https://gwangju-ntelecom.tistory.com/92,filter_candidate,filter,high,특정 서비스의 가입 및 문의 방법을 안내하는 광고성 정보에 해당합니다.
완료된 아이템 및 추가되는 템들은 글 재업할때마다 업데이트 하겠습니다. 구매하실분들 오픈톡 설명란 참고하신 후 오픈톡 바랍니다. https://open.kakao.com/o/sSxZf9Hi,카카오,https://cafe.daum.net/odin/DEH8/37881,filter_candidate,filter,high,구매 독려 및 오픈 채팅방 안내 등 판매/홍보성 게시글의 성격이 강함.
"김 대표는 특히 삼프로TV가 주요 경제 뉴스를 전달하기 위해 운영하는 카카오톡 오픈채팅방과 텔레그램 채널과 관련해 ""어떠한 공식 채널을 통해서도 특정 종목에 대한 매수·매도 권유를 진행하고 있지 않다""며 사칭...",카카오,https://www.asiatoday.co.kr/kn/view.php?key=20260810010003124,filter_candidate,normal,high,특정 기업(혹은 경제 콘텐츠 제공자와 관련된)의 공식 입장 및 주의사항을 전달하는 실제 사건 보도 글입니다.
5일 개설된 카카오톡 오픈채팅방 ‘통합노조대기방’에는 닷새 만에 약 4000명이 참여했다. 지난해 말 전체 직원 3만4466명의 11.6%에 해당하는 규모다. 통합노조 준비위원회는 8일 노조 설립신고서를 제출한 것으로...,카카오,https://www.etoday.co.kr/news/view/2612845,filter_candidate,normal,high,특정 노동 이슈와 관련된 사실 보도이므로 리스크 판단에 활용할 수 있는 정상 콘텐츠이다.
지하철 2호선 역삼역 바로 옆에 있어 올리브영과 공유 오피스인 패스트파이브 등이 임차해 쓰고 있다. ◇부동산 팔아 투자 실탄 마련 은행들은 디지털 뱅킹 확산으로 영업점 방문객이 줄자 활용도가 낮은 부동산을...,올리브영,https://n.news.naver.com/mnews/article/015/0005319359?sid=101,filter_candidate,normal,high,특정 지역의 상권 상황과 부동산 시장 동향에 대한 분석성 내용이 포함되어 있습니다.
"(순마진율 11.5%) CS 예비비를 빠뜨리면 마진율이 16.5%인 줄 착각하지만, 실제로는 한 두 번 터지는 CS로 인해... 농산물은 산지에 입금을 바로 해주어야 물건이 나가는 경우가 많지만, 쿠팡이나 11번가 등 주요 플랫폼은...",11번가,https://cafe.naver.com/tradeseo/70549,filter_candidate,normal,high,기업의 재무적 상황과 운영 리스크에 대한 구체적인 의견을 제시하고 있어 리스크 판단에 활용 가능합니다.
(숙소 컨디션 상!) 함께 좋은 추억 만들고와요~! 오픈톡으로 연락 주세요! 카카오톡 오픈채팅을 시작해 보세요. 링크를 선택하면 카카오톡이 실행됩니다. 몽골여행✈️ (9/23-27) https://open.kakao.com/o/salftUHi,카카오,https://cafe.naver.com/lovemongol/278700,filter_candidate,filter,high,오픈 채팅 링크를 통한 판매 또는 홍보성 글에 해당합니다.
"이런 사기 유형은 온라인 커뮤니티나 카카오톡 오픈채팅방 등에서도 쉽게 발견됩니다. 피해자들은 수익이 발생했다는 가짜 내역을 받기도 하지만, 실제로는 출금이 불가능한 상황에 처하기 쉽습니다. 이...",카카오,https://blog.naver.com/syexrrb/224373812127,filter_candidate,normal,high,특정 사기 유형에 대한 실제 피해 사례 및 경고성 정보를 제공하고 있어 리스크 판단에 유용한 콘텐츠임.
"없이 바로 할인가 구입 택배 발송: 무료 배송, 롯데택배 오후2시 주문까지 당일 발송 ​ 상품 및 배송 문의: ☎ 상담시간 : 오전 9시 ~ 오후 5시 ***-****-**** or 카카오톡 오픈채팅 'AS문의(더스토리월드)' 검색 https://open.kakao.com/o/sSBadLeh ​ 요즘 의대만큼 공대가 주목을 받는다던데, 우리 아이들 미래 과학에...",카카오,https://blog.naver.com/booknspeech_/224374033343,filter_candidate,filter,high,"상품 구매 및 배송 관련 문의(가격, 배송, 연락처)가 포함된 광고/판매성 게시글에 해당합니다."
감사하겠습니다! 😊 👇🏻 오픈채팅 바로가기 👇🏻 메트로타운 룸메이트 https://open.kakao.com/o/sEnQnVni 메트로타운 룸메이트 여기를 눌러 링크를 확인하세요 open.kakao.com,카카오,https://cafe.daum.net/skc67/33dV/1291561,filter_candidate,filter,high,카카오톡 오픈채팅 링크 공유와 관련되어 스팸 또는 판매/홍보성 게시글로 판단됩니다.
이 차량 궁금하시다면 010******** 또는 차느리/중고차 https://open.kakao.com/me/Neule 카카오톡 오픈채팅으로 블로그보고 연락했다고 문의주시면 방향제 서비스까지! 이 차량이 아니더라도 원하시는 차량과...,카카오,https://blog.naver.com/yama0829/224370919173,filter_candidate,filter,high,연락처 정보와 카카오톡 오픈채팅 링크가 포함되어 있어 판매/홍보성 게시글로 판단됨.
"카카오톡 카카오톡 친구창 돋보기에서 라이프피아노를 검색하시면 오픈채팅 및 채널로 문의하실 수 있습니다. 3. 전화 및 문자 010 **** **** 피아노의 종류(그랜드,업라이트), 대략적인 상태, 마지막 조율시기를...",카카오,https://blog.naver.com/h_iano/224368940295,filter_candidate,filter,high,판매 또는 문의를 유도하는 전형적인 광고/스팸 형태의 게시글입니다.
"전담 매니저 관리 ✔ 방송실 및 장비 지원 ✔ 콘텐츠 제작 지원 ✔ 크리에이터 성장 지원 인터넷방송이나 BJ 활동이 궁금하시다면 편하게 문의해 주세요. 📞 전화 : ***-****-**** 💬 카카오톡 ID : sjian37 💬 오픈채팅 : 신안온엔터 여러분의 첫 방송부터 안정적인 성장까지, 신안온엔터테인먼트가 함께하겠습니다. 감사...",카카오,https://record08149.tistory.com/81,filter_candidate,filter,high,전화번호와 카카오톡 ID 등 문의 유도 내용이 포함된 홍보성 게시글입니다.
아래 오픈채팅으로 문의주시면 영상 및 궁금하신 내용 안내해드리겠습니다! 카카오톡 오픈채팅을 시작해 보세요. 링크를 선택하면 카카오톡이 실행됩니다. 브렌트우드...,카카오,https://cafe.daum.net/ourvancouver/4Nd0/1046588,filter_candidate,filter,high,오픈채팅 링크를 통한 문의 유도는 전형적인 광고/스팸성 게시글에 해당합니다.
"145,000원씩 혹시 모바일로 들으시면 150,000원씩 부담하면 될 거 같어요! 카카오톡 오픈채팅을 시작해 보세요. 링크를 선택하면 카카오톡이 실행됩니다. 김기동 재무...",카카오,https://cafe.daum.net/precta/4bC1/639770,filter_candidate,filter,high,모바일 결제 금액 비교 및 카카오톡 오픈채팅 링크를 통해 판매/홍보성 정보를 제공하고 있어 스팸성 콘텐츠로 판단됩니다.
"보증금 반환 등 다양한 사안으로 임대인과 임차인 간의 의견 충돌이 발생하곤 합니다. 분쟁 해결에 있어 가장 결정적인 증거가 되는 것은 당시 주고받았던 카카오톡 대화 내역, 문자메시지, 통화 녹음 파일입니다. 하지만 대화방을 나가거나 실수로 내역을 삭제해 중요한 증거를 잃고 속태우시는 분들이 의외로 많습니다...",카카오,https://amordaall119.tistory.com/33,filter_candidate,normal,high,임대인과 임차인 간의 분쟁 해결에 필요한 증거 자료에 대한 일반적인 정보를 제공하는 글입니다.
일도 거의 없을거예요! 궁금하신점이나 뷰잉 문의는 연락주세요 감사합니다 카카오톡 오픈채팅을 시작해 보세요. 링크를 선택하면 카카오톡이 실행됩니다. 밴쿠버 룸...,카카오,https://cafe.daum.net/ourvancouver/4Nd0/1046703,filter_candidate,filter,high,개인 연락을 유도하거나 구매를 제안하는 전형적인 광고/판매성 게시글입니다.
"카카오톡 : https://pf.kakao.com/_xixmxoQxb/Friend "" "" <> 쪽지 및 댓글 문의는 확인이 어렵습니다 카카오톡으로 문의 부탁드릴게요~! "" 우동폰 "" 사칭에 주의하세요 오직 카카오톡으로만...",카카오,https://cafe.naver.com/codud8134/703655,filter_candidate,filter,high,특정 플랫폼을 통한 문의 및 홍보성 안내 글입니다.
안내드리겠습니다. 경북대학교 18기 합격자기소개서 및 첨삭 요청 https://open.kakao.com/o/sOX2FGHi 경북대학교 18기 합격자기소개서 및 첨삭 요청 open.kakao.com,카카오,https://cafe.daum.net/snuleet/4KVq/94787,filter_candidate,filter,high,개인적인 첨삭 요청 및 홍보성 링크가 포함되어 있어 리스크 판단과 무관합니다.
"그 밖에 네이버 카페와 카카오톡 오픈채팅방에서도 실제 신청 경험담을 공유하는 사람들을 만났고, 그들의 질문과 답변을 보며 내가 놓칠 수 있는 부분을 미리 체크할 수 있었다. 검색 기록을 정리한 뒤, 나는 구글...",카카오,https://cafe.naver.com/cso44/37833,filter_candidate,normal,high,특정 플랫폼에서 실제 사용자들의 경험담을 공유하며 리스크를 체크하는 내용이므로 정상 콘텐츠로 판단됩니다.
"네이버톡톡, 카카오톡오픈채팅, 전화 주시고 편하게 방문해주세요! #천호골프연습장 #강동골프연습장 #천호골프레슨 #강동골프레슨 #천호GDR #강동GDR #골프레슨 #골프연습장 #천호트랙맨 #실내골프연습장...",카카오,https://blog.naver.com/easelgolf/224370917760,filter_candidate,filter,high,판매 및 문의를 유도하는 광고성 게시글에 해당합니다.
"뉴셀렉트가 전개하는 스킨케어 브랜드 이옴(EIOM)이 네이버 스마트스토어에서 공동구매 기획전을 진행한다. 이번 기획전은 크리에이터 홀리와 함께 운영하며, 네이버 라이브 커머스 프로그램 '뷰티룸'과 연계한다....",네이버,http://www.ktnews.com/news/articleView.html?idxno=147581,filter_candidate,filter,high,공동구매 기획전 진행과 연관된 판매/홍보성 게시글에 해당합니다.
"저장하여 자동으로 등록하는 방법부터, 전화번호 공개 없이 카톡 ID나 QR코드로 깔끔하게 등록하는 방법까지 상황에 따라 다양하게 활용할 수 있습니다. 카카오톡 친구를 추가하는 5가지 방법과 추가가 되지 않을 때의 해결책까지 소제목별로 깔끔하고 풍성하게 정리해 드립니다! 반응형 1. 스마트폰 주소록 자동 동기화...",카카오,https://uu.testis.shop/187,filter_candidate,filter,high,"카카오톡 친구 추가 방법을 설명하는 정보성 게시글로, 특정 기업/서비스에 대한 반응이나 의견이 아닙니다."
(수수료X)쿠팡 로켓배송/로켓와우/쿠팡이츠 대리구매 해드려요 로켓프레시 15000원이상 가능 로켓직구 가능 쿠팡이츠 가능 주문 후 취소 및 변경 불가,쿠팡,https://cafe.daum.net/ok1221/8bIJ/7802688,filter_candidate,filter,high,대리구매를 홍보하는 전형적인 광고성 게시글입니다.
"비자, 기간, 뷰잉 가능일) 남겨주시면 바로 답장 드릴게요. 궁금한 점은 언제든 편하게 물어보세요! 😊 ✨ 카톡 문의하기: https://open.kakao.com/o/svATjvMg <2nd Room...",카카오,https://cafe.daum.net/ourvancouver/4Nd0/1046584,filter_candidate,filter,high,카카오톡 문의 유도와 방 정보 문의 등 판매/홍보성 게시글에 해당함.
"TV 기사문의 및 제보 : 카톡/라인 jebo23 배삼진(*****@***.**.**) 당신이 담은 순간이 뉴스입니다! 카카오톡 앱에서 'jebo23' 친구 추가 라인 앱에서 'jebo23' 친구 추가 ******@***.**.** ⓒ연합뉴스TV, 무단...",카카오,https://www.yonhapnewstv.co.kr/news/AKR20260810143332vcK,filter_candidate,filter,high,연락처와 문의 채널을 제공하며 콘텐츠의 판매 또는 홍보를 목적으로 하는 게시글이므로 스팸으로 판단됩니다.
오픈 카카오톡 작성시 해당글 삭제 및 활정 30일 입니다.) 2. 거래 방식 및 장소 : 등기 거래 또는 경기도 or 등촌 or 돌곶이역 (직거래인지 등기거래인지 작성해주세요. 직거래일 경우 지역을 작성해주세요.) 3. 거래...,카카오,https://cafe.naver.com/vgtrade/206896,filter_candidate,filter,high,판매 및 거래 방식에 대한 안내를 포함하고 있어 스팸/판매성 게시글에 해당합니다.
트로피컬 바캉스 패키지 주고또주고 작업 해드립니다 신용거래자 아미캐슬 카톡 wlscjf0116 네이버 계정 불가 합니다! 접속식/비접속식 가능 단 한번도 문제 된적 없습니다. 정지 걱정 안하셔도됩니다. 카톡 wlscjf0116...,네이버,https://cafe.naver.com/worldskyblue/4499811,filter_candidate,filter,high,명백한 판매 및 홍보성 게시글이며 특정 서비스의 거래를 유도하고 있습니다.
대표 : 윤제니 전화번호 : 096 - 983 - 5888 카카오톡 아이디 : goldenhanoi https://open.kakao.com/me/hanoihousing... : ) 빠른 상담은 카카오톡 플러스 친구에서! 카카오톡 오픈채팅을 시작해 보세요. 링크를...,카카오,https://cafe.naver.com/appleteam/46277,filter_candidate,filter,high,"전화번호, 카카오톡 링크 등 명시적인 판매/문의 유도 정보가 포함된 광고성 게시글입니다."
❤❤❤❤문의는 아래 오픈채팅 부탁 드립니다❤❤❤❤ 카카오톡 오픈채팅 카카오톡 오픈채팅 카카오톡 오픈채팅 ❤❤❤❤문의는 아래 오픈채팅 부탁 드립니다❤❤❤❤ 카카오톡...,카카오,https://cafe.naver.com/busanjungonara/6094677,filter_candidate,filter,high,판매나 문의를 유도하는 전형적인 광고성/스팸성 게시글입니다.
"1,626,320 130에 구해봐요",쿠팡,https://cafe.daum.net/ok1221/8bIJ/7803063,filter_candidate,filter,high,"명확하게 계산이나 정보를 요청하는 질문으로, 기업 리스크 판단과 무관한 단순 질의이다."
로테이션 출전 5. 게스트 모집 인원 : 5명 6. 게스트 비용 : 2000원 7. 연락처 : 카카오톡 아이디 jc7979 / 문자메시지 o1o-9255-98O7 (연락주시면 답변드리겠습니다) 8...,카카오,https://cafe.daum.net/dongarry/Dilr/337988,filter_candidate,filter,high,연락처와 비용 등 개인적 거래를 유도하는 홍보성 게시글이므로 필터링해야 합니다.
스튜디오피플은 작가님의 노하우로 조명을 이용해 자연광 느낌을 만들어서 1년 365일 자연광 프로필사진 서울에서 제일 예쁘게 찍을 수 있어요❤️ ​ ​ 올리브영에 내 사진이 걸려있다 생각하고 찍은 사진들 올리브영 연락주세요? ​ ​ 너무 다 맘에 든다는... 당분간 카톡 프사 매일 바꿔야됨;;; ​ ​ 왼쪽 얼굴만 보여준다고요...,올리브영,https://blog.naver.com/travella_angela/224374030588,filter_candidate,filter,high,광고성 홍보 및 개인 서비스 판매 의도를 가진 게시글로 판단됩니다.
"검색엔진 최적화를 통해 네이버, 구글에서도 병원홈페이지가 잘 노출될 수 있도록 합니다. 3. 편리한... 예약 및 상담하기 홈페이지 예약, 네이버 예약, 카톡 상담 등 간편하게 예약 및 상담을 진행할 수 있는...",네이버,https://blog.naver.com/gamgak000/224370920262,filter_candidate,filter,high,병원 웹사이트 최적화 및 예약 방법을 안내하는 전형적인 서비스 홍보 게시글입니다.
노쇼방지 선입금 원칙. 못오시는 경우 미리 연락주시면 환불해드립니다. 입금계좌 카카오뱅크 고선희 ****-**-******* *. 연락처 : 회장 고선희 ***-****-**** 8...,카카오,https://cafe.daum.net/dongarry/Dilr/338544,filter_candidate,filter,high,선입금 요청 및 연락처가 포함된 것으로 보아 거래(판매/광고)와 관련된 게시글입니다.
"⭐ 사재기, 사기 피해 예방을 위해 [검색 · 네이버 서비스 공개] 체크를 해제해주세요. ⭐ 댓글 없이 바로 오픈채팅을 걸거나 인게임 친구 요청, 귓속말로 거래를 요구하는 경우 반드시 거절하시기 바랍니다. (사재기...",네이버,https://cafe.naver.com/elswordmall/4029339,filter_candidate,filter,high,사용자에게 피해 예방 행동을 안내하는 공지성 글이므로 리스크 판단에 직접 필요한 의견이나 사건 보도가 아닙니다.
"X 댓글 or 오픈채팅에 원하는 제품명, 수량, 배송방법 남겨주세요! https://open.kakao.com/o/sEllggzi 키스컷 띵 open.kakao.com <가벼운친구들> 1. 2. 3. 1. 쿨... 1m...",카카오,https://cafe.daum.net/Mtdivision/VuWe/3461,filter_candidate,filter,high,특정 제품의 구매를 위한 오픈채팅 링크와 주문 안내가 포함된 전형적인 광고/판매성 게시글입니다.
집은 사전에 연락만 주시면 언제든지 방문해서 보실 수 있습니다. 문의는 아래 카카오톡 오픈채팅방으로 부탁드립니다. https://open.kakao.com/o/sVctj9Hi 1027...,카카오,https://cafe.daum.net/ourvancouver/4Nd0/1046553,filter_candidate,filter,high,카카오톡 오픈채팅방 링크를 통해 문의를 유도하는 전형적인 광고/판매성 게시글입니다.
"20,340 1.6사요",쿠팡,https://cafe.daum.net/ok1221/8bIJ/7801082,filter_candidate,filter,high,기업명이나 주제와 관련성이 낮은 단순한 숫자 및 기호 조합이므로 리스크 판단에 쓸 수 없습니다.
"틱톡이나 SNS 광고, 문자메시지 및 카카오톡 오픈채팅 등을 통해 무료 종목 추천이나 실시간 시황 분석을... 카카오톡이나 텔레그램에서의 대화 내용, 문자 메시지, 송금 내역, 플랫폼 화면, 사이트 주소, 계약서...",카카오,https://blog.naver.com/ndecvpg07/224370915672,filter_candidate,filter,high,금융 투자 관련 정보를 수집하거나 유도하는 스팸성 또는 홍보성 내용으로 보입니다.
"────────────── 전문가 매매신호가 투자 참여의 출발점이 됩니다 접근은 SNS 광고나 해외선물 커뮤니티, 카카오톡 오픈채팅, 텔레그램 등에서 시작될 수 있습니다. 상대방은 자신을 해외...",카카오,https://blog.naver.com/wjsekals193/224370917435,filter_candidate,filter,high,"특정 정보 습득 경로(SNS 광고, 커뮤니티 등)를 나열하며 정보 제공을 유도하는 광고/판매성 게시글로 판단됩니다."
"통과하면 네이버에 올리고 캡션을 한글로 답니다. 영문 파일명이 설명에... 기준 네이버 블로그 체류시간 늘리려면 초보가 먼저 손볼 5가지 쌓인 카톡·메일, 챗GPT로 10분 안에 정리하는 4단계 네이버...",네이버,https://blog.naver.com/sangsu0916/224373809004,filter_candidate,filter,high,"제목 형태로만 구성되어 있으며, 실제 기업이나 서비스에 대한 의견 제시 없이 일반적인 정보성 콘텐츠의 성격이 강합니다."
"*** **** ****) 제주골프,무료견적상담환영 ​ 카톡실시간문의하기 http://pf.kakao.com/_YxmDUb 잔디와사람들 골프투어전문여행사 국내골프1박2일/제주/호남권/일본/중국...",카카오,https://cafe.daum.net/jandir0/WHUi/31,filter_candidate,filter,high,카카오톡 문의 링크와 명시적인 여행 상품 판매 정보가 포함된 전형적인 광고성 게시글입니다.
"원조이,신규가입,회원가입,이벤트,당근마켓,번개장터,아이디매입,아이디거래,빗썸,온카판,가입,번호인증,대리구매,대리결제,생필품,쿠팡,엔씨,리니지,리니지2m,무신사,아이디판매,리니지클래식,넷마블,솔인챈트,sol,nc)",무신사,https://cafe.naver.com/misoglobalyonhap/64169,filter_candidate,filter,high,"아이디 매매, 대리구매 등 판매/홍보성 게시글에 해당합니다."
"원조이,신규가입,회원가입,이벤트,당근마켓,번개장터,아이디매입,아이디거래,빗썸,온카판,가입,번호인증,대리구매,대리결제,생필품,쿠팡,엔씨,리니지,리니지2m,무신사,아이디판매,리니지클래식,넷마블,솔인챈트,sol,nc)",무신사,https://cafe.naver.com/misoglobalyonhap/64113,filter_candidate,filter,high,아이디 판매나 대리구매 등 거래 및 홍보성 키워드가 나열되어 있어 광고/스팸으로 판단됩니다.
"접목하여, 본사의 안정적인 원두 공급망(캡티브 마켓) 확보 및 매장의 커피 퀄리티 극대화 창출 딜 담당자 : 장상기 회계사 (한국공인회계사) 이메일 : ****@*******.*** 카카오톡 상담: https://open.kakao.com/o/sczdYSui 연락처 : 02-6415-8610 더 많은 매물: https://www.fmx.or.kr/partnerdetail.php?user_idx=1094",카카오,https://franerp.tistory.com/1948,filter_candidate,filter,high,"상담 문의, 매물 소개 등 명백한 홍보 및 광고성 게시글입니다."
"영업시간 및 연락처, 주차 안내 매일매일 오전 11시 30분부터 ~ 다음날 2시까지 (일요일 : 오후 11시까지) 다음날 1시 LAST (일요일 : 오후 10 LAST) 연중무휴 !! ☎️0507-1440-5442 단체 이용 가능 ⭕️, 포장 ⭕️, 남/여...",11번가,https://blog.naver.com/reumi_-/224373653644,filter_candidate,filter,high,판매 정보와 운영 시간 안내가 주를 이루는 단순 광고성 게시글입니다.
"★★ ※ 오픈톡 , 톡디 사용가능하며 ***반드시 본문내에 주소, 아이디를 삽입하셔야 글이 삭제되지 않습니다**** 카카오톡 오픈채팅을 시작해 보세요. 링크를 선택하면 카카오톡이 실행됩니다. ㅅㅁㄴㅈㅇ https...",카카오,https://cafe.naver.com/sum01/173277,filter_candidate,filter,high,"개인 정보(주소, 아이디) 노출을 유도하며, 판매 및 홍보와 관련된 스팸성 글에 해당함."
"첨삭 (20,000원) 📞 구매 및 문의 구매를 원하시거나 문의 사항이 있으신 분은 카카오톡 오픈채팅으로 연락 주시기 바랍니다. 합격을 기원합니다. [오픈카톡 링크: https...",카카오,https://cafe.daum.net/snuleet/4KVq/94931,filter_candidate,filter,high,명확한 가격과 구매/문의 유도(카카오톡 오픈채팅)가 포함된 광고성 게시글입니다.
"⭐ 발주고 아이디 생성을 희망하시는 고객님께서는 사진속 전화번호로 사업자등록증, 배송 주소, 연락처를 보내주시거나 네이버폼 양식을 작성해 주시면 담당자가 신속히 확인 후 아이디 생성 절차를...",네이버,https://blog.naver.com/inmac_business/224374976561,filter_candidate,filter,high,전화번호를 통한 개인 정보 요청 및 아이디 생성을 안내하는 판매/홍보성 게시글입니다.
"신규가입,회원가입,이벤트,당근마켓,번개장터,아이디매입,아이디거래,빗썸,온카판,가입,번호인증,대리구매,대리결제,생필품,쿠팡,엔씨,리니지,리니지2m,무신사,아이디판매,리니지클래식,넷마블,솔인챈트,sol,nc)",무신사,https://cafe.naver.com/misoglobalyonhap/64170,filter_candidate,filter,high,"아이디 매입/거래, 대리구매 등 명백한 상업적 목적의 스팸 또는 중고거래 성격의 게시글입니다."
"펌프와 새로 교체할 펌프 설치 완료후 2-3회 정도 테스트를 진행한 후, 배수에 문제가 있어 확인후, 작업 마무리 진성펌프 설치 및 AS출장 문의(주말, 24시간출장) 휴대폰 연락처: ***-****-**** 네이버 톡톡: talk.naver.com/W4ZIW1 ---펌프 출장 수리 전문 진성 24시간 언제든 출장 가능 펌프 수리 AS 주말 출장 전문---",네이버,https://all-pump.tistory.com/5,filter_candidate,filter,high,전반적으로 제품 설치 후 문의 및 광고성 서비스 제공을 목적으로 하는 게시글로 보입니다.
주차완비(무료) ❤️ 모든 문의는 간편한 카카오톡 카카오톡 오픈채팅 카카오톡 오픈채팅 카카오톡 오픈채팅 카카오톡 오픈채팅 ❤️부산에서 가장 착한가격❤️ ❤️부산에서...,카카오,https://cafe.naver.com/hiric/333870,filter_candidate,filter,high,"구매 문의 및 홍보성 문구로, 실제 기업에 대한 의견이나 사건 보도와 관련이 없다."
감사드립니다 ❤️ 감사패제작/ 기념패 조명 제작 주문제작 문의는 카카오톡으로 부탁드립니다 QR코드로 친구추가를 편하게 할 수 있습니다 또는 카카오톡 아이디로 등록 가능합니다 카톡 아이디: VAYUGRAPH,카카오,https://blog.naver.com/vayugraph/224374973364,filter_candidate,filter,high,문의 및 주문을 유도하는 광고성 홍보성 게시글입니다.
31/모든항목VAT별도 이벤트대상 : 광교 밴스의원 카카오톡 플친 대상 카톡문의 https://buly.kr/CskwccS 실시간예약 https://buly.kr/3j9zCDd 진료시간 평일 10:00~20:30 토/일요일 10:00~18:00 점심시간 없이 운영 경기...,카카오,https://cafe.naver.com/junkart/1120444,filter_candidate,filter,high,카카오톡 문의나 예약 링크가 포함된 전형적인 광고성 홍보성 게시글입니다.
덤핑 재고 땡처리 직거래 회사: 스퀘어 유통 무역 담당자: 진산업 메일: *********@naver.com 카톡: yhj8584 연락처: 010-****-**** ** 안녕하세요... 각종 악성재고 과다재고 유통기한 임박 제품 등 재고매입 합니다 [ 취급류] (거의 모든...,무신사,https://cafe.naver.com/as9000/372244,filter_candidate,filter,high,직접적인 거래 문의 및 재고 매입을 목적으로 하는 홍보성 게시글입니다.
- 스마트스토어 / 에이블리 / 11번가 / 쿠팡 / 옥션 / 지마켓 등 다양한 이커머스 판매 관련 커뮤니티 입니다. - 그 외 위탁판매 / 구매대행 / 매출자랑 / 상위노출 등 다양한 판매 노하우 및 공략을 공유하는 공간입니다...,쿠팡,https://cafe.naver.com/dokdotrue/6762,filter_candidate,filter,high,판매 노하우나 판매 관련 정보를 공유하는 성격이 강해 리스크 판단에 직접적인 의견이 담긴 정상 콘텐츠로 보기 어렵습니다.
"판매할 쇼핑몰 만들기 스마트스토어, 쿠팡, 11번가, G마켓, 옥션 등 자신이 판매할 플랫폼을 선택합니다. 처음이라면 한 곳에 집중하는 것이 관리하기 수월합니다. 2단계. 믿을 수 있는 공급처 찾기 좋은 상품을 찾는 것만큼...",11번가,https://cafe.naver.com/aweq123/192939,filter_candidate,filter,high,판매 플랫폼 선택 및 상품 공급처 찾기 등 판매 방법을 안내하는 홍보성/방법 안내글입니다.
"원조이,신규가입,회원가입,이벤트,당근마켓,번개장터,아이디매입,아이디거래,빗썸,온카판,가입,번호인증,대리구매,대리결제,생필품,쿠팡,엔씨,리니지,리니지2m,무신사,아이디판매,리니지클래식,넷마블,솔인챈트,sol,nc)",무신사,https://cafe.naver.com/misoglobalyonhap/64123,filter_candidate,filter,high,"아이디 거래, 대리 구매 등 스팸 및 상업적 목적이 명확한 게시글입니다."
핫딜방 틴트 사고픈데 가능하신분 ㅜㅜㅜㅜ 12시까지래요 ㅜㅜㅜ,11번가,https://cafe.naver.com/skybluezw4rh/14806792,filter_candidate,filter,high,특정 상품의 구매 기회에 대한 문의는 판매/구매와 관련된 광고성 게시글로 판단됩니다.
"높은 빈도를 보임. 국내 사업자의 구매대행으로 많이 이용하는 쇼핑몰은 ‘쿠팡’ 249명(35.6%), ‘11번가’ 222명(31.7%), ‘지마 켓’ 159명(22.7%) 순으로 조사됨. [표4-8]건강식품온라인직구구매쇼핑몰(중복...",11번가,https://www.kca.go.kr/home/board/downloadlink.do?bid=00000146&did=1002894714&fno=10026122,filter_candidate,filter,high,"특정 쇼핑몰의 이용률을 조사하고 통계 데이터를 제시하는 것으로, 기업에 대한 의견이나 사건 보도와는 거리가 <0xEB><0xA9><0x89>니다."
포함) Women's 6 입니다. $50 카톡 또는 댓글 주세요 ! Start an Open Chat on KakaoTalk! Tap the link to get started. 컨버스 하이 화이트 사이즈 우먼 6 https...,카카오,https://cafe.daum.net/ourvancouver/3uBJ/1195067,filter_candidate,filter,high,특정 제품의 판매 및 문의를 유도하는 중고거래 또는 광고성 게시글입니다.
"고정 렌트, 이후 한 달씩 자동 갱신 - 주택/단지 내 절대 흡연 금지 - 전기 비용 미포함 - Strata move-in/out Fee 미포함 오픈카톡➡️➡️ https://open.kakao.com/o/snY4VmBh",카카오,https://cafe.daum.net/ourvancouver/4Nd0/1046704,filter_candidate,filter,high,카카오톡 링크와 비용 관련 안내가 포함된 전형적인 판매/홍보성 게시글입니다.
★ ▼ 24시간 문의 환영 ▼ 010=6492=5584 ▼ 카카오톡 오픈채팅 ▼ http://bit.ly/4fRcis3 ❤️ 딜리버리 서비스 ❤️ 거리가 멀거나 방문이 불가하신 분들은 전국 어디든 고객님 댁 앞까지 안전하게 분양이 가능합니다! 사진...,카카오,https://cafe.naver.com/6655happyclub/3198223,filter_candidate,filter,high,전화번호와 카카오톡 링크가 노출된 판매 또는 서비스 이용을 유도하는 광고/스팸성 게시글입니다.
이너텐트이며 네이버검색해보시면 사용법 자세히 나와 있습니다 저렴하게 판매합니다 판매가 8만원 새제품이며 여러개있습니다 기타 캠앤코 캠핑트레일러 부속 및 악세사리 여러종류 보유하고 있으니 문의주세요...,네이버,https://cafe.naver.com/joonggonara/1133181507,filter_candidate,filter,high,판매 및 홍보성 내용을 담고 있어 광고/스팸으로 판단됩니다.
"기반으로 운영되고 있습니다. ​ 연간 거래 규모 역시 9.5조 원에 달해, 그 안정성과 확장성을 수치로도 확인할 수 있습니다. ​ ​ ​ 또한 스마트스토어, 쿠팡, 11번가, 지마켓 등 100곳 이상의 판매처와 연동되어 있어 오픈마켓 관리 역시 매우 효율적으로 진행할 수 있습니다. 여러 채널에 흩어져 있는 주문을 한 번에 수집...",11번가,https://kairosre.tistory.com/428961,filter_candidate,filter,high,판매 채널 연동 및 거래 규모 등 서비스의 장점을 나열하며 홍보하는 내용이므로 광고성 게시글에 해당합니다.
16시 이전/이후로 시간협의 가능합니다 제가 모바일로 수강해서 온라인으로 수강하실 분 구해요 카톡으로 문의주세요 카카오톡 오픈채팅을 시작해 보세요. 링크를 선택하면 카카오톡이 실행됩니다....,카카오,https://cafe.naver.com/dokhoe/509233,filter_candidate,filter,high,상대방과의 만남/거래를 유도하는 개인적인 문의 요청성 게시글이기 때문입니다.
찾고 있습니다. 더 궁금하신 점은 오픈카톡으로 문의주시면 성실히 답변드리도록 하겠습니다. 감사합니다. https://open.kakao.com/o/sqPOwYAi 룸메 구해요 open.kakao.com,카카오,https://cafe.daum.net/mex/P3u6/49380,filter_candidate,filter,high,오픈카톡 링크와 '문의' 요청은 전형적인 판매 또는 광고성 스팸 게시글의 형태입니다.
기타요청사항 (엑스트라베드 추가 등) ☞ ※ 예약진행은 카카오톡 채널 [다낭도깨비호텔] 문의주세요... com/_sDTCT/chat ※ 호텔입금계좌 NH농협은행 / 도깨비트래블 (주) / *** - **** - **** -** ⚠️ 안내된 카카오...,카카오,https://cafe.naver.com/happyibook/6231595,filter_candidate,filter,high,호텔 예약 및 입금 계좌 안내 등 판매/홍보성 게시글이므로 필터링합니다.
"‘올밴’이라는 플랫폼에서 웹사이트로 바로 들어가 예약 가능했고, 카카오톡 챗봇 연동도 지원해서... 웹사이트, 카카오톡 가능 결제 카드, 간편결제 모두 가능 예약이 확정되자마자 기사님 연락처와 차량정보...",카카오,https://blog.naver.com/sfocuseyi17/224370917440,filter_candidate,normal,high,특정 서비스 이용 후기나 경험담을 제공하여 리스크 판단의 근거로 활용할 수 있는 콘텐츠입니다.
ㅌ ssg51 네이버거래 20번넘게했습니다,SSG,https://cafe.naver.com/misoglobalyonhap/64127,filter_candidate,filter,high,거래 경험을 언급하며 특정 플랫폼에서의 거래를 권유하는 스팸성 게시글로 보입니다.
카카오톡 오픈채팅방에 꾸려진 ‘통합노조대기방’엔 지난 5일 개설 후 닷새 만에 4000명이 모였다. 지난해 말 기준 SK하이닉스 전체 직원(3만4466명)의 11.6% 수준이다. 통합노조 측은 지난 8일 노조 설립신청서를 제출했으며...,카카오,https://n.news.naver.com/mnews/article/025/0003543380?sid=101,filter_candidate,normal,high,특정 기업의 노조 활동에 대한 실제 현황과 규모를 보도하고 있어 리스크 판단에 유용한 정보이다.
근처 한인마트도 가깝습니다. 렌트비는 거실 $650 입니다 유틸리티 포함 입니다 (첫달은 $50할인!) 편하게 오픈채팅으로 문의 주세요 https://open.kakao.com/o/sfRFM4Yg,카카오,https://cafe.daum.net/ourvancouver/4Nd0/1046698,filter_candidate,filter,high,부동산 렌트 정보 및 오픈채팅 문의 링크가 포함된 전형적인 홍보성/광고성 게시글입니다.
스키 리프트 주중 70% / 주말 50% 카카오톡 아이디 - starygood ☎️ 회원권 가격 등 구체적인 사안 궁금하신 부분 있으시거나 입회를 원하시는 분들은 연락처로 연락해주시길 바랍니다.  위의 이미지를...,카카오,https://blog.naver.com/live320/224370918009,filter_candidate,filter,high,카카오톡 아이디와 연락처를 통해 회원권 구매를 유도하는 전형적인 판매/광고성 게시글입니다.
"체험단 모집은 블로그·인스타그램·카카오 오픈채팅 등에서 진행해요. 제가 경험한 데이터의 평균을 를 보니 체험단 10명에서 후기 7~8개를 확보하는 게 현실적이에요. 그리고 체험 제공 후 ""3일 이내에 솔직한...",카카오,https://blog.naver.com/biz_sherpa_/224373961179,filter_candidate,filter,high,체험단 모집 방식과 후기 확보에 대한 방법론을 설명하며 홍보/정보 제공에 치중되어 있습니다.
35000 -> 20000 :앞부분 표지가 살짝 말렸는데 필기 없고 깨끗합니다 반값택배시 택배비 제가 부담합니다 오픈채팅방에서 문의주세요! https://open.kakao.com/o/s8DzkbIi,카카오,https://cafe.daum.net/keedong/SGG/380325,filter_candidate,filter,high,중고 거래 및 판매 문의 링크가 포함된 광고성 게시글입니다.
"신규가입,회원가입,이벤트,당근마켓,번개장터,아이디매입,아이디거래,빗썸,온카판,가입,번호인증,대리구매,대리결제,생필품,쿠팡,엔씨,리니지,리니지2m,무신사,아이디판매,리니지클래식,넷마블,솔인챈트,sol,nc)출첵요",무신사,https://cafe.naver.com/misoglobalyonhap/64116,filter_candidate,filter,high,아이디 판매 및 대리구매 등 상업적 목적의 거래 게시글에 해당합니다.
"상호 : 대성축산 (정육식당) 상세한 주소(시,구,동), 인근역 : 잠실새내역 인근 새마을시장 내 위치 연락처 : 010-****-**** (네이버 쪽지나 전화, 문자 등 편하신 방법으로 지원 및 문의 부탁드립니다.) 급여 : 경력별 협의...",네이버,https://cafe.naver.com/blackjuaiq/262159,filter_candidate,filter,high,해당 텍스트는 구인/구직 정보에 해당하므로 리스크 판단과 무관합니다.
"기본강의(포인트재정학)를 더 추천하십니다. PDF 거래 안합니다. 정가 127,000원 > 일괄 택포 100,000원 에눌가능 오픈채팅 주세요 https://open.kakao.com/o/sOgtR5Sf",카카오,https://cafe.daum.net/account2000/7BR/1746779,filter_candidate,filter,high,가격 비교 및 오픈채팅 링크를 포함하여 거래를 유도하는 판매성 게시글입니다.
점 언제든지 연락주세요! $800 사진 결과물 (무보정) 사진 결과물 (무보정) 카카오톡 오픈채팅을 시작해 보세요. 링크를 선택하면 카카오톡이 실행됩니다. 밴쿠버 중고...,카카오,https://cafe.daum.net/ourvancouver/3uBJ/1195182,filter_candidate,filter,high,사진 결과물 판매 및 카카오톡 문의 등 명확한 판매/홍보성 게시글에 해당합니다.
위해 안전하게 협력 대학병원으로 연계하였습니다 ​ 더욱 자세한 치료 후기와 정보를 원하시는 분들께서는 아래 연락처로 문의 주시기 바랍니다 ​ 감사합니다 카카오톡 채널 : https://pf.kakao.com/_xaxdaYb VIX DENTAL 호치민 종합전문치과 VIX DENTAL 입니다 :) pf.kakao.com (24시간 한국어 상담) Kakao Channel VIX...,카카오,https://vixdental.tistory.com/33,filter_candidate,filter,high,실제 문의를 유도하는 광고 및 홍보성 연락처 정보가 포함되어 있기 때문입니다.
제가 4시 이후 선호합니다 학교 강의 지원 할인 받았어요! (10%) 카카오톡 오픈채팅을 시작해 보세요. 링크를 선택하면 카카오톡이 실행됩니다. 윤지훈 경제 기본강의...,카카오,https://cafe.daum.net/account2000/7BR/1746449,filter_candidate,filter,high,카카오톡 오픈채팅 링크를 안내하며 특정 강의를 홍보하는 스팸/광고성 게시글입니다.
"GEEK9 안녕하세요. 2026년 8월 10일자로 GEEK9 카카오 플러스 친구 상담 재개시가 되었습니다. 기존처럼 홈페이지가 편하신 분들은 홈페이지에 대행 신청을 해주셔도 되고, 카카오톡 상담이 더 편하신 분들은 카카오톡으로 문의를 주셔도 빠르게 접수/응대/진행 도와드리겠습니다. 구매대행 가능 국가 프랑스,스페인...",카카오,https://daangnproxy.tistory.com/4,filter_candidate,filter,high,구매대행 가능 국가 언급 및 문의 유도를 통해 광고/판매성 게시글로 판단됩니다.
"1.보통 하루이틀 단기로 지게차 기사님 구할 때 이용하시는 전용 사이트, 앱, 카카오톡 오픈채팅방, 네이버 카페 등이 있을까요? 2.요즘 1일(8시간 기준) 기사님 일당을 대략 어느 정도로 생각하고 구인글을 올려야 할까요?...",카카오,https://cafe.naver.com/yukbuklife/65974,filter_candidate,filter,high,직업/인력 구인과 관련된 문의이므로 리스크 판단과는 무관한 정보입니다.
"대우전자 11kg 세탁기 DWF-11GAWP 상품코드: 1682727943 상품 선택옵션 1 개, 추가옵션 1 개 [11번가에서보기] 판매가격 297,200원 한국내 배송비 무료 해외 배송비 주문하시는 모든상품이 비앤샵 도착후 검수...",11번가,http://bnshop.net/bns/est/product.php?detail_url=http%3A%2F%2Fwww.11st.co.kr%2Fproduct%2FSellerProductDetail.tmall%3Fmethod%3DgetSellerProductDetail%26prdNo%3D1682727943&product_id=1682727943&category_id=1001432,filter_candidate,filter,high,상품 판매 및 구매를 유도하는 광고성 게시글에 해당합니다.
비자 유형 관심 옵션 / 입주일 / 거주 기간 쇼잉 가능일 📱 카카오톡 오픈채팅 👉 https://open.kakao.com/o/sOweATCi ⚠️ 확인 후 순차 답변드립니다. 📸 해외 거주 시 사진...,카카오,https://cafe.daum.net/ourvancouver/4Nd0/1046138,filter_candidate,filter,high,카카오톡 오픈채팅 링크를 통한 문의 유도는 전형적인 광고/스팸성 게시글에 해당합니다.
주문가능/(선물 주문가능) 건강식품/홍삼 /버섯/건강즙 주문 가능 ​ https://shop.coupang.com/lucky777 ​ 카톡 :simpel602 (주문 하기전 문의가능 합니다.) ​ ​ ​ ​ 중국에서...,쿠팡,https://cafe.daum.net/qingdaokorean/CIo4/48243,filter_candidate,filter,high,특정 상품의 구매 및 주문을 유도하는 광고성 게시글입니다.
"꼼꼼히 해드릴 테니 여유 있게 와주시면 감사하겠습니다! ​📩 예약 문의: 오픈카톡[https://open.kakao.com/o/syYSe9Hi ]로 희망 날짜/시간 보내주세요! (수,목,금 중...",카카오,https://cafe.daum.net/skc67/8cBB/636005,filter_candidate,filter,high,카카오톡 오픈채팅 링크를 포함한 판매 또는 예약 문의 성격의 게시글이므로 필터링해야 합니다.
"010-****-**** 카카오톡 ID: pilatesandsol 또는 카톡 검색창에 ""홍성 솔 필라테스"" 치시면 프로필로 뜹니다... talk.naver.com 네이버 예약이 어려우신 분들은 전화, 문자, 카카오톡, 톡톡 문의하기 중 편하신 거로 연락...",카카오,https://blog.naver.com/pilatesandsol/224370410713,filter_candidate,filter,high,연락처 및 문의 방법을 안내하는 전형적인 광고성/판매 유도 게시글입니다.
"하나 80퍼 76,160원 구해요 ! 칼답",쿠팡,https://cafe.daum.net/ok1221/8bIJ/7803067,filter_candidate,filter,high,중고거래 문의나 구매를 목적으로 하는 게시글이라 광고/스팸으로 판단합니다.
"닉변 X X 비매너, 찡찡이, 부캐, 철새 X 편안한 분위기에서 오래 함께 게임하실 분들의 많은 지원 기다립니다! *가입문의 카카오톡 > 오픈채팅 검색 > 검색어 ""협타디 일심"" 검색 https://open.kakao.com/o/gbXbR9Hi",카카오,https://cafe.naver.com/cooptd/39267,filter_candidate,filter,high,"카카오톡 오픈채팅 링크를 포함하며, 이는 개인적인 모임이나 거래 유도 성격이 강한 게시글입니다."
예약진행은 카카오톡 채널 [푸꾸옥도깨비호텔] 문의주세요 :) https://pf.kakao.com/_MExbJT ※ 호텔입금계좌 NH농협은행 / 도깨비트래블 (주) / *** - **** - **** -** ⚠️ 안내된 카카오채널과 공식...,카카오,https://cafe.naver.com/ysm5828/9599434,filter_candidate,filter,high,카카오톡 채널 문의 및 입금 계좌를 명시하며 판매를 유도하는 광고성 게시글입니다.
5000원 쿠폰 1000원에 대리구매로 구해봅니다!,에이블리,https://cafe.naver.com/engmstudy/3167559,filter_candidate,filter,high,대리구매 및 가격 판매성 내용이 포함된 스팸/광고성 게시글에 해당함.
마트 장보러 가거나 근처 볼일 있을 때 같이 가셔도 됩니다. ​ 렌트비: $800/month 카카오톡 오픈채팅을 시작해 보세요. 링크를 선택하면 카카오톡이 실행됩니다. ​ 룸...,카카오,https://cafe.daum.net/skc67/33dV/1291567,filter_candidate,filter,high,함께 갈 사람을 모집하거나 숙박비를 제시하는 등 서비스 제공 및 판매와 관련된 게시물로 판단됩니다.
가벼운것들은 도와드릴게요 댓글이나 카톡으로 언제 무엇 가져가실지 달아주세요 카카오톡 오픈채팅을 시작해 보세요. 링크를 선택하면 카카오톡이 실행됩니다. 이ㅣ...,카카오,https://cafe.daum.net/skc67/8VWY/42434,filter_candidate,filter,high,카카오톡 문의 및 거래 약속을 잡는 판매/홍보성 글에 해당합니다.
"265 45 20 미쉐린 PS4 SUV 중고타이어 2본 트래드 80% 가격 30만원 문의 010 - **** - **** *전화번호 저장후 카카오톡 문의* 매장 : 의정부, 양주, 고양 택배거래 가능! 타이어코치 블로그",카카오,https://cafe.naver.com/joonggonara/1133194350,filter_candidate,filter,high,중고 물품 판매 및 거래 문의가 포함된 광고성 게시글입니다.
"확인은 카카오톡으로 실시간 상담 가능합니다 오늘 마감 전 주문해주시면 내일 도착을 보장해드리니, 품절... 확인 (카카오톡) 오늘 마감전 주문시 내일 도착 보장! 품절 전에 서둘러 문의주세요. ★ 동해수산유통 검색...",카카오,https://cafe.naver.com/k666000666/10772,filter_candidate,filter,high,카카오톡 문의 유도 및 판매 독려성 문구가 포함된 광고성 게시글입니다.
연락처: ***-****-**** ※ 면접 시 회원 배정 방식 및 센터 내부 시스템을 상세히 안내 [짐웨이 진안점 네이버 플레이스 링크] https://map.naver.com/p/search...,네이버,https://cafe.daum.net/spodream/7EwY/1359448,filter_candidate,filter,high,연락처와 상세한 장소 안내만 제공하는 홍보성 게시글에 해당합니다.
주문가능/(선물 주문가능) 건강식품/홍삼 /버섯/건강즙 주문 가능 ​ https://shop.coupang.com/lucky777 ​ 카톡 :simpel602 (주문 하기전 문의가능 합니다.) ​ ​ ​ ​ 중국에서...,쿠팡,https://cafe.daum.net/qingdaokorean/CIo4/48290,filter_candidate,filter,high,상품 판매를 목적으로 링크와 문의처가 포함된 홍보성 게시글입니다.
칼답칼입가능 배송지변경 원해용 거래글 기록 있으신분만😓 ㅅㅊㅇ 쿠팡 에이블리 쇼핑몰 네이버 지그재그,쿠팡,https://cafe.daum.net/ok1221/8bIJ/7802794,filter_candidate,filter,high,중고 거래와 관련된 판매 및 거래 요청 게시글입니다.
"고민인 분들에게 꼭 필요한 수분크림 크리니크 쏙보습크림, 핑크수분크림 ​ 이번 그랜드 뷰티컬리페스타에서 합리적인 가격에 모두들 겟하세요! ​ ​ ​ 컬리 - 마켓컬리/뷰티컬리 Better Life for All. 건강한 식재료부터 믿을 수 있는 뷰티, 라이프스타일 상품까지. 나와 내 가족이 사고 싶은 상품을 판매합니다. 내일 아침...",마켓컬리,https://blog.naver.com/focl/224374510476,filter_candidate,filter,high,특정 제품의 판매를 홍보하고 가격 혜택을 유도하는 광고성이 강한 게시글임.
칼답칼입가능 배송지변경 원해용 쭉방 거래 기록 있으신분만! ㅅㅊㅇ 쿠팡 에이블리 쇼핑몰 네이버 지그재그,쿠팡,https://cafe.daum.net/ok1221/8bIJ/7803071,filter_candidate,filter,high,중고 거래 및 판매 관련 내용을 포함하고 있어 광고/스팸에 해당한다.
이커리어 컨설팅 1:1 무료 사전 상담 신청  https://buly.kr/5q8Mjko [컨설팅 문의] 서울 강남 : 02-533-9955  카카오톡 이커리어 오픈채팅 문의 가능 #KT&G채용 #KT&G채용공고 #KT&G신입채용 #KT&G경력채용 #2026하반기채용...,카카오,https://blog.naver.com/ecareer/224374972601,filter_candidate,filter,high,문의 및 채용 관련 직접적인 홍보성 게시글로 광고에 해당합니다.
누락을 방지하기 위해서 입니당 https://open.kakao.com/o/sSG2KJmg 중복활인이 가능한 쿠폰으로... 사항은 카톡으로 연락주세요~ https://open.kakao.com/o/sSG2KJmg 스마트 스토어 바로가기 https://naver.me/F5smZkjP,SSG,https://cafe.naver.com/alsljmwn/5371,filter_candidate,filter,high,카카오톡 링크와 쿠폰 등 홍보 및 판매 유도를 목적으로 하는 게시글입니다.
인공지능(AI) 시대를 맞은 카카오와 네이버의 AI 전략이 갈리고 있다. 플랫폼 및 광고·커머스 사업 등을... 달리 카카오는 카카오톡을 중심으로 한 기업·소비자간거래(B2C) 서비스에 무게를 싣는다. AI 인프라 경쟁에...,카카오,https://n.news.naver.com/mnews/article/119/0003120235?sid=105,filter_candidate,normal,high,"카카오와 네이버의 AI 전략을 비교 분석하는 기사 형태로, 기업 관련 의견을 담고 있음."
"10흘 이상 네고 가능 예약금은 10% 한국계좌 가능,이트렌스퍼 가능 https://open.kakao.com/o/sLRxkOkf 노스욕민박 open.kakao.com 카톡아이디 shy16052 전화번호 647...",카카오,https://cafe.daum.net/skc67/33dV/1291308,filter_candidate,filter,high,대리구매 또는 거래 관련 내용을 담고 있어 광고/스팸으로 판단됩니다.
com/_dxcxnhG/chat ★카톡문의환영 ★ 카카오 친구 추가하면 좋은점 1. 실시간 시세표 제공 2. 실시간 채팅상담 가능 3. 실시간 재고현황 제공 4. 가장빠른 특가 소식. ※ 꼭 확인해주세요...,카카오,https://cafe.naver.com/busanjungonara/6094678,filter_candidate,filter,high,카톡 문의 유도와 특가 소식 홍보 등 판매/광고성 게시글에 해당합니다.
"대해 궁금하신 점이 있으시다면 맞춤 상담으로 부모님께 도움을 드리는 시흥 은계 아동발달센터 굿모닝의원은 무료 초기상담으로 부담없이 문의주셔도 됩니다. 연락처, 카카오채널, 네이버(플레이스)문의로 주시면 됩니다",카카오,https://cafe.naver.com/eungyemam/295758,filter_candidate,filter,high,특정 서비스에 대한 상담 문의 및 홍보성 내용을 담고 있어 광고성으로 분류됩니다.
네이버 카페에 2026년 교재 구매 내역을 게시하고 자료 요청해주시면 네이버 쪽지로 자료 송부드리겠습니다. 다른 경로로는 담당자가 확인이 어려우니 꼭! 네이버 카페에 올려주세요! 구매자 혜택 1. 제37~38회...,네이버,https://cafe.naver.com/mgsedu/16281,filter_candidate,filter,high,특정 자료 요청 및 공유를 유도하는 판매/홍보성 게시글로 판단됩니다.
"★사기 통합 조회 https://web.joongna.com/fraud @ 택배거래는 영상통화 & 카카오톡 영상통화 이용하여, 제품 확인하시고 거래하세요. @ 중고 장터 수칙 준수 https://cafe.naver.com/drhp/1389965 #삽니다 역시, 택배거래는...",카카오,https://cafe.naver.com/drhp/2633578,filter_candidate,filter,high,중고거래 시 유의사항 및 거래 규칙 안내와 같은 스팸/광고성 게시글에 해당합니다.
"원조이,신규가입,회원가입,이벤트,당근마켓,번개장터,아이디매입,아이디거래,빗썸,온카판,가입,번호인증,대리구매,대리결제,생필품,쿠팡,엔씨,리니지,리니지2m,무신사,아이디판매,리니지클래식,넷마블,솔인챈트,sol,nc)",무신사,https://cafe.naver.com/misoglobalyonhap/64117,filter_candidate,filter,high,"아이디 매매, 대리구매 등 거래를 유도하거나 스팸성 키워드 나열에 해당합니다."
"재고는 쿠팡 대형 박스 기준 약 27박스이며, 1톤 화물차 1대 정도면 운반 가능합니다. 현재 남아 있는 재고의 매입가만 약 500만 원 상당이며 공급처, 운영노하우, 촬영원본, 토퍼기계, 쇼핑몰부자재까지 모두 포함된...",쿠팡,https://cafe.naver.com/joonggonara/1133180680,filter_candidate,filter,high,판매하려는 재고의 수량과 가격을 언급하며 판매를 목적으로 하는 광고성 게시글로 판단됩니다.
"시각예술 문화생활 교류공간 카카오톡 예술 + 문화생활 분야 회원수 2,600명 1위 ▪️사진, 회화, 영화등 미술 예술 이야기 소통 ▪️전시, 공연, 행사, 축제등 문화생활 소식 공유 ▪️미술관, 박물관, 극장 함께 관람하고...",카카오,https://cafe.naver.com/marryinform/152818,filter_candidate,filter,high,특정 플랫폼의 기능 소개나 가입 유도를 목적으로 하는 홍보성 게시글로 판단됩니다.
11번가: [PC 버전] http://shop.11st.co.kr/store/wj2517 [모바일 버전] http://me2.do/GYdMxRT6 옥션: [PC 버전] http://stores.auction.co.kr/leports [모바일 버전] http://me2.do/FV9GMPAB G마켓: [PC 버전] http://minishop.gmarket.co.kr...,11번가,https://blog.naver.com/wj2517/224370683508,filter_candidate,filter,high,복수의 쇼핑몰 링크를 나열하며 상품 판매를 유도하는 광고성 게시글입니다.
"★사기 통합 조회 https://web.joongna.com/fraud @ 택배거래는 영상통화 & 카카오톡 영상통화 이용하여, 제품 확인하시고 거래하세요. @ 중고 장터 수칙 준수 https://cafe.naver.com/drhp/1389965 #삽니다 역시...",카카오,https://cafe.naver.com/drhp/2631632,filter_candidate,filter,high,거래 방식 안내 및 링크 포함 등 광고/홍보성 게시글에 해당합니다.
나이: - 현재 비자 기간 : - 거주 예상 기간: - 뷰잉 가능 날짜 및 시간: 연락처: https://open.kakao.com/o/s5WfXyEi 거실 여기를 눌러 링크를 확인하세요 open.kakao.com,카카오,https://cafe.daum.net/ourvancouver/4Nd0/1046130,filter_candidate,filter,high,개인 연락처 정보 및 링크 제공은 전형적인 중고거래 또는 광고성 게시글입니다.
"265 45 21 한국타이어 아이온 에보AS 중고타이어 1대분 트래드 90% 가격 65만원 문의 010 - **** - **** *전화번호 저장후 카카오톡 문의* 매장 : 의정부, 양주, 고양 택배거래 가능! 타이어코치 블로그",카카오,https://cafe.naver.com/joonggonara/1133194377,filter_candidate,filter,high,중고 제품 판매 및 문의를 유도하는 전형적인 광고/스팸성 게시글입니다.
평일 09:30 ~ 20:00 토요일 09:30 ~ 15:30 점심시간: 13:00~14:00 일요일·공휴일 휴진 ※ 평일 접수마감 19:30 / 토요일 접수마감 15:00 다이어트 카톡 상담 및 예약 문의 카카오톡채널 - 온보한의원 네이버예약 가능 -아래 링크...,카카오,https://blog.naver.com/onbohani/224370916336,filter_candidate,filter,high,병원 운영 시간 및 상담/예약 안내 등 홍보성 정보만 담고 있어 리스크 판단과 무관합니다.
"원조이,신규가입,회원가입,이벤트,당근마켓,번개장터,아이디매입,아이디거래,빗썸,온카판,가입,번호인증,대리구매,대리결제,생필품,쿠팡,엔씨,리니지,리니지2m,무신사,아이디판매,리니지클래식,넷마블,솔인챈트,sol,nc)",무신사,https://cafe.naver.com/misoglobalyonhap/64099,filter_candidate,filter,high,"아이디 판매, 거래, 대리구매 등 명백한 스팸/홍보성 게시글의 성격이 강합니다."
"⭐ 사재기, 사기 피해 예방을 위해 [검색 · 네이버 서비스 공개] 체크를 해제해주세요. ⭐ 댓글 없이 바로 오픈채팅을 걸거나 인게임 친구 요청, 귓속말로 거래를 요구하는 경우 반드시 거절하시기 바랍니다. (사재기...",네이버,https://cafe.naver.com/elswordmall/4027247,filter_candidate,normal,high,"서비스 이용 시 발생할 수 있는 사기 및 피해 예방에 대한 경고성 안내문으로, 기업 서비스 관련 이슈 언급이 포함되어 있음."
오픈 카카오톡 작성시 해당글 삭제 및 활정 30일 입니다.) 2. 거래 방식 및 장소 : 등기 or 아현 (직거래인지 등기거래인지 작성해주세요. 직거래일 경우 지역을 작성해주세요.) 3. 거래 물품 : 특공마루 오버 드라이브...,카카오,https://cafe.naver.com/vgtrade/206615,filter_candidate,filter,high,거래 방식과 물품을 구체적으로 명시하며 판매를 유도하는 중고거래 게시글입니다.
바지는 무신사 제품으로 팀원 분들과 전부 맞췄습니다 핏 질 전부 좋아요 저는 기장이 길어 옷핀으로 살짝 고정해 입었습니다 그 외 하자 없습니다! 몸만 오면 되는 풀셋으로 팔아요 일반 5000 반택 2500,무신사,https://cafe.naver.com/tictoc/6147552,filter_candidate,filter,high,판매 금액과 '풀셋으로 팔아요' 등의 문구로 보아 중고거래나 판매/홍보성 게시글입니다.
"게스트 모집 인원 : 10명 6. 게스트 비용 : 10,000원 7. 연락처 : https://open.kakao.com/o/gyO8n2Gi (오픈톡방에서 게스트 접수-입금 확인 진행합니다) 8. 게스트...",카카오,https://cafe.daum.net/dongarry/Dilr/338545,filter_candidate,filter,high,구체적인 비용과 오픈톡 링크를 통해 게스트 모집 및 접수를 유도하는 광고성/스팸성 게시글입니다.
1.1만원 이상 주문 ⭐️⭐️ 주소 / 현관비밀번호 매장명 메뉴(캡쳐) 요청사항 (리뷰 이벤트 가능) 댓글 달아주세요 칼답가능 ⭐️⭐️,쿠팡,https://cafe.daum.net/ok1221/8bIJ/7801079,filter_candidate,filter,high,주문 및 혜택 제공 등 상업적인 성격이 강한 홍보성/판매 게시글로 판단됩니다.
"대포통장 예금주 대상 가압류·민형사 대응 법리 ✏️ 작성일 2026년 08월 11일 &#34;수익률 500% 보장&#34;, &#34;손실 발생 시 원금 전액 보상&#34;이라는 자극적인 문구로 카카오톡 오픈채팅방이나 텔레그램으로 유인한 뒤, 가짜 HTS/MTS 앱을 설치하게 만들어 허위 매매 수익을 보여주고 고액의 VIP 가입비와 투자금을 가로채는 '주식...",카카오,https://feellaw.tistory.com/85,filter_candidate,normal,high,특정 금융 사기 수법을 구체적으로 보도하며 리스크 판단에 활용 가능한 실제 사건 내용입니다.
"*경유지 1곳(1시간) 추가 +$10 (미리 신청) *아기 카시트 대여(개당+$5/~36개월까지, 개월수 및 수량 기재) *은방망이 등급 픽업/샌딩 1회 무료 혜택 신청은 제목 ""은방망이 혜택 사용""으로 작성 후 카톡으로 네이버 id...",네이버,https://cafe.naver.com/zzop/4166445,filter_candidate,filter,high,상품/서비스의 혜택 및 이용 방법에 대한 안내이므로 광고 또는 스팸성 게시글로 판단됩니다.
누락을 방지하기 위해서 입니당 https://open.kakao.com/o/sSG2KJmg 중복활인이 가능한 쿠폰으로... 사항은 카톡으로 연락주세요~ https://open.kakao.com/o/sSG2KJmg 스마트 스토어 바로가기 https://naver.me/FZobNEsm,SSG,https://cafe.naver.com/alsljmwn/5367,filter_candidate,filter,high,카카오톡 문의 및 쿠폰/할인 안내 등 판매 및 홍보성 내용을 담고 있어 광고성 게시글에 해당합니다.
1년이상 근무시 년차 발생 4대보험 선택가능 연락처 070-4210-2022 03-3586-9910 카카오톡:gyun369 즐겁게 일 하실분 찾아요 많은 지원 부탁드립다 일단 면접한번 봐...,카카오,https://cafe.daum.net/japantokyo/5tb1/201845,filter_candidate,filter,high,연락처와 채용 관련 내용만 포함된 광고/홍보성 게시글로 판단됩니다.
"열려 있는지 먼저 확인해 보세요. ​ ​ ​ ▼ 신청은 카톡 한 줄이면 끝납니다. ▼ ​ ​ 카카오채널 [로얄아이비] 추가 후, 학생이름, 학교, 학년 하이퍼스킴 문의 ​ 이렇게 보내...",카카오,https://cafe.daum.net/penanginfo/aGtS/1544,filter_candidate,filter,high,카카오톡 문의를 유도하는 전형적인 광고/홍보성 게시글입니다.
올리브영에서도 판매합니다. 눈썹 못 그리는 저에겐 너무 좋은 필수 템이에요. 온라인에서 행사할 때 저렴하게 쟁여놓고 사용합니다. 리무버 펜도 있으니 잘못 그려도 수정 가능하니 걱정 NO. 색상도 3가지...,올리브영,https://blog.naver.com/hoso221014/224374946806,filter_candidate,normal,high,특정 제품에 대한 실제 사용 후기와 구매 정보를 포함하고 있어 리스크 판단에 활용 가능한 정상 콘텐츠이다.
"하시네요^^ ​ 속도 리밋 테스트는 일반 공도가 아닌 다이나모 위에서 안전하게 진행되었음을 알려드립니다. ​ 튜닝 및 상담문의는 ecu 맵핑 문의 카카오톡 아이디 : ecu1 카카오톡 바로 연결 QR 문자 상담 : ***-****-**** 견적문의 카톡 양식 1. 차종 상세 모델 및 엔진 제원: 예) 포르쉐 971 파나메라 4.0 터보 550HP, 2...",카카오,https://ktmac-boor.tistory.com/4826,filter_candidate,filter,high,구체적인 서비스(ECU 맵핑) 문의 및 상담을 위한 연락처/양식을 안내하는 광고성 게시글이다.
오픈 카카오톡 작성시 해당글 삭제 및 활정 30일 입니다.) 2. 거래 방식 및 장소 : 등기 (직거래인지 등기거래인지 작성해주세요. 직거래일 경우 지역을 작성해주세요.) 3. 거래 물품 : 일d 하리 35이내로 구해봅니다...,카카오,https://cafe.naver.com/vgtrade/207011,filter_candidate,filter,high,중고거래 물품 판매 문의와 관련된 게시글이므로 광고/스팸으로 분류합니다.
새상품 더콜디스트모먼트 치노팬츠 차콜 아예 새상품입니다 선물 받았는데 같은 제품 있어서 판매합니다 무신사에서 9만원에 판매중이에요 판매자: zzwjwqkqtorl 구매 가능한가요? 궁금한 사항은 후루츠패밀리...,무신사,https://cafe.naver.com/fruitsfamilyco/1090905,filter_candidate,filter,high,중고 거래 및 판매 관련 내용이 포함되어 있어 광고/스팸으로 판단됩니다.
"피해금 회수: 기관 특별배정 거짓말 입증과 대포통장 기습 가압류·민형사 대응 법리 ✏️ 작성일 2026년 08월 11일 대형 증권사나 유명 자산운용사를 사칭해 카카오톡 오픈채팅방이나 텔레그램으로 접근한 뒤, &#34;기관 전용 물량을 확보하여 공모가보다 50% 저렴하게 공모주를 특별 배정해 주겠다&#34;며 가짜 주식 거래 앱으로...",카카오,https://thesinsanote.tistory.com/91,filter_candidate,normal,high,특정 금융 사기 유형과 법적 대응 방안을 설명하는 실제 사례 기반의 정보성 글이다.
요청] 오픈채팅 '고어전문방' 학대자가 처벌받을 수 있도록 동참해주세요! 2021.01.11 101 [동물학대] 카카오톡 오픈채팅방 “고어전문방” 동물학대자 고발 2021.01.08 100 [동물학대] 길고양이 학대 유튜버...,카카오,https://www.animals.or.kr/campaign/intro,filter_candidate,normal,high,특정 사건(동물 학대)에 대한 고발 및 보도가 포함된 실제 이슈 관련 게시글입니다.
오픈 카카오톡 작성시 해당글 삭제 및 활정 30일 입니다.) 2. 거래 방식 및 장소 : 등기거래 (직거래인지 등기거래인지 작성해주세요. 직거래일 경우 지역을 작성해주세요.) 3. 거래 물품 : 환진각성 닼스테 전종 15...,카카오,https://cafe.naver.com/vgtrade/206613,filter_candidate,filter,high,중고 물품의 거래 방식과 물품 목록을 작성하는 게시글로 광고/판매성이 강합니다.
"★사기 통합 조회 https://web.joongna.com/fraud @ 택배거래는 영상통화 & 카카오톡 영상통화 이용하여, 제품 확인하시고 거래하세요. @ 중고 장터 수칙 준수 https://cafe.naver.com/drhp/1389965 #삽니다 역시...",카카오,https://cafe.naver.com/drhp/2631631,filter_candidate,filter,high,거래 사기 예방 방법 안내나 중고거래 수칙 강조는 광고 또는 스팸성 정보에 해당합니다.
카톡으로 네이버 id 전송! ──────────── 1️⃣공항픽업 신청서 -한글성함 : 김솔지 -항공편 출발 날짜 (도착일X) : 9월 12일 (토) -항공편명 : 파라타항공 WE201 -다낭 공항 도착일 : 9월 12일 (토) -도착시간...,네이버,https://cafe.naver.com/happyibook/6236049,filter_candidate,filter,high,개인정보를 요구하거나 특정 서비스의 신청을 유도하는 스팸/광고성 게시글로 판단됩니다.
"jiuni01@네이버.닷컴(영문표기로~) 편하게 전화,판매자챗팅글 카톡 남겨주세요.. 빠른 답글로 뵙겠습니다. 주말 및 공휴일도 상담문의 및 계약가능합니다. ※렌탈사업본부 공통운영재고로 조기...",네이버,https://cafe.naver.com/fltmfltmfltm/45390,filter_candidate,filter,high,"전화, 카톡 문의를 유도하는 전형적인 판매/홍보성 게시글입니다."
한장당 2.8에 판매합니다 유효기간 1년,올리브영,https://cafe.daum.net/weareshower/ZEnk/250264,filter_candidate,filter,high,가격과 판매 정보를 직접 언급하고 있어 판매/홍보성 게시글로 판단됩니다.
"⭐ 사재기, 사기 예방을 위해 [검색 · 네이버 서비스 공개] 체크를 해제해주세요. ⭐ 댓글 없이 바로 개인 연락을 시도하거나 인게임 친구 요청, 귓속말로 거래를 요구하는 경우 반드시 거절하시기 바랍니다. (사재기...",네이버,https://cafe.naver.com/elswordmall/4029338,filter_candidate,filter,high,"사용자에게 주의사항을 공지하며, 특정 행동을 제한하는 내용으로 리스크 판단과 무관한 안내문입니다."
"gil, Oga-myeon, Yesan-gun, Chungcheongnam-do, Korea TEL. +82-41-333-3088 | FAX +82-41-333-0444 © AGRIIS. All rights reserved. Home BUY SELL Shop MY 공유하기 × 카톡 카카오톡 문자 SMS 링크 URL 복사",카카오,https://m.agriis.co.kr/m/searchmorem.php?where=9&kword=%EA%B5%AC%EB%B3%B4%EB%8B%A4%EA%B5%B0%EC%82%B0&language=E,filter_candidate,filter,high,"전화번호, 주소, 회사 정보만 나열되어 있어 기업에 대한 실제 의견이나 콘텐츠가 없습니다."
ZhUG92fcy3az95oW 작업완료후 차주분과 청음 및 시운전까지 마치고 출고되었습니다. 방문해주셔서 감사합니다. 튜닝 및 상담문의는 ecu 맵핑 문의 카카오톡 아이디 : ecu1 카카오톡 바로 연결 QR 문자 상담 : ***-****-**** 견적문의 카톡 양식 1. 차종 상세 모델 및 엔진 제원: 예) 포르쉐 971 파나메라 4.0 터보 550HP...,카카오,https://ktmac-boor.tistory.com/4822,filter_candidate,filter,high,"카카오톡 문의, 견적 문의 등 명확한 판매/홍보성 내용이 포함되어 광고성 게시글로 판단됩니다."
제재처리입니다.) : 카카오톡 오픈채팅을 시작해 보세요. 링크를 선택하면 카카오톡이 실행됩니다. 신발 https://open.kakao.com/o/sCc3nizi 댓글 달고 연락 하세요. *댓글 안달고 문의 시 신고 후 제재가능* ★★★★거래는 꼭...,카카오,https://cafe.naver.com/bluesevwr/568966,filter_candidate,filter,high,특정 상품의 구매를 유도하는 판매/홍보성 게시글이므로 필터링합니다.
첫 협력 대상은 쿠팡이츠. 주문은 쿠팡이츠가 받고 결제는 카카오페이로 한다. 카카오톡 커머스의 중심이 '누구에게 무엇을 보낼지'에서 '내가 무엇을 살지'로 옮겨갈지 하반기 실적에서 확인될 가능성이 높다.,쿠팡,https://n.news.naver.com/mnews/article/008/0005398275?sid=105,filter_candidate,normal,high,"특정 서비스(쿠팡이츠, 카카오페이 등)의 사업 협력 및 시장 변화에 대한 분석 의견을 제시하고 있다."
예비번호 받았습니다) - 추가 첨삭시 고려하여 비용 책정해드리겠습니다. https://open.kakao.com/o/sjQ07vEi 기타 궁금한 점 있으시면 언제든지 문의주세요 감사합니다...,카카오,https://cafe.daum.net/snuleet/4KVq/94934,filter_candidate,filter,high,카카오톡 오픈채팅 링크를 통해 비용 책정이나 문의를 유도하는 광고/판매성 게시글로 보입니다.
"마늘·사과·배·계란·한우·돼지고기·닭고기·밤·대추 등 성수품을 최대 50% 할인 판매합니다. 이마트·롯데마트·홈플러스·GS리테일 등 대형마트부터 11번가·마켓컬리·쿠팡 등 온라인몰, 전통시장까지 참여합니다. → 핵심 전략: 할인 품목·기간을 미리 확인하고 명절 장보기 일정 조정 → 리스크: 대형 유통망...",11번가,https://snowman01.tistory.com/194,filter_candidate,filter,high,특정 품목을 할인 판매하고 여러 판매 채널을 언급하는 판매/홍보성 게시글입니다.
"저처럼 상대의 외도를 입증할 명확한 증거, 예를 들어 카카오톡 대화 캡처와 모텔 출입 사진, 상간자 실명과 연락처까지 확보한 경우에는 변호사가 증거 수집에 드는 시간과 비용을 줄일 수 있어 상대적으로...",카카오,https://blog.naver.com/friendly48268/224370919356,filter_candidate,normal,high,상대의 외도와 관련된 법적 대응에 대한 실제 정보성 논의가 담겨 있습니다.
※ 예약진행은 카카오톡 채널 [다낭도깨비호텔] 문의주세요 :) https://pf.kakao.com/_sDTCT/chat ※ 호텔입금계좌 NH농협은행 / 도깨비트래블 (주) / *** - **** - **** -** ⚠️ 안내된 카카오채널과 공식...,카카오,https://cafe.naver.com/happyibook/6237894,filter_candidate,filter,high,카카오톡 채널 문의 및 계좌 정보를 직접 제공하는 판매/홍보성 게시글입니다.
반값택배비 포함 스프링제본만 해둔 새책입니다. 오픈카톡 주세요. https://open.kakao.com/o/sxOdIYEi 판례집교재판매 여기를 눌러 링크를 확인하세요 open.kakao.com,카카오,https://cafe.daum.net/account2000/7BR/1746780,filter_candidate,filter,high,오픈카톡 문의와 판매를 명시하며 교재 판매를 목적으로 하고 있어 광고성/판매성 게시글로 판단됩니다.
"80만원과 이마티콘, 네이버페이 포인트 등을 증정한다.  온라인 채널에서도 동일한 혜택을 제공한다. SSG닷컴 이마트몰에서는 신선·가공식품 등 대부분의 고래잇 페스타 행사 상품을 오프라인과 같은 혜택가로...",SSG,https://v.daum.net/v/BkVtdOIkFD,filter_candidate,filter,high,특정 혜택이나 상품 구매를 유도하는 홍보성 게시글에 해당합니다.
트로피컬 바캉스 패키지 주고또주고 작업 해드립니다 신용거래자 아미캐슬 카톡 wlscjf0116 네이버 계정 불가 합니다! 접속식/비접속식 가능 단 한번도 문제 된적 없습니다. 정지 걱정 안하셔도됩니다. 카톡 wlscjf0116...,네이버,https://cafe.naver.com/worldskyblue/4499806,filter_candidate,filter,high,"판매 및 문의(카톡, 계정 거래 등) 관련 내용이 포함된 스팸성 게시글이다."
"차량 디텍D7 프레이 썬팅 시공해드렸습니다 :) □■□■□■□■□■□■□■□■□■□■□■□■□■ 홈페이지 문의주세요 메이크어카 : 네이버 카페 메이크어카 : 네이버 카페 부천에 위치한 안드로이드올인원 블랙박스, 보조배터리, 후방카메라, 썬팅, 차량용품 장착 전문점입니다. cafe.naver.com 메이크어카 고객...",네이버,https://ozzy00.tistory.com/6180,filter_candidate,filter,high,특정 서비스의 홍보와 구매를 유도하는 광고성 게시글입니다.
또는 ’천막천’으로 검색하여 나오는 제품을 권장합니다. 2022 대학생 스마트 e-모빌리티 경진대회 2. 카카오톡 오픈채팅방 (https://open.kakao.com/o/gnWHbBEe) - 코드 : 2022 * 위의 URL을 통해 접속 오픈...,카카오,https://www.ksae.org/func/download.php?path=L2hvbWUvdmlydHVhbC9rc2FlL2h0ZG9jcy9qYWphay91cGxvYWQvSl9ub3RpY2UvNTA5MTlfMTY2NDkzNzA0NC5wZGY=&filename=MjAyMl/rjIDtlZnsg50g7Iqk66eI7Yq4IGUt66qo67mM66as7YuwIOqyveynhOuMgO2ajF/ssLjqsIDtjIDslYjrgrTrp6TribTslrxfMDkzMC5wZGY=,filter_candidate,filter,high,카카오톡 오픈채팅방 링크와 코드 제공 등 판매/홍보성 정보가 포함되어 있어 스팸 또는 광고성 게시물로 판단됩니다.
"원조이,신규가입,회원가입,이벤트,당근마켓,번개장터,아이디매입,아이디거래,빗썸,온카판,가입,번호인증,대리구매,대리결제,생필품,쿠팡,엔씨,리니지,리니지2m,무신사,아이디판매,리니지클래식,넷마블,솔인챈트,sol,nc)",무신사,https://cafe.naver.com/misoglobalyonhap/64119,filter_candidate,filter,high,"아이디 매매, 대리구매 등 거래 및 홍보성 키워드만 나열되어 리스크 판단에 쓸 수 있는 의견이 없음."
"휴대폰을 사용하다가 보면 사진이나 연락처, 카카오톡 대화처럼 꼭 필요한 자료가 갑자기 사라지는 일이 생기게 될 수 있다고 생각은 했었어요. 그런데 막상 내 일이 되니까 너무 당황스럽고 놀랍더라고요. 얼마 전...",카카오,https://cafe.naver.com/tictoc/6151245,filter_candidate,normal,high,개인적인 경험과 우려를 서술하며 서비스/기술에 대한 관심을 유도하는 일반적인 사용자의 후기성 글입니다.
새책이고 편의점 반택포입니다 https://open.kakao.com/o/stXlrCyh 객세 세무회계 open.kakao.com,카카오,https://cafe.daum.net/account2000/7BR/1746786,filter_candidate,filter,high,카카오톡 오픈채팅 링크와 판매 목적의 문구가 포함된 광고성 게시글입니다.
"com/drhp/1389965 @ 택배거래는 영상통화 & 카카오톡 영상통화 이용하여, 반드시, 제품 확인하시고 거래하세요. @ 중고장터 사기 예방 가이드 https://cafe.naver.com/drhp/2141514 @ 아래 양식 반드시 적어서 게시. 1....",카카오,https://cafe.naver.com/drhp/2633109,filter_candidate,filter,high,중고거래 사기 예방 가이드 안내 및 거래 방법을 안내하는 스팸 또는 홍보성 게시글에 해당합니다.
서랍도 2개 달려있습니다. 전체적으로 관리 잘 되어있습니다. 지역은 Burquitlam 스테이션 근처 입니다. 오픈채팅으로 연락주세요 https://open.kakao.com/o/srBoemHi,카카오,https://cafe.daum.net/ourvancouver/3uBJ/1195032,filter_candidate,filter,high,중고거래를 위한 판매 및 문의 유도를 목적으로 하는 게시글입니다.
할인 쿠폰 증정! • ​🏬 입점몰: 네이버 스마트스토어 / 쿠팡 / G마켓 / 옥션 / 11번가 #장갑 #면장갑 #목장갑 #반코팅 #황코팅 #코팅장갑 #PU장갑 #용접장갑 #토시 #공구...,11번가,https://cafe.daum.net/danamania/V2a1/11014,filter_candidate,filter,high,여러 쇼핑몰과 할인 쿠폰을 언급하며 판매를 유도하는 광고/홍보성 게시글에 해당합니다.
할인 쿠폰 증정! • ​🏬 입점몰: 네이버 스마트스토어 / 쿠팡 / G마켓 / 옥션 / 11번가 #장갑 #면장갑 #목장갑 #반코팅 #황코팅 #코팅장갑 #PU장갑 #용접장갑 #토시 #공구...,11번가,https://cafe.daum.net/ekarmstnf/N2jT/61347,filter_candidate,filter,high,"쿠폰 증정, 입점몰 언급, 다양한 제품 태그 등 전형적인 판매/홍보성 게시글이다."
"제원은 무신사나 네이버 참고바랍니다 더 궁금한 점이 있다면 문의주세요 ?? 나도 상품 등록하기 〉 거래 전 주의 사항 - 중고나라 앱에서 등록된 상품으로, 앱에서 안심결제가 가능합니다. - 사기 예방을 위하여...",무신사,https://cafe.naver.com/joonggonara/1133200903,filter_candidate,filter,high,중고 거래 플랫폼의 사용 안내 및 거래 방법 설명이 포함된 스팸성 게시글입니다.
◆ 전화번호 : 0 1 0 - 9 1 9 3 - 4 4 8 6 ◆ 오픈채팅: http://pf.kakao.com/_qHDKX/chat ◆ 위치 : 서울 경기 수도권 ◆ 네이버 아이디 : tlsdudwn0 ◆ 동물생산업 허가번호 : 제호 ◆ 동물판매업 허가번호 : 제3930000-045-2025-0002...,네이버,https://cafe.naver.com/companhia/894816,filter_candidate,filter,high,"전화번호, 오픈채팅 링크 등 개인 정보 및 판매 관련 정보가 포함된 스팸/광고성 글입니다."
"1만원, 30대이상 2만원 (GK 회비없음) 9.연락처: ***-****-****, https://open.kakao.com/o/st1ZCv8g 저희팀은 매주 평일 저녁 운동을 하고 있으며 팀내 자체게임 위주...",카카오,https://cafe.daum.net/skfootball/IxUf/118735,filter_candidate,filter,high,연락처와 카카오톡 링크를 포함하여 판매/홍보성 게시글에 해당한다.
제재처리입니다.) : 카카오톡 오픈채팅을 시작해 보세요. 링크를 선택하면 카카오톡이 실행됩니다. 크롬하츠 https://open.kakao.com/o/skpm2Mii 댓글 달고 연락 하세요. *댓글 안달고 문의 시 신고 후 제재가능* ★★★★거래는 꼭...,카카오,https://cafe.naver.com/bluesevwr/571367,filter_candidate,filter,high,광고성 및 판매/문의 유도 목적의 스팸성 게시글이므로 필터링해야 합니다.
북구탐정사무소와의 상담은 전화나 카카오톡 오픈채팅 링크를 통해 간편하게 예약할 수 있습니다. 궁금한 점이나 상담이 필요하다면 언제든 차분하게 문의해 주시기 바랍니다. 비밀 상담을 희망하신다면 아래...,카카오,https://blog.naver.com/konan112-/224357503291,filter_candidate,filter,high,상담 예약 및 문의 방법을 안내하는 판매/홍보성 게시글의 성격이 강합니다.
1장 9.3에 판매합니다. 27년 8/11까지 사용 가능해요,올리브영,https://cafe.daum.net/ok1221/8bIJ/7802919,filter_candidate,filter,high,판매 관련 내용을 포함하고 있어 광고/스팸으로 판단됩니다.
문의  예약 · 문의 행사 날짜·인원·장소 알려주시면 맞춤 견적 빠르게 드립니다!  카카오 오픈채팅 : 파티한조각  인스타그램 : @apiece_of_party  이메일 : *****@naver.com  전화 : 010.****.****  서울시 중랑구 망우로 58길 45,카카오,https://blog.naver.com/apiece_of_party/224370920150,filter_candidate,filter,high,연락처와 견적 안내 등 판매 및 문의를 목적으로 하는 광고성 게시글입니다.
샘플은 네이버에서 **'해피플러스'**를 검색하시거나 아래 홈페이지에서 확인하실 수 있습니다. 홈페이지: http://www.happy-plus.co.kr/ 제작 및 견적 상담 문의 궁금하신 점은 카톡이나 전화로 편하게 연락 주시면...,네이버,https://cafe.naver.com/misinggo/1874766,filter_candidate,filter,high,홈페이지 링크와 상담 문의 유도 등 판매/광고성 게시글의 특징을 보입니다.
9월 17일 까지 입니다. 가격 15만원 https://open.kakao.com/o/serSKGHi,카카오,https://cafe.daum.net/account2000/7BR/1746447,filter_candidate,filter,high,카카오톡 링크와 가격을 명시하여 판매/홍보성을 띠는 광고성 게시글로 판단됩니다.
"칼답⭕️ 칼주문⭕️ 사례❌ 쿠팡 계좌로 무통장 거래⭕️ 신규 가입시 생기는 5,000 7,000 10,000 할인 쿠폰은 적용불가해요 로켓배송, 로켓와우, 로켓직구 금액 상관없이 가능...",쿠팡,https://cafe.daum.net/weareshower/ZEnk/250234,filter_candidate,filter,high,할인 정보 안내 및 거래 방법을 설명하는 판매/홍보성 게시글로 보입니다.
누락을 방지하기 위해서 입니당 https://open.kakao.com/o/sSG2KJmg 중복활인이 가능한 쿠폰으로... 사항은 카톡으로 연락주세요~ https://open.kakao.com/o/sSG2KJmg 스마트 스토어 바로가기 https://naver.me/FWTxszeA,SSG,https://cafe.naver.com/alsljmwn/5370,filter_candidate,filter,high,"카카오톡 오픈채팅 링크와 쿠폰, 스마트스토어 링크 등 판매 및 문의 유도가 포함된 스팸성 게시글입니다."
"칼답⭕️ 칼주문⭕️ 사례❌ 쿠팡 계좌로 무통장 거래⭕️ 신규 가입시 생기는 5,000 7,000 10,000 할인 쿠폰은 적용불가해요 로켓배송, 로켓와우, 로켓직구 금액 상관없이 가능...",쿠팡,https://cafe.daum.net/weareshower/ZEnk/250307,filter_candidate,filter,high,할인 혜택이나 거래 방법을 안내하는 판매 또는 홍보성 게시글에 해당합니다.
인천비상주사무실 이지코워크 연수점 이런 분들에게 특히 추천합니다 인천비상주사무실 이지코워크 연수점 ✔ 스마트스토어·온라인쇼핑몰을 준비하는 분 ✔ 쿠팡·해외구매대행을 시작하는 분 ✔ 프리랜서 또는 1인...,쿠팡,https://cafe.naver.com/ludiasset/38131,filter_candidate,filter,high,비상주사무실을 홍보하며 특정 활동을 권유하는 판매/광고성 게시글에 해당한다.
일단 쿠팡에서 이거 2개 삼 반품 한번도 안해봤는데 하나는 반품해야할듯,,,normal_reviewed,normal,high,이미 사람이 감성분석용으로 검수한 정상 콘텐츠
"하나은행은 카카오톡 긴급 알림메시지를 발송하고, 전담직원이 1대1 전화 상담을 통해 위험성을 안내했다. 필요할 경우 경찰 신고 절차도 안내했다. 하나은행은 앞으로도 지능화되는 금융범죄에 대응하기 위해 FDS를...",,,normal_reviewed,normal,high,이미 사람이 감성분석용으로 검수한 정상 콘텐츠
"홈술닷컴에서는 느린마을 막걸리 5병을 사면 지지미 1세트를 주고 정상가 대비 13% 할인한다. 11번가에서는 느린마을 막걸리 5입과 방울톡 5입, 한번더 3입 구매 시 최대 26% 할인과 함께 지지미 1개를 선착순..",,,normal_reviewed,normal,high,이미 사람이 감성분석용으로 검수한 정상 콘텐츠
"지난해 11월 쿠팡 데이터 유출 사태 이후 정부의 강도 높은 대응은 갈등을 더욱 키웠다. 쿠팡 투자자들은 지난 1월 미국무역대표부(USTR)에 301조 청원을 제출했다가 이후 철회했으나, 이미 짐 조던 미국 하원...",,,normal_reviewed,normal,high,이미 사람이 감성분석용으로 검수한 정상 콘텐츠
쿠팡의 신선식품 다회용 보존 용기인 '프레시백' 회수·정리 업무를 둘러싸고 현장 배송기사들의 불만이... 반면 원청인 쿠팡로지스틱스서비스(CLS)는 프레시백 회수가 대리점과 체결한 위탁계약에 포함된 정당한 업무라는...,,,normal_reviewed,normal,high,이미 사람이 감성분석용으로 검수한 정상 콘텐츠
"가능(1인$65, 2인$85) 오픈 채팅 간단 자기소개와 함께 연락주세요 https://open.kakao.com/o/sfCBHRng 로히드님의 오픈프로필 여기를 눌러 링크를 확인하세요 open...",,,normal_reviewed,normal,high,이미 사람이 감성분석용으로 검수한 정상 콘텐츠
내용 쿠팡도 택배 없는 날에 쉴까? 여기서 많이 궁금한 게 쿠팡이에요. 택배 없는 날이라고 해서... 쿠팡은 자체 배송망을 운영하고 있어 과거 택배 없는 날에도 로켓배송을 정상 운영했습니다. 2025년에도...,,,normal_reviewed,normal,high,이미 사람이 감성분석용으로 검수한 정상 콘텐츠
"문자, 카카오톡, 통화녹음, URL 접속기록으로 입증해야 합니다. 형사절차에서는 디지털 포렌식과... 진행 과정에서는 문자, 카카오톡 대화, 입금내역, 신고 접수증을 정리해 수사기관에 제출하고 은행 지급정지...",,,normal_reviewed,normal,high,이미 사람이 감성분석용으로 검수한 정상 콘텐츠
"지난 9일 서울월드컵경기장에서 열린 2026 쿠팡플레이 시리즈에서 아틀레티코 마드리드는 맨체스터 시티와 맞붙었습니다. 이날 경기는 국내 축구팬들의 큰 관심을 받았고, 특히 아틀레티코 유니폼을 입고 출전한...",,,normal_reviewed,normal,high,이미 사람이 감성분석용으로 검수한 정상 콘텐츠
혹시 자리가 없을까 봐 미리 네이버로 예약을 해두었고 다행히 오픈 시간에 맞춰 방문한 오픈런이라 놀이방 바로 앞쪽에 자리를 잡을 수 있었답니다. 도착하자마자 아이들은 신나게 놀이방으로 들어가고 저희는...,,,normal_reviewed,normal,high,이미 사람이 감성분석용으로 검수한 정상 콘텐츠
"야외 액티비티가 일상화되면서, 단순히 햇빛을 가리는 '자외선 차단제'를 넘어 '피부 열감을 리셋하는 쿨링 장비'에 대한 수요가 폭발했기 때문이죠. 🔥➡️🧊 올리브영, 쿠팡, 스마트스토어 등 다양한 곳에서 접할 수 있으니, 더 이상 손에 끈적이는 선크림 묻히지 말고, 보령 제약의 기술력이 담긴 닥터아토 쿨링 선...",,,normal_reviewed,normal,high,이미 사람이 감성분석용으로 검수한 정상 콘텐츠
"결제방식, 카드 안가리고 걍 카카오페이 쓰면 216 열흘후에 들어온다던 삼성포인트 10만 수령하니 바로 꽂힘 206 거기에 라이브 혜택 6만만 남음 (최종 199.x) 후발주자 라이브였는데 꽤 금방 받아버림 얏호!",,,normal_reviewed,normal,high,이미 사람이 감성분석용으로 검수한 정상 콘텐츠
"온라인 이벤트 네이버 블로그 모두의 회고 캠페인이 2026년 8월 31일까지 진행됩니다. 공개·검색 허용 글에 필수 태그를 넣고 유지조건을 지켜야 리워드 심사 대상이 되며, 글을 올렸다는 사실만으로 지급이 확정되는 이벤트는 아닙니다. 핵심 체크 ✓ 8월 회고 참여기간은 8월 31일까지다 ✓ 기본 태그와 8월 지정 태그...",,,normal_reviewed,normal,high,이미 사람이 감성분석용으로 검수한 정상 콘텐츠
빠르게 융화될 수 있는 협력적인 태도를 보여주는 것이 중요합니다. 자기소개서 컨설팅과 첨삭·대필은 아래 카카오톡 상담하기로 문의주시면 도와드리겠습니다. [자소서 합격후기 및 문의하기 클릭] https://pf.kakao.com/_yAxeCT,,,normal_reviewed,normal,high,이미 사람이 감성분석용으로 검수한 정상 콘텐츠
번호 찾기를 이용바랍니다. 총 결제금액(Total) ※ 세금포함 취소/환불 규정 동의 개인정보 수집 및 이용동의 신용카드 네이버페이 제이플레이 스케쥴 현황 선택일 기준 3일치 가용 인원을 안내합니다. 불러오는...,,,normal_reviewed,normal,high,이미 사람이 감성분석용으로 검수한 정상 콘텐츠
자원봉사자들은 이날 아침 쿠팡 트럭 10대 분량 넘게 배송된 물품의 포장을 뜯고 분류한 뒤 게이트마다... 분노해 불매운동을 주도하면서 왜 이 사태에는 침묵하는가. 시민들이 대통령 탓을 하는 건 대통령의 업보&quot;라고... ,,,normal_reviewed,normal,high,이미 사람이 감성분석용으로 검수한 정상 콘텐츠
"8월 한 달간 카카오페이로 결제하면 추가 할인 혜택도 제공한다. 에어부산 관계자는 ""동계스케줄 오픈을 맞아 국내선 이용객들의 부담을 덜어드리고자 이번 프로모션을 준비했다""며 ""앞으로도 다채로운 운임 혜택과...",,,normal_reviewed,normal,high,이미 사람이 감성분석용으로 검수한 정상 콘텐츠
"충청권의 경우 SK하이닉스, 삼성전자, 삼성전기, 삼성디스플레이, 삼성SDI, 네이버 등 6개 기업이 246조원 규모 프로젝트를 올해 중 착공하거나 설비 증설에 나선다. 영남권은 SK, 삼성전자, 삼성SDS, LG이노텍, LG디스플레이...",,,normal_reviewed,normal,high,이미 사람이 감성분석용으로 검수한 정상 콘텐츠
"판교점 방문을 위한 사전 예약은 12일 오후 3시부터 네이버 플레이스에서 시작한다. 현대백화점 판교점 10층 토파즈 홀에 마련되는 TFT 체험 존에서는 스탬프 투어를 완료한 방문객을 대상으로 에어팟, TFT 펜피규어 세트...",,,normal_reviewed,normal,high,이미 사람이 감성분석용으로 검수한 정상 콘텐츠
"상품 정보 더보기 〉 상품 정보 8월 14일(금) 엘지 vs SSG 1루 레드석 103블록 2연석 4연석 54,000원 시세조회... vs SSG랜더스 2026.08.14(금) 19:00 1루 레드석 103블록 6열 2연석 4연석(장당 2.7) 구매의향 있으시면 채팅으로...",,,normal_reviewed,normal,high,이미 사람이 감성분석용으로 검수한 정상 콘텐츠
"더욱 감칠맛이 살아납니다. 간을 보아 부족하면 소금으로 마지막 간을 맞추면 완성입니다. 이 레시피는 네이버 블로그에 소개된 방식으로, 실제로 많은 사람들이 인정한 맛입니다. 고구마 줄기 반찬은 볶음 외...",,,normal_reviewed,normal,high,이미 사람이 감성분석용으로 검수한 정상 콘텐츠
"이 포스팅은 쿠팡 파트너스 활동의 일환으로, 이에 따른 일정액의... 여느때처럼 쿠팡에서 마이비데 검색하다가 휴대형을 발견해서... (쇼핑 플랫폼마다 다른듯) 일단 쿠팡에선 여러 개 사면 더 싼 듯 하다....",,,normal_reviewed,normal,high,이미 사람이 감성분석용으로 검수한 정상 콘텐츠
않는다. 업계에서는 논란 이후 일부 소비자들의 <b>불매</b> 움직임이 이어지면서 결제액 감소에 영향을 미친 것...반면 선물 수요는 여전히 견조한 모습을 보였다. <b>카카오</b>톡 선물하기에 따르면 이날 오후 3시 기준 카페...,,,normal_reviewed,normal,high,이미 사람이 감성분석용으로 검수한 정상 콘텐츠
상품 정보 더보기 〉 상품 정보 새상품)250 260 280 무신사 파스코로젠 테슬로퍼 로퍼 구두 단화 워커... 새상품 무신사에서도 판매하는 파스코로젠 테슬로퍼입니다 입문용으로 신으시면 좋습니다 저렴하게...,,,normal_reviewed,normal,high,이미 사람이 감성분석용으로 검수한 정상 콘텐츠
"<8월 11일자 한국경제 가판> A1 종합 정책·수급·실적 ‘3박자’ … 불붙은 코스닥 그들은 다 어디로 갔나 해마다 성인 7만명 사라진다 포토 서울 재건축 12곳, 인가 후 3년째 첫삽 못떴다 트럭 판매 뚝 … 시동 꺼진...",,,normal_reviewed,normal,high,이미 사람이 감성분석용으로 검수한 정상 콘텐츠
쿠팡 개인정보 유출과 관련해 최근 ‘1인당 10만원 배상’ 소식이... 일반 쿠팡 이용자가 10만원을 신청해 바로 받을 수 있는 단계는 아닙니다. 또 이번에 나온 10만원 배상 조정 결정과 지난해 쿠팡이...,,,normal_reviewed,normal,high,이미 사람이 감성분석용으로 검수한 정상 콘텐츠
"2019년 영화 '선희와 슬기'로 데뷔해 영화 '다음 소희', 드라마 '나의 완벽한 비서' 등에 출연했다. 쿠팡플레이 'SNL 코리아' 크루로도 활약하며 얼굴을 알린 그는 지난 6월 18살 연상인 가수 장기하와의 열애를 인정했다.",,,normal_reviewed,normal,high,이미 사람이 감성분석용으로 검수한 정상 콘텐츠
"9km · 권선11번가시장 1.0km · 매교역 1.18km · 팔달문 1.8km ❓ 자주 묻는 질문 (FAQ) Q. 걸어서 갈 만한 곳 있나요 갤러리아백화점 광교점, 나혜석 거리, KBS 수원센터 쪽이 가까워서 일정 짜기 편했어요 Q. 수원 교통이나...",,,normal_reviewed,normal,high,이미 사람이 감성분석용으로 검수한 정상 콘텐츠
"여러 방식으로 활용하고 싶은 분 전체적으로 캐주얼하면서 실용적인 데일리백이라는 느낌이 강한 제품이에요. 무조건 내돈내산이에요 👉 상품은 아래 에이블리 링크에서 확인할 수 있어요. [ 3way 💕빈티지무드 ] 데일리 레더 지퍼 쓰리웨이 보부상 가방 숄더백 크로스백 백팩 빅백 패션부터 뷰티까지, 에이블리 한 곳..",,,normal_reviewed,normal,high,이미 사람이 감성분석용으로 검수한 정상 콘텐츠
더 자세한 제품들이 궁금하다면 무신사 또는 공식 홈페이지 (https://secondmonologue.com/index.html) 더 많고 다양한 제품 구경해보는걸 추천해! 그럼 안녕! 출처 - 엔믹스 공식 유튜브 / 프로미스나인 공식...,,,normal_reviewed,normal,high,이미 사람이 감성분석용으로 검수한 정상 콘텐츠
"이유 &lt;<b>유출</b> 금지&gt; 안녕하세요? 12년 차 치과의사부부 박고운, 박정열 대표원장입니다 :) 고백하겠습니다... 제목에서 말씀드... blog.naver.com ​ 2. &#39;이것&#39;까지 해주는지 확인하세요 춘천스케일링 ​ 스케일링은, ​ ​ 발치나 치아를 삭제하는 시술에 비하면 덜 무섭다는 인식이 있습니다. ​ ​ 그래서인지 스케일링을 할 때...",,,normal_reviewed,normal,high,이미 사람이 감성분석용으로 검수한 정상 콘텐츠
카카오페이증권이 1000원부터 국내 상장주식에 투자할 수 있는 소수점 거래 서비스를 시작했다. 10일 카카오페이증권(대표 신호철)은 국내 상장주식을 최소 0.0001주 단위로 거래할 수 있는 ‘소수점 거래 서비스’를...,,,normal_reviewed,normal,high,이미 사람이 감성분석용으로 검수한 정상 콘텐츠
"동력 약화 상황과 맞물려 성남·경기 라인 원년 공신들의 연쇄적인 이탈 가능성이 강하게 제기되는 분위기입니다. 관련 태그 이재명, 김상호, 춘추관장, 정권위기, 다주택논란, 인적쇄신, 정치뉴스 핵심참모 돌연사퇴 이포스팅은 쿠팡 파트너스 활동의 일환으로, 이에 따른 일정액의 수수료를 제공받습니다. Tistory: acnt1",,,normal_reviewed,normal,high,이미 사람이 감성분석용으로 검수한 정상 콘텐츠
수수료·차량 강매 ZERO! 100% 직계약 대리점 급구 동선 좋은 알짜 고정 코스! 안정적인 라우트에서 일하실 기사님을 모십니다. 수입: 월 550만 원 이상 가능 지역: 포항 북부권 (야간 고정) 안심 혜택: 소개비/지입사기...,,,normal_reviewed,normal,high,이미 사람이 감성분석용으로 검수한 정상 콘텐츠
"운행에 영향을 줄 수 있는 결함 법적 절차에 따라 시행 즉, 무상수리가 모두 <b>리콜</b>을 의미하는 것은 아닙니다. ​ 차주는 어떻게 확인하면 될까요? 현대자동차 고객...나경우 부장 ✔ 신차 장기렌트 ✔ 자동차 리스 ✔ 신차 할부 ✔ 중고차 구매 ✔ 중고차 처분 📞 ***-****-**** 💬 <b>카카오</b>톡 상담 가능 🎥 차선생 유튜브 구독하기...",,,normal_reviewed,normal,high,이미 사람이 감성분석용으로 검수한 정상 콘텐츠
"2시 준비물 여벌옷, 세면도구, 수영복, 개인의약품 회 비 정회원 5만원 비회원 15만원 카카오뱅크 이은화 7942 11 86337 * 부천 집합장소 오전 11시 신중동역 롯데...",,,normal_reviewed,normal,high,이미 사람이 감성분석용으로 검수한 정상 콘텐츠
"판매 게시글과 판매자 프로필 화면  카카오톡·문자·SNS 등 전체 대화내용  티켓 인증사진과 예매내역이라고 제시한 자료  계좌번호, 예금주 및 송금확인증  판매자의 전화번호와 아이디  환불을 요구한 이후의...",,,normal_reviewed,normal,high,이미 사람이 감성분석용으로 검수한 정상 콘텐츠
"[상담 전에 미리 알아야 할 정보들] 경찰이나 수사기관으로부터 연락을 받았다면, 사건 관련 문자·카카오톡 등 대화 내역, 만남 시간·장소, 금전 거래 내역, 상대방의 연령을 알아챌 수 있는 자료를 정리해 두시는 것이...",,,normal_reviewed,normal,high,이미 사람이 감성분석용으로 검수한 정상 콘텐츠
"11번가는 같은 날까지 제습기와 창문형 에어컨 등을 판매하는 여름 가전 기획전을 진행한다. 위닉스와 캐리어, 쿠쿠 등 주요 브랜드 제품을 대상으로 최대 15% 할인 혜택을 제공한다. 기록적인 더위가 쇼핑 장소까지...",,,normal_reviewed,normal,high,이미 사람이 감성분석용으로 검수한 정상 콘텐츠
"다이소·<b>무신사</b>를 줄인 말인데요. 한국을 찾는 외국인들 사이에서 한국 3대 필수 방문 코스로 꼽혀요. 과거엔 명품이나 면세점 중심의 쇼핑이 이뤄졌다면 이젠 가성비와 트렌드를 중요하게 여기면서 한국에서만 접할 수 있는 한국 로컬 브랜드 제품들이 인기를 끌고 있죠. ​ 🏥 급부상 중인 K-약국 특히, K-뷰티가 전 세계...",,,normal_reviewed,normal,high,이미 사람이 감성분석용으로 검수한 정상 콘텐츠
news.<b>naver</b>.com 민희진이 고소했지만 혐의 없음으로 종결됐는데 그럼 민희진 측에선 아무런 패널티 없음 ? 혐의 없는 거로 가지고 고소를 했잖아. 고소한 사건이 &#39;혐의...,,,normal_reviewed,normal,high,이미 사람이 감성분석용으로 검수한 정상 콘텐츠
"SNS 유행 식고 소비자 불만 커져 검색량 급락 이어 리셀가 하락 가품·품질 논란까지 겹쳐 인기↓ 올여름... 네이버 검색어랩에 따르면, 최근 6개월간(6월 17일~12월 16일) 라부부 검색량은 7월 최고치인 100을 기록한 이후... ",,,normal_reviewed,normal,high,이미 사람이 감성분석용으로 검수한 정상 콘텐츠
진정마스크팩 #트러블마스크팩 #피부진정 #수분공급 #피부톤개선 #환절기피부 #민감성피부 #순한마스크팩 #화장품추천 #인생템 #마스크팩추천 #피부관리 #홈케어 #올리브영 #로드샵 #에센셜마스크 #티트리추출물,,,normal_reviewed,normal,high,이미 사람이 감성분석용으로 검수한 정상 콘텐츠
"회사의 <b>갑질</b> 수법에 대한 뉴스가 있었다. 불법적인 계약서를 통해 고액을 배상하든지 그러한 영상을 찍던지를 강요하는 곳이었다. 한 회사만 뉴스에 나온 것이지만, 실제 이러한 사례는 이미 필자가 오래전부터 봐 오던 사례였고, 그 뉴스가 나온 이후로 계약하지 말 것을 조언했던 분들에게서 감사 메시지가 많이...",,,normal_reviewed,normal,high,이미 사람이 감성분석용으로 검수한 정상 콘텐츠
"""원장님의 전문성이 고객에게 확실한 감동으로 전달될 수 있도록, 토스카니가 함께하겠습니다."" 카카오채널 문의하기: https://pf.kakao.com/_zgxoxmn 공식 홈페이지(사업자 전용): https://skinlc.com/ 스팟아웃 마스크 구매 시...",,,normal_reviewed,normal,high,이미 사람이 감성분석용으로 검수한 정상 콘텐츠
"SSG닷컴의 쓱세븐클럽 멤버십(왼쪽), G마켓의 주말에도 도착보장 서비스 론칭. 사진=각 사  쿠팡의 대규모 개인정보 유출 사태가 일파만파 커지는 가운데 국내 이커머스 기업들이 '탈팡족(쿠팡 이탈 이용자)' 유치에... ",,,normal_reviewed,normal,high,이미 사람이 감성분석용으로 검수한 정상 콘텐츠
"과정에서 문의하시고자 하는 사항은 언제든지 연락주시기 바랍니다. 호주조기유학에 대한 문의사항은 언제든지 저희 호주유학클럽 카페, 또는 1:1 전문상담이나 카카오톡을 통해서 문의주시기 바랍니다.",,,normal_reviewed,normal,high,이미 사람이 감성분석용으로 검수한 정상 콘텐츠
"해커톤은 해킹(hacking)과 마라톤(marathon)의 합성어로, 제한 시간 내 특정 주제에 맞는 프로젝트 결과물을 도출하는 경진대회다. 지난 18일 경기도 광명시 11번가 본사에서 치러진 이번 해커톤은 차별화된 고객 경험... ",,,normal_reviewed,normal,high,이미 사람이 감성분석용으로 검수한 정상 콘텐츠
"추천하는 사이트: 다나와 쿠팡 11번가 이 사이트들은 다양한 브랜드의 가격을 한눈에 비교할 수 있어 가전제품 싸게 사기에 유용합니다. 세 번째 단계: 제품 스펙 확인하기 가격을 비교할 때, 각 브랜드의 제품...",,,normal_reviewed,normal,high,이미 사람이 감성분석용으로 검수한 정상 콘텐츠
"|중앙이코노미뉴스 김영진 기자|출처=네이버페이 증권 7일 오전 11시 13분 기준, 네이버페이 증권에 따르면 우진은 현재 14,310원에 거래되고 있으며, 지난 종가 대비 470원 하락한 3.18%의 변동률을 보이고 있다....",,,normal_reviewed,normal,high,이미 사람이 감성분석용으로 검수한 정상 콘텐츠
"쉽고 빠른 전문가 수준 무료견적 내기, 인테리어 비교견적, 내역서 기반 발주하기 서비스",,,normal_reviewed,normal,high,이미 사람이 감성분석용으로 검수한 정상 콘텐츠
"대형마트 및 백화점 예: 이마트, 롯데마트, 신세계, 현대백화점 등 온라인 종합몰 예: 쿠팡, G마켓, 11번가, 위메프 등 대형 온라인 쇼핑몰 (단, 일부 지역 소상공인 온라인몰은 예외일 수 있음) 면세점 및 유흥...",,,normal_reviewed,normal,high,이미 사람이 감성분석용으로 검수한 정상 콘텐츠
특히 영주365시장은 문화관광형시장 육성사업에 이어 카카오 '상권 디지털 지원사업'과 경북지식재산센터 '공동브랜드 개발사업'에도 잇따라 선정되며 경쟁력을 강화하고 있다. 시는 카카오 단골시장 채널을 활용한...,,,normal_reviewed,normal,high,이미 사람이 감성분석용으로 검수한 정상 콘텐츠
아직 등록된 블로그 리뷰가 없거나 실시간 리뷰 데이터를 가져오지 못했습니다. 💚 네이버 블로그에서 리뷰 직접 검색하기 ↗ 네이버 검색결과에서 더보기 → 🚨 [수성종합카세차장] 정보 오류 제보 / 폐업 신고...,,,normal_reviewed,normal,high,이미 사람이 감성분석용으로 검수한 정상 콘텐츠
이번 포스팅은 린나이 보일러 점화 불량 에러코드 11 즉 점화가 되지 않을 때 간단 조치 및 수리... [주요 증상] 보통 린나이 전용 온도 조절기에는 에러 11이라는 숫자가 떠서 급방 알 수 있는데 아파트의 경우...,,,normal_reviewed,normal,high,이미 사람이 감성분석용으로 검수한 정상 콘텐츠
"유 씨는 상품이 광고와 다르다며 환불을 요청했지만 판매자는 &quot;해외 직구 상품이라 반품 시 국제배송비 2만... 과거에는 쿠팡, 네이버쇼핑, G마켓, 11번가, 롯데온 등 주요 온라인몰 입점 업체에서 유사 사례가 제기됐으나... ",,,normal_reviewed,normal,high,이미 사람이 감성분석용으로 검수한 정상 콘텐츠
"나'와 '너', 그리고 '우리'를 더 깊이 알 수 있는 서울 이색 데이트 코스 #4233마음센터 연남점 추천드려요! ​ 우리를 다시 들여다볼 시간 4233마음센터 X 에이블리 ​ 4233마음센터의 [지금 우리를 들여다볼 시간] ​ ​ 우선 전시회 이름부터 마음에 확 와닿지 않나요? ​ ​ 국내 최초 체험형 심리 전시 공간인 4233마음센터의...",,,normal_reviewed,normal,high,이미 사람이 감성분석용으로 검수한 정상 콘텐츠
"취소가 불가 합니다. 우천 또는 폭설 시, 골프장에서는 정상플레이가 가능하나 본인의 판단으로 취소할 경우 취소규정대로 취소수수료가 적용됩니다. 네이버 지도 - 길찾기 서울특별시 → 더헤븐CC map.naver.com 🏞️ 자연과 함께하는 독보적인 골프 여행 더헤븐CC는 대부도의 중심에서 바다와 자연이 어우러진 골프 명소...",,,normal_reviewed,normal,high,이미 사람이 감성분석용으로 검수한 정상 콘텐츠
"11번가에서는 느린마을 막걸리 5입과 방울톡 5입, 한번더 3입 구매 시 최대 26% 할인과 함께 지지미 1개를 선착순으로 준다. 오프라인에서는 전국 느린마을 양조장에서 오후 7시 이전 방문 고객에게 테이블당 지지미...",,,normal_reviewed,normal,high,이미 사람이 감성분석용으로 검수한 정상 콘텐츠
가격 알아보기 ▼ #페리오치약칫솔세트 #치약칫솔세트제작 #칫솔세트제작 #가성비판촉물 #생활용품판촉물 #기업판촉물 #행사기념품 #홍보물제작 #사은품제작 #대량구매 #로고인쇄 #스쿨조아 네이버 톡톡...,,,normal_reviewed,normal,high,이미 사람이 감성분석용으로 검수한 정상 콘텐츠
"불법경마 관련 신고는 불법경마 신고센터와 한국마사회 홈페이지 온라인 신고사이트, 카카오톡 채널 '한국마사회 불법경마신고' 등을 통해 할 수 있다. 신고자 신분은 보호되며 신고 포상금은 최대 5억원까지 지급된다.",,,normal_reviewed,normal,high,이미 사람이 감성분석용으로 검수한 정상 콘텐츠
"취소·<b>환불</b> 시 쿠폰 복구 가능 여부 추가 할인·경비 절약 꿀팁 카드사, 플랫폼별 추가 할인 병용 가능성 계절별, 주말/평일별 인기 숙소 추천 중복 혜택 여부 및 여행자 보험 활용법 결론 이 글과 같이 보면...",,,normal_reviewed,normal,high,이미 사람이 감성분석용으로 검수한 정상 콘텐츠
"대형 오픈마켓(쿠팡, 11번가, 네이버쇼핑 등)은 예약 시작 30분 전에 반드시 로그인을 완료해 두어야 합니다. 특히 생체 인증(지문 인식이나 페이스 ID) 및 원터치 간편결제 등록은 선택이 아닌 필수입니다! 결제...",,,normal_reviewed,normal,high,이미 사람이 감성분석용으로 검수한 정상 콘텐츠
또한 옥션이나 11번가 같은 오픈마켓에서도 비슷한 가격대에 다양한 옵션들을 만나보실 수 있습니다. 고급스러운 감성과 디자인을 선호하면 블링룸프로젝트에서 유통하는 2단 수동 경량 우양산 겸용 모델을...,,,normal_reviewed,normal,high,이미 사람이 감성분석용으로 검수한 정상 콘텐츠
"표와 사례로 쉽게 설명합니다. 공식 확인 방법과 올바른 대응법까지 안내합니다. sarangches.com 2080치약 <b>리콜</b>, 금지성분 나온 애경 치약 <b>올리브영</b>도 비상 2080치약 <b>리콜</b>, 금지성분 나온 애경 치약 <b>올리브영</b>도 비상 최근 애경산업의 ‘2080 치약’ 일부 제품이 금... blog.naver.com 기초생활수급자 탈락 조건, 2026년...",,,normal_reviewed,normal,high,이미 사람이 감성분석용으로 검수한 정상 콘텐츠
"2024–2026 인트라매거진. 본 콘텐츠는 저작권법의 보호를 받으며, 무단 전재 및 재배포를 금합니다. 무신사 뷰티 페스티벌 24일까지…1만4545개 상품 최대 80% 할인·성수 오프라인 완판 시나리오 작가 일생으로...",,,normal_reviewed,normal,high,이미 사람이 감성분석용으로 검수한 정상 콘텐츠
"마녀사냥에 나선 데 대해 깊은 우려를 표합니다. 이재명 대통령은 오늘 엑스(X)를 통해 2019년 무신사의 양말 광고 문구를 언급하며, “돈이 마귀라지만 사람의 탈을 쓰고 이럴 수가 있나”라며 강하게 비판..",,,normal_reviewed,normal,high,이미 사람이 감성분석용으로 검수한 정상 콘텐츠
"브이원텍은 반도체·디스플레이 공정에서 발생할 수 있는 미세 결함을 검출하는 AI 검사장비·비전 검사... 테슬라, 네이버, 소프트뱅크 등 글로벌 기업들이 투자 등 로봇 관련 사업 확대에 나서고 있다. 한라캐스트는... ",,,normal_reviewed,normal,high,이미 사람이 감성분석용으로 검수한 정상 콘텐츠
사고나면 내리고 비쌀때 사는건 주식으로도 족함 쿠팡안써,,,normal_reviewed,normal,high,이미 사람이 감성분석용으로 검수한 정상 콘텐츠
사진= n.news.<b>naver</b>.com - 교육계에 있는 지인이 말해주는 학부모의 무례한 언사(<b>갑질</b>의 느낌)를 듣고 아연해질 때가 많다. 오늘도 궂은 일 당하지 않기를 기원하며...,,,normal_reviewed,normal,high,이미 사람이 감성분석용으로 검수한 정상 콘텐츠
"신중&#34; (바로가기) 이전글 불법하도급 규제 대수술…시행령 개정이 바꾼 건설현장의 법적 기준은? 다음글 쿠팡 집단소송, 실체적 진실 규명의 첫발을 떼다 목록보기 형사변호사에게 더 궁금한 점이 있으신가요...",,,normal_reviewed,normal,high,이미 사람이 감성분석용으로 검수한 정상 콘텐츠
"1. 가입경로 - 페이스북, 초대 이메일, 검색(검색어) 등 -> 네이버 검색 2. 자기소개 - 하시는 일, 취미, 특기 등 -> 사업 겸 직장인 3. 홈페이지를 만들려는 이유 -> 마케팅 관련요",,,normal_reviewed,normal,high,이미 사람이 감성분석용으로 검수한 정상 콘텐츠
"연사진에는 엔비디아, 퀄컴, 현대자동차, 현대모비스, 카카오모빌리티, LG전자, HL클레무브 등 국내외... 마지막 날에는 카카오모빌리티 김진규 부사장과 HL클레무브 홍대건 CTO 등이 자율주행 서비스 상용화 전략을...",,,normal_reviewed,normal,high,이미 사람이 감성분석용으로 검수한 정상 콘텐츠
"좋아하지만 직접 만들기는 귀찮은 분들에게는 간편식 추천 메뉴로곱창 치즈 파스타 밀키트를 소개하고 싶었습니다ㅎㅎ ​ ​ [이태리국시] 곱창 치즈 파스타 - 마켓컬리 매콤하고 고소한 소곱창 파스타 - Better Life for All. 건강한 식재료부터 믿을 수 있는 뷰티, 라이프스타일 상품까지. 나와 내 가족이 사고 싶은 상품...",,,normal_reviewed,normal,high,이미 사람이 감성분석용으로 검수한 정상 콘텐츠
"성분 <b>논란</b>에서 아주 자유로운 녀석이죠. 그렇다면 실제 사용감은 어떨까요? 직접 쓰며 느낀 장단점을 가감 없이 공유합니다. 장점 1. 밤새 굴러도 멀쩡한 2중 샘 방지 &amp; 신축성 가성비 제품이라 혹시 새지 않을까 걱정했는데, 허리 밴드가 정말 부드럽고 짱짱하게 늘어납니다. 특히 다리 주변을 감싸는 2중 샘 방지 막이...",,,normal_reviewed,normal,high,이미 사람이 감성분석용으로 검수한 정상 콘텐츠
네이버가 엔비디아와 함께 추진하는 인공지능(AI) 팩토리 사업의 운영 마진율을 중장기적으로 20% 이상으로 끌어올리겠다는 목표를 제시했다. 김희철 네이버 최고재무책임자(CFO)는 7일 열린 올해 2분기 실적발표...,,,normal_reviewed,normal,high,이미 사람이 감성분석용으로 검수한 정상 콘텐츠
저도 처음엔 그냥 올리브영이나 인스타 광고 나오는 거 아무거나 쓰면 되는 줄 알았거든요...? 근데 막상 찾아보니까 종류도 너무 다양하고 백탁 심하거나 끈적여서 사놓고 몇 번 쓰다가 버렸다는 분들도 꽤 많더라구요...,,,normal_reviewed,normal,high,이미 사람이 감성분석용으로 검수한 정상 콘텐츠
"환불 3) 폐강 취소 - 신청하신 강좌가 강좌 진행에 필요한 적정 인원 미달로 폐강되었을 경우 사전에 카카오톡으로 안내드립니다. 폐강된 강좌는 강좌 단건 결제인 경우 자동 취소, 여러 강좌 묶음 결제인 경우는...",,,normal_reviewed,normal,high,이미 사람이 감성분석용으로 검수한 정상 콘텐츠
"AI 기사요약 네이버가 지난해 하반기 글로벌 생성형 AI 기업 앤트로픽에 비공개 간접 투자를 단행한 것으로 확인되었으며, 이는 자체 기술 개발과 병행해 글로벌 선두 기술을 적극 활용함으로써 실행형 AI...",,,normal_reviewed,normal,high,이미 사람이 감성분석용으로 검수한 정상 콘텐츠
학폭 논란 인물 섭외 강행 의혹에 대해서는 사실이 아니라고 선을 그었다. 제작사 측은 &quot;계약 및 정당한 판권 절차에 따라 음악적 역량을 중심으로 검토해 섭외를 진행한 것&quot;이라며 &quot;이와 관련한 카카오톡 대화 등... ,,,normal_reviewed,normal,high,이미 사람이 감성분석용으로 검수한 정상 콘텐츠
출처 마켓컬리 저는 그릭요거트 중에서도 꾸덕하고 고소한 맛이 느껴지는 그릭요거트를 선호하는데요ㅎㅎ 서울우유 더 진한 그릭요거트가 딱 꾸덕하고 고소~~해서 저의 최애 그릭요거트였어요!! 그런데..,,,normal_reviewed,normal,high,이미 사람이 감성분석용으로 검수한 정상 콘텐츠
"com/drhp/1389965 @ 택배거래는 영상통화 & 카카오톡 영상통화 이용하여, 반드시, 제품 확인하시고 거래하세요. @ 중고장터 사기 예방 가이드 https://cafe.naver.com/drhp/2141514 @ 아래 양식 반드시 적어서 게시. 1. 제품명과...",,,normal_reviewed,normal,high,이미 사람이 감성분석용으로 검수한 정상 콘텐츠
"개선이다. <b>SSG</b>닷컴과 G마켓이 지속적으로 대규모 적자를 내는 한, 연결 기준 수익성은 구조적으로 제약을 받는다. 이커머스 사업의 수익화 시점을 앞당기거나, 전략적 파트너십·구조 재편을 통해 투자 부담을...",,,normal_reviewed,normal,high,이미 사람이 감성분석용으로 검수한 정상 콘텐츠
뒷북이지만 얼마전 폴드 11번가 티다에서 많이들 개통했길래 갑자기 생각나네.여기에는 처음 적음. 26플러스 512기가 개통 후기 티다이렉트 본진 통신사개통출고가:170만 5천원 할인:TDS 이용권 26만원 웰컴쿠폰...,,,normal_reviewed,normal,high,이미 사람이 감성분석용으로 검수한 정상 콘텐츠
14 공연장소 : 샤롯데씨어터 공연시간 : 160분 (인터미션 20분) 관람등급 : 8세 이상 관람가 티켓가격 : VIP 16만원 R 14만원 S 11만원 A 8만원 ✔️ 시놉시스 @놀티켓<브로드웨이42번가>예매상세페이지...,,,normal_reviewed,normal,high,이미 사람이 감성분석용으로 검수한 정상 콘텐츠
◾ 오늘의 포스팅 링크 : https://blog.naver.com/dla7699/224363186745 ◾ 한마디 :,,,normal_reviewed,normal,high,이미 사람이 감성분석용으로 검수한 정상 콘텐츠
"스마트스토어, 쿠팡, G마켓, 11번가 등 주요 쇼핑몰에 최적화된 'AI 상품명 최적화' 기능은 플랫폼별 상품명을 자동으로 생성하고, 실시간 데이터를 기반으로 연관 키워드를 추천해 상품 경쟁력 향상을 돕는다. 판매 운영...",,,normal_reviewed,normal,high,이미 사람이 감성분석용으로 검수한 정상 콘텐츠
"최신 글 카카오 웹툰 유부녀 킬러 무료보기 어떻게 하는지 정리, 3가지 팁 킬러들의 쇼핑몰 원작 웹툰 뭐가 다를까 정리 3가지 차이점 김부장 배우 누구길래 이렇게 화제일까 총정리, 핵심 이유 3가지",,,normal_reviewed,normal,high,이미 사람이 감성분석용으로 검수한 정상 콘텐츠
"이 게시글은 요즘웨딩 네이버 카페 활동의 일환으로, 소정의 포인트를 제공받습니다. 결혼식 날 신랑·신부만큼이나 스포트라이트를 받으며 하객들을 맞이하시는 양가 어머니들을 위한 '혼주 한복'! 예식의 품격을 결정짓는...",,,normal_reviewed,normal,high,이미 사람이 감성분석용으로 검수한 정상 콘텐츠
"● 2026-05-19 정용진 회장, 스타벅스 '탱크데이' 논란 대국민 사과…&quot;모든 책임 지겠다&quot; 정용진 정용진... 이커머스 SSG닷컴은 매출과 영업이익이 전년 대비 줄었으나, 전 분기와 비교하면 수익성이 개선됐다. 이마트는... ",,,normal_reviewed,normal,high,이미 사람이 감성분석용으로 검수한 정상 콘텐츠
"7일 카카오엔터테인먼트(공동대표 고정희 장윤중, 이하 카카오엔터)는 한중일 통합 K팝 아티스트 차트 ‘글로벌-케이 차트’가 차트 서비스를 넘어, 아티스트와 글로벌 팬을 직접 잇는 소통 프로젝트로 영역을 넓힌다고...",,,normal_reviewed,normal,high,이미 사람이 감성분석용으로 검수한 정상 콘텐츠
"맞춤형 방음설계까지 glsoundlab.kr 네이버 톡톡 https://talk.naver.com/profile/wp5u69v 지엘방음: 네이버톡톡 어떤 소리든, 언제나 조용하게 talk.naver.com (new) 카카오 채널 http://pf.kakao.com/_SxcHxgn 지엘방음 어떤 소리든, 언제나 조용하게 무료 견적, 직접 시공, 합리적인 가격 pf.kakao.com 대표전화 tel...",,,normal_reviewed,normal,high,이미 사람이 감성분석용으로 검수한 정상 콘텐츠
산행을 시작합니다. ▲ 문학 주경기장과 인천SK행복드림구장입니다. 인천SK행복드림구장은 현재는 인천 SSG 랜더스필드로 구장명이 변경되었습니다. ▲ 문학박태환수영장 2. 선학경기장 사거리 ▲ 선학경기장이...,,,normal_reviewed,normal,high,이미 사람이 감성분석용으로 검수한 정상 콘텐츠
"▶ 할인정보(사이트/url/내용/이미지/할인코드 등) 코카콜라 오리지널이에요 전 요게 맛있어서 쌀 때마다 쟁여두네요 http://www.11st.co.kr/products/8057975054 ★ 게시글 보셨다면, <좋아요> 한 번 눌러주시면 큰 힘이...",,,normal_reviewed,normal,high,이미 사람이 감성분석용으로 검수한 정상 콘텐츠
"관광객들이 몰리고 있다. 다만, 상권 관계자는 스타벅스 &#39;5·18 탱크&#39; 마케팅 <b>논란</b>에 따른 불매운동으로, 지역 스타벅스 매출과 입객은 전달 대비 소폭 줄어든...등은 주말 대기 시간이 최대 2시간 육박한다. 패션은 &#39;포터리&#39;, &#39;<b>무신사</b> 스탠다드&#39;, &#39;오픈 와이와이&#39;, &#39;AEAE&#39; 등의 매장에 외국인들의 방문이 증가하고...",,,normal_reviewed,normal,high,이미 사람이 감성분석용으로 검수한 정상 콘텐츠
4.6%까지 <b>하락</b>했습니다. 이번 리콜은 제조업체들이 모유를 더 잘 모방하기 위해 분유에 여러 성분을 첨가해 온 가운데 발생했습니다. 국제 가이드라인과 미국 식품...,,,normal_reviewed,normal,high,이미 사람이 감성분석용으로 검수한 정상 콘텐츠
"선착순 X, 자리 갈아타기 X (티켓 없으신 분) 후기 꼭 써주실 분 (재판매, 재양도 방지) 본인이 가실 분 모바일 티켓입니다 (전송 후 바로 등록하실 분) 채팅 빠른 답변 가능한 분 공식 취소 외 환불 불가 수수료 포함 18...",,,normal_reviewed,normal,high,이미 사람이 감성분석용으로 검수한 정상 콘텐츠
"[야키토리 토리야] 이번 연휴캠 메뉴, 대신 짜드렸습니다 + 네이버 푸드페스타 행사 이번 연휴에 2박 3일... 그리고 이번 주에는 네이버 푸드페스타도 진행 중입니다. 8월 10일~16일 야키토리·토쿠슈 5% 추가 할인, 특히 8월...",,,normal_reviewed,normal,high,이미 사람이 감성분석용으로 검수한 정상 콘텐츠
"쿠팡 <b>개인</b><b>정보</b> <b>유출</b> 테마파크 2만원 쿠폰 각자 써서 7000원에 둘이 다녀왔어요 ㅋㅋㅋ 그렇다면 1인당 정가가 23500원...? 돈 더보태서 롯데월드 가세요 정가 주고는 절대 안갈거같아요 Previous image Next image 일단 사람이 많아서 동물들이 배가 불러가지고 먹이 줘도 안먹고,,, 약간의 냄새와 더불어서,,, 동물보다...",,,normal_reviewed,normal,high,이미 사람이 감성분석용으로 검수한 정상 콘텐츠
[ ] 문자·카카오톡·녹취·광고 화면을 보관한다. [ ] 송금한 은행에 의심계좌 긴급조치를 요청한다. [ ] 112에 신종스캠 피해와 거래정지를 요청한다. [ ] 1394에 범행 수법과 후속 절차를 상담한다. [ ] 경찰이...,,,normal_reviewed,normal,high,이미 사람이 감성분석용으로 검수한 정상 콘텐츠
"【 질문 2-1 】 길거리에서 흔히 볼 수 있는 화장품 등을 파는 올리브영 아닌가요? 네, 저도 그런 줄 알았는데... 이외에도최근 중국에 한국의 유명 빵집을 연상케 하는 '뉴욕 베이글 뮤지엄'이 등장해 논란이 되기도... ",,,normal_reviewed,normal,high,이미 사람이 감성분석용으로 검수한 정상 콘텐츠
"배달플랫폼 수수료 총액 상한을 매출의 15%로 제한하는 내용의 ‘배달플랫폼 <b>갑질</b> 방지법(공정거래법 개정안)’을 대표 발의했다”고 밝혔다. 개정안은 배달...황인선 기자 2025-10-10 17:04 [포토] “샤워도 뷰티 루틴이야” CJ<b>올리브영</b>, 홍대 ‘헤바 라운지’ 팝업 오픈 [푸드투데이 = 노태영기자] 10일 CJ<b>올리브영</b>...",,,normal_reviewed,normal,high,이미 사람이 감성분석용으로 검수한 정상 콘텐츠
"가격: 31,990원 ​ 특징: 달콤한 밀크 초콜릿에 고소한 카라멜과 짭조름한 씨솔트가 콕콕 박혀있는 중독성 최강 초콜릿! 🍫💝 ​ 이거 무조건 사야되는거 알쥬? 올리브영 보다 싸서 사야함!!! 대용량인데 중독 심해서 금방 먹더라구요ㅠㅠㅠㅠ ​ ​ ② 부샤드 다크 72% 초콜릿 (1.3kg) 가격: 31,990원 특징: 쌉싸름하면서도 깊은...",,,normal_reviewed,normal,high,이미 사람이 감성분석용으로 검수한 정상 콘텐츠
"한국소비자원 소비자분쟁조정위원회(위원회)가 쿠팡의 개인정보 유출 피해자에게 ‘1인당 10만원’을 배상하라는 조정 결정을 내린 가운데, 쿠팡이 이를 거부할 경우 소비자 측은 민사소송 소장을 공개한다는 계획이다....",,,normal_reviewed,normal,high,이미 사람이 감성분석용으로 검수한 정상 콘텐츠
co.kr/leports ✅ 11번가: http://shop.11st.co.kr/store/wj2517  편리하게 쇼핑하기 (모바일 링크 클릭) ✅ 네이버 스토어: https://m.smartstore.naver.com/j8282 지금 바로 방문하셔서 당신만의 특별한 아이템을 득템하세요!,,,normal_reviewed,normal,high,이미 사람이 감성분석용으로 검수한 정상 콘텐츠
무신사(458860)의 자체 SPA 브랜드인 무신사 스탠다드는 해외 바이어를 대상으로 2027년 봄·여름(27SS) 시즌 상품을 선보이는 글로벌 수주회를 성황리에 마쳤다고 11일 밝혔다. 무신사 스탠다드는 4~6일 사흘간 서울...,,,normal_reviewed,normal,high,이미 사람이 감성분석용으로 검수한 정상 콘텐츠
상품 정보 더보기 〉 상품 정보 KT vs SSG(문학)8월21/22/23일 야구티켓 프로야구 좋은자리 판매 25원... KT vs SSG(문학) 8월21일 금-19:00 8월22일 토-19:00 8월23일 일-19:00 1루 덕아웃상단석 9B~7B구역 석당5 3루...,,,normal_reviewed,normal,high,이미 사람이 감성분석용으로 검수한 정상 콘텐츠
또한 SSG닷컴과 컬리도 광복절 연휴에 자체 배송을 평소대로 운영할 예정으로 알려졌다. 한국노동경제학회가 지난달 31일 발표한 '택배서비스 구조 및 업무환경 실태조사 연구'에 따르면 주 7일 배송을 운영 중인...,,,normal_reviewed,normal,high,이미 사람이 감성분석용으로 검수한 정상 콘텐츠
"올리브영과 쿠팡에서 구매할 수 있는 제품 위주로 수시로 업데이트하고 있으니, 필요하신 분들은 함께 확인해보세요. 회원 비회원 모두 확인가능합니다~!! 요즘 인기 있는 뷰티 꿀템 모음 https://cafe.naver.com/olyounglounge/2178",,,normal_reviewed,normal,high,이미 사람이 감성분석용으로 검수한 정상 콘텐츠
"셔츠, 니트 등과 함께 매치했을 땐 보다 편안한 데일리룩 느낌이 나기도 하는! 브랜드 에즈이프 캘리 ​ 제품명 PARACHUTE CARGO PANTS BLACK ​ 가격 98,000원 (무신사 기준) ​ 해당 카고팬츠는 브랜드 '에즈이프 캘리'의 카고팬츠 제품으로 확인이 되어요 ​ 에즈이프캘리는 요즘 르세라핌 이외에도 다양한 여자 연예인 분들...",,,normal_reviewed,normal,high,이미 사람이 감성분석용으로 검수한 정상 콘텐츠
"사용자 수는 398만 5819명으로, 전주(384만 7205명)보다 3.6% 증가했다. 스타벅스는 논란 이후 밀려났던 <b>카카오</b>톡 선물하기 카페 카테고리 1위에도 이미 복귀한 상태다. [속보] 스타벅스 <b>불매</b> 끝났나? 결제액...",,,normal_reviewed,normal,high,이미 사람이 감성분석용으로 검수한 정상 콘텐츠
"선물하기,올리브영,무신사 등 다양한 플랫폼에서 판매하고 있는데요 특히 무신사나 올리브영 등... 올리브영,무신사 플랫폼 통해 구매하고 있는데요 2만원 후반대 금액으로 가격대 차이가 크진 않은데 무신사는...",,,normal_reviewed,normal,high,이미 사람이 감성분석용으로 검수한 정상 콘텐츠
"티키타카페 게시판입니다. 관련없는 뻘글은 작성하시면 안됩니다. [배달에피소드], [노하우팁공유], [실시간스탭샷], [잘생김인증], [업장및사장님칭찬], [맛집추천], [먹고합시다], [사람사는이야기], [타임라인], [튜닝&정비]...",,,normal_reviewed,normal,high,이미 사람이 감성분석용으로 검수한 정상 콘텐츠
코스트코에서 파는 버섯 과자인 줄 알고 쿠팡에서 주문했는데 크기도 너무 작고 맛도 다르다..... 가끔 이렇게 간편하게 먹는 집밥도 좋아요~ 쿠팡에서 수향미 쌀로 사서 먹고 있는데 고소한 밥 향기가 너무 좋음....,,,normal_reviewed,normal,high,이미 사람이 감성분석용으로 검수한 정상 콘텐츠
말했다. 트람프 행정부는 또한 한국 규제 당국이 지난 6월 미국 전자상거래 기업 쿠팡에 4억 달러 이상 벌금을 부과한 것에 대해서도 불만을 품고 있다. 트럼프 대통령..,,,normal_reviewed,normal,high,이미 사람이 감성분석용으로 검수한 정상 콘텐츠
"배송대행지, 통관 절차, 세관 신고 시 반드시 필요하며, 국내 플랫폼인 쿠팡, <b>11번가</b>, G마켓의 로켓직구 또는 해외직구 서비스에서도 이 번호 입력은 필수입니다...플랫폼에서 개인정보 유출 사고가 발생하면서, 개인통관부호가 유출됐을 경우 <b>해킹</b>, 보이스피싱, 명의도용 등의 문제가 발생할 수 있다는 우려가...",,,normal_reviewed,normal,high,이미 사람이 감성분석용으로 검수한 정상 콘텐츠
"utm_source=<b>naver</b>&amp;utm_medium=article&amp;utm_campaign=20260723084109 [단독] 與, 앞으로 &#39;장윤기 사건&#39; 중수청에 재수사 맡긴다 &#39;장윤기 사건&#39;과 같은 경찰의 유착비리...",,,normal_reviewed,normal,high,이미 사람이 감성분석용으로 검수한 정상 콘텐츠
일부 지자체는 카카오톡 모바일 알림을 통해 미참여 세대주의 참여를 유도하고 있다. 다만 비대면 조사에 응했더라도 ▲100세 이상 연로자 ▲5년 이상 장기 거주불명자 ▲사망 의심자 ▲고위험 복지위기가구 ▲장기...,,,normal_reviewed,normal,high,이미 사람이 감성분석용으로 검수한 정상 콘텐츠
"쿠팡, G마켓, 11번가 등의 온라인 전자상거래 쇼핑몰과 배달의민족, 요기요 등 배달 앱을 통한 온라인 사전 결제 역시 제한됩니다. 유흥·사행성 업종 및 환금성 결제 차단 유흥주점, 단란주점, 사행성 게임장...",,,normal_reviewed,normal,high,이미 사람이 감성분석용으로 검수한 정상 콘텐츠
답했다” 전직 매니저들에 대한 <b>갑질</b>과 불법 의료행위 의혹을 받는 방송인 박나래(41...받는 방송인 박나래씨가 20 n.news.<b>naver</b>.com 서울 강남경찰서는 20일 오후 3시...,,,normal_reviewed,normal,high,이미 사람이 감성분석용으로 검수한 정상 콘텐츠
"CJ올리브영은 지난 5월 캘리포니아 패서디나에 미국 첫 오프라인 점포를 연 데 이어 6월 로스앤젤레스... CJ올리브영 관계자는 ""핵심 시장에 직접 침투해 현지 소비자의 일상에 뿌리내리는 것이 목표""라며 ""패서디나점...",,,normal_reviewed,normal,high,이미 사람이 감성분석용으로 검수한 정상 콘텐츠
방안을 추진해 왔다. 지난해 9월 네이버파이낸셜의 모회사인 네이버가 시장지배적 지위를 남용해 카카오의 부동산 정보 서비스 시장 진입을 방해한 공정거래법 위반 혐의로 1심에서 벌금 2억원을 선고받고 현재도...,,,normal_reviewed,normal,high,이미 사람이 감성분석용으로 검수한 정상 콘텐츠
"쿠팡, <b>마켓</b><b>컬리</b>, 배달앱 결제, 온라인 쇼핑몰 키오스크·테이블주문 앱 기반 주문 결제 시스템 프랜차이즈 직영점 본사 직영으로 운영되는 매장 사행·유흥업종 카지노, 유흥주점 등 공공요금·보험 전기요금...",,,normal_reviewed,normal,high,이미 사람이 감성분석용으로 검수한 정상 콘텐츠
탈팡’ 현상이 본격화되면서 주문량이 감소한 영향으로 풀이된다. 특히 <b>쿠팡</b>의 미온적 대응이 소비자 실망을 키우며 <b>불매</b> 여론이 확산된 것이 결정적 배경이 됐다. 이커머스 업계 지형에 변화가 감지되는 분위기...,,,normal_reviewed,normal,high,이미 사람이 감성분석용으로 검수한 정상 콘텐츠
"ATM기에 신용(현금)카드 삽입 후 화면상 뜬지방세납 부뜯 메뉴 이용 －납부전화 ARS 1544뚤1414, 카카오페이 －편의점(CU, GS25, 미니스톱, 세븐일레븐) －고지서에 기재된 납부전용 가상계좌에 계좌이체 납부...",,,normal_reviewed,normal,high,이미 사람이 감성분석용으로 검수한 정상 콘텐츠
"네이버, 토스, 올영, 뉴스픽, 무신사까지 매일 도전해 보는 중입니다 투넘버폰에서도 조심스럽게 계정 키우는 중인데 수익엔 영향이 전혀 없어서 조급하지만 더이상 계정을 잃고싶지 않아 차근 차근 쌓아가고 있어요",,,normal_reviewed,normal,high,이미 사람이 감성분석용으로 검수한 정상 콘텐츠
상품 스펙 정리 비플로 넥쿨러 아이스 넥밴드  쿠팡 최저가 확인하기  차원이 다른 시원함의 비결... 비플로 넥쿨러 아이스 넥밴드  쿠팡 최저가 확인하기  #여름필수템 #여름나기꿀팁 #체온조절 #무더위탈출...,,,normal_reviewed,normal,high,이미 사람이 감성분석용으로 검수한 정상 콘텐츠
"구위가 아니라 마인드 컨트롤에서 갈릴 겁니다. ​ 양보 없는 중위권 선발 전쟁 인천의 불꽃 튀는 화력전도 절대 놓칠 수 없죠. 4경기 전승의 롯데 비슬리와 SSG 아빌라의 정면승부. 비슬리 in 2026 4경기 25이닝 4승 무패 6실점 평균자책점 2.16 아빌라 역시 데뷔전 6이닝 무실점 등 초반 강력한 임팩트를 남겼지만, 2일...",,,normal_reviewed,normal,high,이미 사람이 감성분석용으로 검수한 정상 콘텐츠
"다음으로 고려한 게 카카오T 같은 일반 택시와 대형택시. 하지만 대형택시는 수시 호출이라 예약이... 우선 카카오톡 채팅으로 간편하게 신청할 수 있다는 점이 편리했습니다. 가족 인원, 성인/어린이 구분, 짐...",,,normal_reviewed,normal,high,이미 사람이 감성분석용으로 검수한 정상 콘텐츠
"""상단에 인원별,차량별 요금표 확인 후"" 홈페이지 결제! 3. 카카오톡채널 보홀트래블로 이동 (카카오톡 검색창에 : 보홀트래블) 4. 예약자 ""카페 닉네임""과 ""예약 번호""를 반드시 말씀 부탁드립니다.",,,normal_reviewed,normal,high,이미 사람이 감성분석용으로 검수한 정상 콘텐츠
"또 카카오톡 긴급 알림 및 전담직원의 1:1 상담, 경찰 신고 안내 등 맞춤형 케어 체계를 구축해 고객을 밀착 지원 중이다. 하나은행 금융소비자보호부 관계자는 ""하나은행은 날로 지능화, 다양화되는 신종...",,,normal_reviewed,normal,high,이미 사람이 감성분석용으로 검수한 정상 콘텐츠
그 시리즈가 다 좋다. 나 심한 수부지라 후시덤 라인 사봤는데 존굿이야~~~ 수분크림 리페어 크림 비비크림 샀는데 좋음 ദ്ദി૮₍⸝⸝ʚ̴̶̷ ᴥ ʚ̴̶̷⸝⸝‬₎ა 바이럴이면 내가 오늘부터 랜디할게.,,,normal_reviewed,normal,high,이미 사람이 감성분석용으로 검수한 정상 콘텐츠
"품절ㅠ 초코, 옥수수 다 맛있었다 오리지널 먹으러 다시가봐야지 지난번 방문시 품절되서 못 사고 네이버 예약 후 방문했습 현 식당에서 3.9km 브룩스 79점 · 서면 · 카페,소금빵 서면엔 정말 다양한 카페가..",,,normal_reviewed,normal,high,이미 사람이 감성분석용으로 검수한 정상 콘텐츠
"워치XXX 상조가입(대명소노)XXX, 보상기변반납XXX 최대지원금으로 안내드리겠습니다 하단 시세표 참고후 하단 카카오링크로 문의 부탁드립니다!! 하단링크는 위 매장과 연결을...",,,normal_reviewed,normal,high,이미 사람이 감성분석용으로 검수한 정상 콘텐츠
플랫폼경제 #전자상거래 #온라인유통 #무더위 #배송서비스 #네이버쇼핑 #컬리 #SSG닷컴 #11번가 #G마켓 #플랫폼경쟁 #소비트렌드 #유통시장 #생활경제 #경제이슈 #쇼핑앱 #배송혁신 #플랫폼산업 #국내유통 #경제분석,,,normal_reviewed,normal,high,이미 사람이 감성분석용으로 검수한 정상 콘텐츠
"9위 SSG와 함께 아직 40승 고지를 밟지 못한 유이한 팀이다. 격차는 단 2.5경기. 꼴찌 탈출도 어느덧 가시권에 들어왔다. 라울 알칸타라와 안우진, 하영민 등으로 이뤄진 선발진도 무시할 수 없는 데다, 최근엔 타선까지...",,,normal_reviewed,normal,high,이미 사람이 감성분석용으로 검수한 정상 콘텐츠
"급하게 보는데 마음에 드는 게 진짜 없었는데 <b>에이블리</b>에서 마음에 드는 투피스를 발견!! ​ <b>에이블리</b> 펌 <b>에이블리</b> 펌 ​ 디자인이 촌스럽지 않고 저렴해 보이지...치마 뒤에 가 사이가 나쁜지 너무 벌어져 있었음 ㅋㅋ ​ 근데 교환, <b>환불</b>은 하기 싫었어요 ㅋㅋ ​ 직접 보니 디자인이 더 마음에 들어서 찐으로 다이어트해...",,,normal_reviewed,normal,high,이미 사람이 감성분석용으로 검수한 정상 콘텐츠
자기소개서 작성자가 여러분의 포릿을 성공으로 이끌어드립니다! 1. 소개 고로 자교 최초합 / 경희로 최초합 공학 92.5 / 143.4..,,,normal_reviewed,normal,high,이미 사람이 감성분석용으로 검수한 정상 콘텐츠
"x, 중간에 일정이 있어서 못 키면 말해주세요! - 인증: 구루미 공부기록 캡쳐해서 카카오톡에 보내기 😕 벌금 - 예치금 1000원 (말없이 나가는 걸 방지하기 위해서입니다...",,,normal_reviewed,normal,high,이미 사람이 감성분석용으로 검수한 정상 콘텐츠
센터 방문 사전 문의는 카카오채널로 연락 바랍니다! -카카오채널- -인스타그램- -유튜브- -간석1호점- -간석2호점- #브라더스포츠아카데미 #선수트레이닝 #바이퍼 #소도구 #소도구트레이닝 #배구...,,,normal_reviewed,normal,high,이미 사람이 감성분석용으로 검수한 정상 콘텐츠
"너는 원래 괜찮은 사람이야 윤지영2026터닝페이지 ㄱ (윤지영 터닝페이지) 너는 원래 괜찮은 사람이야 11번가 15,260 성장하면서 어른들에게 어떤 말을 들으며 자라났는지는 한 사람의 인격을 형성하는 데 참으로...",,,normal_reviewed,normal,high,이미 사람이 감성분석용으로 검수한 정상 콘텐츠
11번가에서도 같은 상호를 사용하는 판매자를 찾을 수 있습니다. 다만 검색되는 판매자의 사업자정보가... 실제로 쿠팡과 11번가의 판매 페이지에서도 판매자가 별도의 현금거래를 요구하는 상황을 주의하도록...,,,normal_reviewed,normal,high,이미 사람이 감성분석용으로 검수한 정상 콘텐츠
저는 저렴한 에이블리나 지그재그에서 옷을 잘 구매하는데 세일기간을 알고 싶어요 ㅜㅜ 이번 여름엔 한번도 옷을 안 사서 .... 세일기간 아는 맘들계실까요 ㅠㅠ?,,,normal_reviewed,normal,high,이미 사람이 감성분석용으로 검수한 정상 콘텐츠
"쿠팡이 미국에서 로비 계약을 맺은 업체 소속 인사가 월스트리트저널(WSJ)에 한국 정부의 쿠팡 규제를 비판하는 기고문을 게재한 데 이어, 불과 사흘 뒤 쿠팡 측 홍보대행사가 이를 토대로 국내 인터넷 매체에 기사...",,,normal_reviewed,normal,high,이미 사람이 감성분석용으로 검수한 정상 콘텐츠
[카카오 제공=연합뉴스 자료사진] (서울=연합뉴스) 홍지인 기자 = 국내 1위 메신저 카카오톡에서 24일 오후 한때 서비스 장애가 일어났다. 카카오에 따르면 이날 오후 5시 19분부터 약 41분 동안 일부 카카오톡...,,,normal_reviewed,normal,high,이미 사람이 감성분석용으로 검수한 정상 콘텐츠
"https://cafe.naver.com/drunkendriving/236254 음주운전구제, 카페 회원수 8만여명 네이버 1위 카페, 음주운전벌금, 음주사고, 뺑소니, 도주치상, 측정거부, 킥보드음주운전, 킥보드응시원서, 전동킥보드, 보복운전, 난폭운전...",,,normal_reviewed,normal,high,이미 사람이 감성분석용으로 검수한 정상 콘텐츠
11번가의 8월 7일 개통보장 (개통 지연시 네이바 포인트 2만 지급) 말만 믿고 7월 28일에 사전예약했으나 배송 지연으로 배송완료후 네이버포인트 지급하겠다는 문자만 오고 배송 현황을 전혀 공유해주지않고..,,,normal_reviewed,normal,high,이미 사람이 감성분석용으로 검수한 정상 콘텐츠
출처: 네이버 1. 주요 모델별 성향 및 스펙 분류 Tour AD 시리즈는 크게 탄도(Launch) 와 구질 성향(Draw vs... 출처: 네이버 출처: 네이버 CQ 특징: 선단(Tip) 부위의 휨이 부드러워 임팩트 시 볼을 가볍게 포착해...,,,normal_reviewed,normal,high,이미 사람이 감성분석용으로 검수한 정상 콘텐츠
상품 정보 더보기 〉 상품 정보 인천 경기 롯데 vs SSG 피코크테이블 수요일~! 14원 시세조회 결제 혜택 N... vs SSG 화~목 일정 인천SSG 랜더스필드 피코크테이블 -5.5 노브랜드 -4.9 공식경기취소될 경우 전액 환불 ??...,,,normal_reviewed,normal,high,이미 사람이 감성분석용으로 검수한 정상 콘텐츠
윤호영 대표가 이끄는 카카오뱅크가 반기 기준 역대 최대 순이익을 기록한 가운데 출범 이후 첫 파업을... 첫 파업까지 번진 임협…'성과급 기준' 놓고 시각차 카카오뱅크 노사는 올해 1월부터 임금협상을 진행했지만...,,,normal_reviewed,normal,high,이미 사람이 감성분석용으로 검수한 정상 콘텐츠
"예를 들어, ✔ 고객 연락용인지 ✔ 인증용인지 ✔ 전화 위주인지 ✔ 데이터 사용이 필요한지 사용 목적에 따라 적합한 방향이 달라집니다. 👉선불폰형님 카카오채널 앤텔레콤 선불폰형님 선불이용자,신불자,연체자,미납자 등 누구나 개통가능! :) [온라인 개통,방문 개통] pf.kakao.com 실제 상담에서 가장 많이 듣는 말...",,,normal_reviewed,normal,high,이미 사람이 감성분석용으로 검수한 정상 콘텐츠
"사용해보니 단순히 계란을 삶는 것뿐만 아니라 감자나 야채를 조리할 수 있는 용기도 있어 생각보다 활용도가 괜찮았다. 필립스 에그 쿠커 가격은 28,900원 내가 쿠팡에서 구매했을 당시 가격은 28,900원이었다. 처음에는 계란을 삶기 위해 별도의 주방가전을 구입할 필요가 있을까 싶기도 했다. 하지만 삶은 계란을...",,,normal_reviewed,normal,high,이미 사람이 감성분석용으로 검수한 정상 콘텐츠
연석 아닙니다 앞뒤대각선 2자리입니다 양도 후기적어주실분 공식적인 취소만 환불됩니다 32.000원입니다,,,normal_reviewed,normal,high,이미 사람이 감성분석용으로 검수한 정상 콘텐츠
세이버 회원인 쿠팡 셀러 한모씨는 “지난해 12월 환불 3건 중에 실제 제품 회수는 1건에 그쳤다”며 “조건 없는 환불에 환불 비용까지 전액 판매자에게 부담하는 방식은 어느 쇼핑몰에서도 본 적이 없다”고 주장했다.,,,normal_reviewed,normal,high,이미 사람이 감성분석용으로 검수한 정상 콘텐츠
"한편, 무신사가 이날부터 대규모 뷰티 행사에 돌입한 가운데 에이블리와 컬리 등 주요 이커머스 플랫폼 역시 일제히 하반기 뷰티 행사에 돌입하며 관련 시장을 둘러싼 치열한 경쟁이 예상된다.",,,normal_reviewed,normal,high,이미 사람이 감성분석용으로 검수한 정상 콘텐츠
사고 싶은 립제품 생겼는데 신규 브랜드라 올리브영 쿠팡입점이 안 되어 있어요ㅜ 그래서 자사몰에서 사야 하는데 배송비포함 2.5라 고민이네용,,,normal_reviewed,normal,high,이미 사람이 감성분석용으로 검수한 정상 콘텐츠
안녕하세요 케뱅 테크 종결자 입니다 매일 오늘의 퀴즈 정답 70개 이상 업로드해요 ✔️퀴즈 정답 업로드 시간 : 평일 오전 10시 전후 ✔️주말 및 휴일 : 점심 12시 이후 이웃추가 하셔서 매일 이벤트...,,,normal_reviewed,normal,high,이미 사람이 감성분석용으로 검수한 정상 콘텐츠
"10일 올라온 게시물에는 쿠팡플레이 공식 계정을 태그한 뒤 ""금 8:00pm""이라는 문구를 남긴 사진이 공개됐다.... 한편, 김혜수는 쿠팡플레이 8부작 시리즈 '지금 불륜이 문제가 아닙니다'에서 자수성가한 인테리어...",,,normal_reviewed,normal,high,이미 사람이 감성분석용으로 검수한 정상 콘텐츠
"10배로 높아졌습니다. 쿠팡은 지난해 말 <b>개인</b><b>정보</b><b>유출</b> 사고에 대한 보상으로 지난달 15일 구매이용권(쿠폰...알리익스프레스(-1.3%)와 테무(-0.3%), <b>11번가</b>(-0.9%) 등 상위권 앱 이용자 수가 동반 감소했으나...",,,normal_reviewed,normal,high,이미 사람이 감성분석용으로 검수한 정상 콘텐츠
[마켓컬리] 26.8.11.화/ ✅️ 퀴즈정답 [마켓컬리] 26.8.11.화/ ✅️ 퀴즈정답 [마켓컬리] 26.8.11.화/ ✅️ 퀴즈정답 Q) 샴푸 후 컨디셔너를 쓰는 이유? 머릿결을 매끄럽게 #마켓컬리정답 #마켓컬리퀴즈...,,,normal_reviewed,normal,high,이미 사람이 감성분석용으로 검수한 정상 콘텐츠
"환불 이슈는 모두 정리가 된 모양새다. 최근 1달 사이 1차례 하락이 있었을 뿐, 그 뒤로는 계속 1위 고수 중이다. 구글플레이 순위는 엔씨 &lt;리니지M&gt; 2위, 카카오게임즈 &lt;오딘: 발할라라이징&gt; 8위, &lt;로블록스&gt; 9위... ",,,normal_reviewed,normal,high,이미 사람이 감성분석용으로 검수한 정상 콘텐츠
저는 인용 사고 나서 잘 쓰고 있어요 . #쿠팡파트너스 #Freesk비교 #인용 #흡착바추천 #1개 #Freesk #흡착바 #인용사용후기 #인용추천템 #쿠팡 #가성비 #후기 #인용내돈내산 #꿀템 #쿠팡추천 #솔직후기,,,normal_reviewed,normal,high,이미 사람이 감성분석용으로 검수한 정상 콘텐츠
정혜경 진보당 국회의원이 13일 국회 소통관에서 열린 쿠팡CLS 영업점 하하물류 부당노동행위 고소 및.. 열고 쿠팡CLS 영업점인 ㈜하하물류의 노조탄압을 규탄했다. 참가자들은 고용노동부의 신속한..,,,normal_reviewed,normal,high,이미 사람이 감성분석용으로 검수한 정상 콘텐츠
상세 ----------------------------------- 네이버채팅문의나 결제시 알림이 오지않아 답장이 늦는 경우가 많아요... ----------------------------------- 네이버채팅문의나 결제시 알림이 오지않아 답장이 늦는 경우가 많아요 아래로...,,,normal_reviewed,normal,high,이미 사람이 감성분석용으로 검수한 정상 콘텐츠
카카오톡을 통해 긴급 알림메시지를 발송하고 전담직원이 1대1 전화 상담을 통해 거래 위험성을 설명하는 한편 필요할 경우 경찰 신고도 안내하는 방식이다. 자동화된 FDS가 거래를 먼저 차단하고 이후 직원이 고객에게...,,,normal_reviewed,normal,high,이미 사람이 감성분석용으로 검수한 정상 콘텐츠
"과정도 친절하게 안내합니다. 자세한 사항은 한국비즈플랜 파트너의 홈페이지를 방문하시거나, 블로그에서 유용한 정보를 확인해보세요. 또한, 문의사항은 카카오톡이나 전화 1555-3809로 손쉽게 접수하실 수 있습니다. 도약의 순간을 놓치지 마세요! 같이보면 좋은 글! 👉자세한 내용이 궁금하신가요 👉초저금리 협약보증...",,,normal_reviewed,normal,high,이미 사람이 감성분석용으로 검수한 정상 콘텐츠
이어갈 전망이다. *****@**.**.** 발로 뛰는 <더팩트>는 24시간 여러분의 제보를 기다립니다. · 카카오톡: '더팩트제보' 검색 · 이메일: ****@**.**.** · 뉴스 홈페이지...,,,normal_reviewed,normal,high,이미 사람이 감성분석용으로 검수한 정상 콘텐츠
"제품은 올리브영이나 오프라인 매장이 아닌 시튜에아 공식 홈페이지를... 시튜에아 제품은 올리브영에서 구매할 수 있나요? 2026년 8월 현재 시튜에아는 올리브영에 입점되어 있지 않으며, 시튜에아 공식...",,,normal_reviewed,normal,high,이미 사람이 감성분석용으로 검수한 정상 콘텐츠
"소셜 로그인 · 레퍼럴 · 딥링크 - 초대 코드 대소문자 정규화, 400 에러 처리, 레퍼럴 코드 자동 적용 - 네이버 로그아웃 상태 토큰 재확인 버그 수정 - Kochava 제거 → 커스텀 딥링 최종 Branch마이그레이션...",,,normal_reviewed,normal,high,이미 사람이 감성분석용으로 검수한 정상 콘텐츠
"SSG닷컴, 패션·뷰티 등 여름 시즌오프 상품 최대 80% 할인 행사 SSG닷컴은 14일까지 패션과 뷰티 카테고리를... SSG닷컴, 14일까지 여름 시즌오프… 최대 80% 할인 SSG닷컴이 오는 14일까지 패션·뷰티 할인 행사 ‘썸머...",,,normal_reviewed,normal,high,이미 사람이 감성분석용으로 검수한 정상 콘텐츠
만든 토종순두부로 순두부찌개를 만들어 먹을 거에요!! ​ 임신을 하고 좋은 재료들을 먹으려고 노력하는 요즘 두부도 국산콩! 을 이용한 두부를 찾곤 하는데 마켓컬리에서 국산 콩과 해양심층수로 만든 순두부를 주문했답니다!! ​ 이미 유튜브에서 한번 소개가 된 제품이더라구요? 연예인도 즐겨먹을만큼 좋은 제ㅎ품이라...,,,normal_reviewed,normal,high,이미 사람이 감성분석용으로 검수한 정상 콘텐츠
오늘자 마켓컬리 & 비트베이크 퀴즈 정답 3. 헤어 관리 및 경제 정책 퀴즈 해설 4. 실질 도움 Q&A 3가지 5. 한눈에 보는 핵심 요약 1. 퀴즈 도입부 매번 바뀌는 퀴즈 정답 찾느라 힘드셨죠? 시간 낭비 없이 딱 3초...,,,normal_reviewed,normal,high,이미 사람이 감성분석용으로 검수한 정상 콘텐츠
쿠팡이 제일빨라서 찾아보다 가격대가 너무 다양해서 더 모르겠음;;; 기존에 다니시던분들께 여쭤보니깐 싼거사라고하는데 다른지인은 스쿠알로 추천해서 여기분들 추천받아봅니다!!,,,normal_reviewed,normal,high,이미 사람이 감성분석용으로 검수한 정상 콘텐츠
다년간 소송 경험과 성공 사례로 여러분의 든든한 법률 동반자가 되어 최상의 법률 솔루션을 제공할 것을 약속드립니다. 언제든지 편안한 시간과 장소에서 네이버 톡톡 및 변호사 직접 비대면 상담 문의 주세요.,,,normal_reviewed,normal,high,이미 사람이 감성분석용으로 검수한 정상 콘텐츠
11번가와 G마켓·옥션 등 기존 온라인 사업자도 있었습니다. 여기에 알리익스프레스와 테무 같은 중국계 플랫폼까지 한국시장에 들어왔습니다. 그리고 편의점도 경쟁자가 됐습니다. 소비자는 굳이...,,,normal_reviewed,normal,high,이미 사람이 감성분석용으로 검수한 정상 콘텐츠
"높아요. 법원은 하청업체가 단순히 '인력 공급 통로' 역할만 했는지를 집중적으로 파헤치고 있습니다. 메신저 및 이메일 지시의 증거력 강화 기술의 발달로 카카오톡이나 사내 단체 메신저를 통한 업무 지시가 보편화되면서, 이러한 디지털 데이터들이 불법파견소송의 핵심 증거로 채택되는 비중이 압도적으로...",,,normal_reviewed,normal,high,이미 사람이 감성분석용으로 검수한 정상 콘텐츠
뉴데일리 배정현 기자 = 제주 쿠팡물류센터 폐기물 수거장에서 불이 발생했다. 11일 제주소방안전본부에 따르면 이날 오전 3시 18분께 제주시 애월읍 쿠팡물류센터 외부 폐기물 수거장에서 화재가 발생했다는 신고가...,,,normal_reviewed,normal,high,이미 사람이 감성분석용으로 검수한 정상 콘텐츠
"ISA 계좌를 활용한 절세 투자 전략 및 장점 → CGV, 교보문고, 알라딘 등 대형 온라인 몰은 물론, 11번가나 G마켓 내 전용관에서도 사용이 가능합니다. 온라인 결제 시에는 반드시 '일반 카드 결제'를 선택해야...",,,normal_reviewed,normal,high,이미 사람이 감성분석용으로 검수한 정상 콘텐츠
"◆ 김성열&gt; 그래서 모 최고위원이 김문수 전 장관을 찾아갔다는 루머가 돌았어요. ◇ 박재홍&gt; 잠시 후 2부에서... 각종 비리와 부당대우, 사건사고와 미담 등 모든 얘깃거리를 알려주세요.이메일 : 카카오톡 : @노컷뉴스사이트... ",,,normal_reviewed,normal,high,이미 사람이 감성분석용으로 검수한 정상 콘텐츠
"성범죄는 진술의 비중이 크지만 메시지, 카카오톡 대화, CCTV, 진료기록, 위치기록처럼 객관 자료가 함께 맞아야 신빙성이 높게 평가되므로, 진주 성범죄 피해자 대리 경험이 있는 변호사와 초기 진술을 맞춰보는...",,,normal_reviewed,normal,high,이미 사람이 감성분석용으로 검수한 정상 콘텐츠
저 컬리가 마켓컬리만 있는줄 알았는데 뷰티컬리도 있는 거 이제야 알았잖아요!! 근데 뷰티컬리 진짜 혜택 좋은 거 아시는 분?!?!?! 지금 그랜드 뷰티컬리페스타 중이라 화장품 사고 싶은 분들은 지금 컬리 뷰티..,,,normal_reviewed,normal,high,이미 사람이 감성분석용으로 검수한 정상 콘텐츠
"무신사(대표 조만호, 조남성)가 고객 구매 및 활동 데이터를 바탕으로 매일의 급상승 패션 트렌드를 일자별로 기록하는‘급상승 일간 랭킹 아카이브’서비스를 선보인다. 무신사 랭킹은 무신사 스토어에서 실제 매출과...",,,normal_reviewed,normal,high,이미 사람이 감성분석용으로 검수한 정상 콘텐츠
"순간보다 필요할 때 제대로 활용할 수 있는 준비가 더 중요합니다. 혼자 판단하기 어렵다면 현재 가입한 보험과 건강 상태를 함께 점검해 보세요 1:1 카카오톡 상담하기 ⤴ 📞 상담문의 ***-****-**** 보험은 많이 가입하는 것보다 내게 맞는 보장을 제대로 준비하는 것이 중요합니다. 보험 점검, 보험 분석, 보험금 청구...",,,normal_reviewed,normal,high,이미 사람이 감성분석용으로 검수한 정상 콘텐츠
"예외 운영 (정상 배송되는 곳) 쿠팡(로켓배송), SSG닷컴(쓱배송), 마켓컬리(샛별배송): 자체 배송 인력을 활용하는 직매입 유통업체는 정상 배송을 진행합니다. 편의점 반값/알뜰택배: 편의점(GS25, CU) 자체 물류망을...",,,normal_reviewed,normal,high,이미 사람이 감성분석용으로 검수한 정상 콘텐츠
"휴대전화 파손과 피싱·해킹 피해 등을 보장하는 폰케어와 기기 변경 시 기존 단말을 반납하면 최대 50%를... 1g 추첨 행사와 무선충전기 증정 혜택을, 만 34세 이하 고객에게는 추첨을 통해 네이버웹툰 쿠키 3만원권을... ",,,normal_reviewed,normal,high,이미 사람이 감성분석용으로 검수한 정상 콘텐츠
앞서 A 씨는 지난 2023년 12월 학내 성소수자 지지 모임에 가입했으며 모임과 관련한 카카오톡 단체방에 잠입해 구성원 명단을 유출하려 한 B 씨에게 법적 절차를 밟겠다고 예고했다는 이유로 학교로부터 무기정학 및 특별...,,,normal_reviewed,normal,high,이미 사람이 감성분석용으로 검수한 정상 콘텐츠
"착용한 상의는 무신사 스탠다드 기본 긴팔티인데, 촉감이 폭신하고 신축성도 좋아서 활동하기 딱 좋더라고요. 바지는 나이키 아울렛에서 산 제품을 입었습니다. 여러분 모두가 가족과 함께 행복한 시간 보내셨으면 좋겠고...",,,normal_reviewed,normal,high,이미 사람이 감성분석용으로 검수한 정상 콘텐츠
"|중앙이코노미뉴스 김영진 기자|출처=네이버페이 증권 11일 오전 10시 49분 기준, 네이버페이 증권에 따르면 레인보우로보틱스는 현재 476,500원에 거래되며 지난 종가 489,000원 대비 2.56% 하락했다. 시가는...",,,normal_reviewed,normal,high,이미 사람이 감성분석용으로 검수한 정상 콘텐츠
편의점·백화점·올리브영 상품권 등 1000여 종의 상품 구매에 활용할 수 있다. 다만 유심 해킹 사고 보상 차원의 고객감사패키지(50GB)와 장기고객·가족결합 등 기존 SK텔레콤 멤버십 혜택은 제외된다. 업계에서는 연말... ,,,normal_reviewed,normal,high,이미 사람이 감성분석용으로 검수한 정상 콘텐츠
https://<b>naver</b>.me/FIcSXzg9,,,normal_reviewed,normal,high,이미 사람이 감성분석용으로 검수한 정상 콘텐츠
8월11일 마켓컬리퀴즈 정답 비트베이크퀴즈 정답 마켓컬리퀴즈 샴푸 후 컨디셔너(린스)를 쓰는 이유는? 정답 머릿결을 매끄럽게 비트베이크퀴즈 중앙은행이 물가 안정과 경제 성장을 위해 시중의...,,,normal_reviewed,normal,high,이미 사람이 감성분석용으로 검수한 정상 콘텐츠
"2013년 11월13일, 삼성동 잡코리아 본사를 직접 방문해 항의했습니다. 이 자리에는 성철현 회장(위임), 류태열 재무이사, 이재범 서울시지회장, 오호석 골목상권살리기소비자연맹 상임대표가 참석했으며...",,,normal_reviewed,normal,high,이미 사람이 감성분석용으로 검수한 정상 콘텐츠
"됩니다. ​ 해지가 합리적인 경우를 살펴보면 이렇습니다. ​ 월 쿠팡 주문이 2회 이하인 분, 쿠팡이츠·쿠팡플레이(OTT)를 전혀 이용하지 않는 분, 네이버·11번가 등 다른 플랫폼 위주로 쇼핑하는 분, 이미 네이버플러스로 쇼핑 적립을 충분히 받는 분입니다. ​ 반대로 유지가 더 유리한 경우도 있습니다. ​ 월 4회 이상...",,,normal_reviewed,normal,high,이미 사람이 감성분석용으로 검수한 정상 콘텐츠
안녕하세요 영쉐퍼드-핀치 근처로 8월 28일~ 10월31일 렌트 구합니다 https://open.kakao.com/o/sSBQhcDi 토론토 단기 렌트 open.kakao.com,,,normal_reviewed,normal,high,이미 사람이 감성분석용으로 검수한 정상 콘텐츠
"원래 하던 사업(제품)도 국내에서 잘 팔리는데, 최근 해외 수출과 글로벌 유통망 확장 덕분에 물건을 팔 수 있는 가게가 훨씬 더 늘어났다는 뜻입니다! 네이버증권 2026년 8월 10일 파마리서치 1년 차트 2. 파마리서치 재무제표 실적 분석 및 성장 근거 &#34;압도적인 영업이익률(약 40%)과 순현금 중심의 무차입 재무 구조...",,,normal_reviewed,normal,high,이미 사람이 감성분석용으로 검수한 정상 콘텐츠
"지마켓, <b>11번가</b>, 놀유니버스 등 7개 오픈마켓의 약관 중 사업자의 책임이나 손해배상 책임을 부당하게 면하는 조항 등 <b>11</b>가지 유형의 불공정약관을 시정하도록 했다고 27일 밝혔다. ​ ✨보험관련 소식✨ 📝&#39;보험료 2% 할인&#39; 車 5부제 특약 출시…이달부터 소급적용 차량 2·5부제에 동참한 차주의 자동차 보험료를 연간 2...",,,normal_reviewed,normal,high,이미 사람이 감성분석용으로 검수한 정상 콘텐츠
"저 역시 처음에는 배우자가 실수로 집에 두고 간 영수증 한 장과, 몇 주에 걸쳐 몰래 캡처한 카카오톡 대화 내용만 있으면 만족할 만한 위자료를 받아낼 수 있을 거라 철썩같이 믿었어요. 하지만 시흥의 한...",,,normal_reviewed,normal,high,이미 사람이 감성분석용으로 검수한 정상 콘텐츠
개인화물 마켓컬리 지입회사 용달협회 대리운전 대리기사 택배기사모집 택배후기 쿠팡친구 택린이 택배입문 택배기사입문 전국택배구인구직 전택구 화물운송종사자자격증 쿠친 퀵플 쿠팡종사자...,,,normal_reviewed,normal,high,이미 사람이 감성분석용으로 검수한 정상 콘텐츠
"무신사 스탠다드 홈 모자관리기. 사진=무신사 패션기업들이 의류와 잡화 판매에 머물지 않고 상품 관리, 해외시장 진출, 브랜드 육성 등으로 사업 영역을 넓히고 있다. 무신사 스탠다드는 패션 아이템 관리 전용 기기를...",,,normal_reviewed,normal,high,이미 사람이 감성분석용으로 검수한 정상 콘텐츠
뒤 네이버밴드 주식 리딩방으로 이동했다는 사례가 포함됩니다.... 한강작전프로젝트 ✔ 네이버밴드 주식 리딩방... com 네이버밴드 경로 리딩방에서 개별 관리로 이어지는 초기 과정 제보된 흐름을 보면 공개...,,,normal_reviewed,normal,high,이미 사람이 감성분석용으로 검수한 정상 콘텐츠
"최지훈(SSG 랜더스)은 101경기서 타율 0.241 11홈런 42타점 53득점 14도루 OPS 0.713이다. 김호령보다 볼륨이 살짝 떨어진다. 단, 김호령이 7월에 다소 부진하면서 두 사람의 볼륨 격차가 줄어들긴 했다. 또 정수빈(두산...",,,normal_reviewed,normal,high,이미 사람이 감성분석용으로 검수한 정상 콘텐츠
"applink.a-bly.com <b>에이블리</b> 빠지 무제한 이용권 ✔️ 파격 혜택: 종일 9가지 놀이기구 무제한 이용권 + 입장권 + 필수템 아쿠아삭스 세트가 단돈 8,900원 (선착순...득템 가능! ✔️ 체크 포인트: 인당 구매 개수 제한 없음 / 미사용 시 100% 자동 <b>환불</b> 보장 ✔️ 가평 빠지 종일 무제한 패키지 선착순 특가 바로가기: [경기...",,,normal_reviewed,normal,high,이미 사람이 감성분석용으로 검수한 정상 콘텐츠
"휴무 적용 택배사 CJ대한통운, 한진택배, 롯데택배, 로젠택배 등 일반 택배사 정상 작동하는 자체 배송망 쿠팡(로켓배송), SSG닷컴(쓱배송), 컬리(샛별배송)처럼 자체 배송 인력을 운용하는 곳은 택배 없는...",,,normal_reviewed,normal,high,이미 사람이 감성분석용으로 검수한 정상 콘텐츠
카카오와 카카오뱅크의 전·현직 임원들이 올 상반기 수십억원대 보수를 받은 것으로 나타나자 카카오 노동조합이 보상 기준을 공개하라고 요구했다. 보수의 상당 부분은 과거 성과에 따라 부여된 스톡옵션..,,,normal_reviewed,normal,high,이미 사람이 감성분석용으로 검수한 정상 콘텐츠
"이 포스팅은 쿠팡 파트너스 활동의 일환으로, 이에 따른 일정액의 수수료를 제공받습니다. 세안 직후 피부가 건조해지는 고민을 해결하기 위해 설화수 윤조에센스 6세대 4종 기획세트를 사용해 보았습니다. 정가 140...",,,normal_reviewed,normal,high,이미 사람이 감성분석용으로 검수한 정상 콘텐츠
더해지면 검찰은 증거인멸 우려를 근거로 구속 필요성을 적극 주장하는 경우가 많습니다. 24시간 형사 전문 상담: ***-****- **** 법무법인JK형사전담센터 [카카오톡 상담] 법무법인JK 판ㆍ검사 근무 대표변호인단ㅣ10대 대형로펌 출신 변호사 각 분야 TF팀이 실시간으로 대응합니다 pf.kakao.com 불법추심 구속영장 JK...,,,normal_reviewed,normal,high,이미 사람이 감성분석용으로 검수한 정상 콘텐츠
및 배송 순차적 재개 (물량 적체로 지연 가능) 휴무 참여 주요 택배사 CJ대한통운 한진택배 롯데글로벌로지스 로젠택배 우체국 파셀(택배) 2. 쿠팡·컬리·SSG 및 편의점 택배 정상 운영 여부 모든 배송 서비스가 멈추는 것은 아닙니다. 택배사 위탁이 아닌 자체 물류망과 전속 배송 기사를 보유한 일부 이커머스 업체는...,,,normal_reviewed,normal,high,이미 사람이 감성분석용으로 검수한 정상 콘텐츠
"생성형 AI 도입과 네이버 'AI 브리핑' 도입으로 마케팅 속도가 빨라진 반면, 보건당국과 사법당국의 의료광고 단속 수위는 역대 최고 수준으로 강화되었습니다. 실손보험 연계 환자 유인(자격정지 최대 6개월), 미삭제 블로그 체험단 후기에 대한 매출 연동 수억 원대 과징금 판결, 그리고 SNS 사전심의 미필 적발 등..",,,normal_reviewed,normal,high,이미 사람이 감성분석용으로 검수한 정상 콘텐츠
전 KT이용자입니다. 그래요... <b>개인</b><b>정보</b> <b>유출</b> 됐대요. 보이스피싱 전화 몇번 받았어요ㅠㅠ ​ 고객보답이라는 이름으로 쿠폰주는거 마음에 안들어요. ​ 사이버범죄...어딘지 확인해봤는데요?! 마이케이티앱 &gt; 쿠폰 &gt; KT멤버쉽 쿠폰함 <b>올리브영</b> 3천원 쿠폰! 올영세일은 이미 지났고... 그렇다면 간식을 사먹어야겠습니다...,,,normal_reviewed,normal,high,이미 사람이 감성분석용으로 검수한 정상 콘텐츠
"위자료 청구인이 준비하면 좋은 자료 1) 유책사유 관련 자료: 문자, 카카오톡, 통화 녹음, 사진, 목격자 진술 2) 혼인 파탄 경위 메모: 갈등이 시작된 시점부터 현재까지의 타임라인 3) 경제적 자료: 혼인 기간 중...",,,normal_reviewed,normal,high,이미 사람이 감성분석용으로 검수한 정상 콘텐츠
"입금했다면 대화 내용과 송금 내역부터 캡처해 두고 경찰서나 온라인 신고시스템(ECRM)으로 신고하세요. 확인 순서와 신고 절차를 정리했습니다. 이 포스팅은 쿠팡 파트너스 활동의 일환으로, 이에 따른 일정액의 수수료를 제공받습니다. 목차 중고거래사기 확인법 한눈에 보기 신고 전에 챙겨야 할 증거 결제 전 중고...",,,normal_reviewed,normal,high,이미 사람이 감성분석용으로 검수한 정상 콘텐츠
"새롭게 입주하신분들도 계시고, 오래된 단톡방이 많아지면 사진·동영상·파일 같은 미디어가 쌓여 카카오톡 저장공간이 커질 수 있습니다. 용량이 늘면 앱 실행이 느려지거나 저장공간 부족, 전송 오류 등 문제가 생길 수...",,,normal_reviewed,normal,high,이미 사람이 감성분석용으로 검수한 정상 콘텐츠
카카오엔터테인먼트의 음원 플랫폼 멜론이 중국 텐센트 뮤직 엔터테인먼트와 일본 라인뮤직과 손잡고... 카카오엔터 관계자는 “글로벌-K 차트를 중심으로 아티스트와 각국 팬들이 함께 즐길 수 있는 다양한 협업을...,,,normal_reviewed,normal,high,이미 사람이 감성분석용으로 검수한 정상 콘텐츠
'전지적 참견 시점'과 '2026 쿠팡플레이 시리즈' 프리뷰쇼 등에도 출연하며 예능과 연기를 오가는 행보를 이어가고 있다. '스마일클리닉' 부실장으로 강렬한 코미디 캐릭터를 보여줬던 김규원은 첫 정극 '아파트'에서는...,,,normal_reviewed,normal,high,이미 사람이 감성분석용으로 검수한 정상 콘텐츠
앰플 3900원 선크림 4100원등등등 세일 엄청 해서 몇개 쟁였다 올영이나 무신사에서 사면 더 비싸던데 ㄱㅇㄷ.. https://medipeel.co.kr/2025familysales.html 메디필...,,,normal_reviewed,normal,high,이미 사람이 감성분석용으로 검수한 정상 콘텐츠
지난 7월 숨진 직원의 유족은 최근 고인의 카카오톡 대화 내용과 근무 스케줄표 등을 근거로 과로사를 추정한... SNS에서는 불매 운동을 독려하는 게시글이 확산 중이다. 댓글에는 &quot;여전히 외국인 관광객은 줄을 서서 먹는다... ,,,normal_reviewed,normal,high,이미 사람이 감성분석용으로 검수한 정상 콘텐츠
"SSG닷컴은 패션과 뷰티 분야의 여름 시즌오프 상품을 중심으로 행사를 운영한다고 10일 밝혔다. 행사는 14일까지 닷새간 이어지며 패션·뷰티 브랜드 상품을 포함해 의류와 신발, 아웃도어 용품, 모자, 스킨케어, 아이웨어...",,,normal_reviewed,normal,high,이미 사람이 감성분석용으로 검수한 정상 콘텐츠
"위반이라는 <b>논란</b>에서 비켜가기는 어려울 것 같다”고 했다. ​ 청년 최고위원제 도입을 두고도 친명계는 선출직 청년 최고위원을 두자고 한 반면, 친청계는 당대표가 지명...",,,normal_reviewed,normal,high,이미 사람이 감성분석용으로 검수한 정상 콘텐츠
진단받아도 사고당 30만원을 보장받을 수 있다. 보험금은 자동으로 지급되지 않아 직접 청구해야 한다. 카카오톡에서 ‘경기 기후보험’ 채널을 추가해 서류를 제출하거나 이메일·팩스·우편으로 신청하면 된다...,,,normal_reviewed,normal,high,이미 사람이 감성분석용으로 검수한 정상 콘텐츠
"■ 과기정통부, 기후 R&amp;D 예산 75% 증가...1천511억 투입 ■ 빛·온도로 반도체 숨은 결함 정밀하게 분석... 최대 70% 할인 ■ &quot;쿠팡, 택배 노동자 설 연휴 3일 쉬도록 보장해야&quot; ■ &quot;쿠팡, 지구한테 사과해&quot; 이번엔 과대포장... ",,,normal_reviewed,normal,high,이미 사람이 감성분석용으로 검수한 정상 콘텐츠
https://qorotodo.ooo/s/31eaa09e0e564725bd823445418f1a4f 이렇게 보내면 받는 사람이 클릭한번으로 본인 일정에 등록할 수 있어 편합니다 [사용방법] >>>내일정에서 공유버튼을 누르면 >>> 링크가 떠서 카카오톡으로...,,,normal_reviewed,normal,high,이미 사람이 감성분석용으로 검수한 정상 콘텐츠
"“직원 70% 없어도 잘만 돌아가네” 카카오 파업이 남긴 것들Daum | 중앙일보 추천! 더중플 - 카카오 파업사태의 전말 「 올여름, 판교의 공기는 어느 때보다 뜨거웠습니다. 판교에 있는 카카오 본사 아지트..",,,normal_reviewed,normal,high,이미 사람이 감성분석용으로 검수한 정상 콘텐츠
엔젯 주가 차트 [자료=한국거래소 / 사진=네이버 증권] 엔젯(419080)이 장중 상한가를 기록 중이다. 10일... 회사 측에 따르면 신규 AI SW는 고해상도 카메라 기반 영상 분석을 통해 유리기판 TGV(Through-Glass Via) 미세 결함을... ,,,normal_reviewed,normal,high,이미 사람이 감성분석용으로 검수한 정상 콘텐츠
"데니그리스 사과식초 솔직후기 남겨요 살 빼려고 데니그리스 사과식초 먹어봤거든요 데니그리스 사과식초가 다이어트에 효과가 아예 없는건 아니었어요 다만, 데니그리스 사과식초 만으로는 원하는 체중까지 감량할 순...",,,normal_reviewed,normal,high,이미 사람이 감성분석용으로 검수한 정상 콘텐츠
"예약전송, 카카오 알림톡 발송 및 본인인증 등 기업 업무에 필수적인 주요 기능을 기본 제공해 업무 효율성을 대폭 높여준다. 또한, 카카오톡 채널 연동을 통해 고객사가 원하는 이미지로 노출이 가능하며, URL 또는...",,,normal_reviewed,normal,high,이미 사람이 감성분석용으로 검수한 정상 콘텐츠
"때의 <b>환불</b> 조건까지 몰라 손해를 보기도 하죠. 오늘 이 글 하나로 구글 플레이 기프트카드의 올바른 사용법부터 아이폰 우회 등록 팁, 로블록스 적용법, 그리고 각종 결제 오류 해결책까지 완벽하게 정리해...",,,normal_reviewed,normal,high,이미 사람이 감성분석용으로 검수한 정상 콘텐츠
v=m9HvPv-ybBg https://www.youtube.com/watch?v=JlDQ6A3jZf4 후원: https://blog.naver.com/lightandglory https://cafe.daum.net/heavenissoreal/SKWa/3826 Glynda...,,,normal_reviewed,normal,high,이미 사람이 감성분석용으로 검수한 정상 콘텐츠
자기소개서 컨설팅·첨삭·대필은 아래 카카오톡 상담하기를 통해 편하게 연락 주세요. https://pf.kakao.com/_yAxeCT [자소서 합격후기 및 문의하기 클릭] https://pf.kakao.com/_yAxeCT,,,normal_reviewed,normal,high,이미 사람이 감성분석용으로 검수한 정상 콘텐츠
"가능한 일 📌롯데택배, 로젠택배, 우체국택배 · 26.08.14.(금) ~ 17.(월) **8월 13일부터 신선/냉동식품 집화 중단 18일(화)부터 배송 순차 재개 롯데웰푸드 📌쿠팡, 마켓컬리 · 정상 배송 📌반값 택배(알뜰택배) · 자체 배송망을 이용하는 '반값 택배(알뜰 택배)' 역시 수거 및 배송이 가능 예정 📌해외배송 · EMS, UPS...",,,normal_reviewed,normal,high,이미 사람이 감성분석용으로 검수한 정상 콘텐츠
"여부는 통신망, 사업자 유심 조건, 단말 호환, 가입 심사를 따로 확인해야 합니다. 유심 조건을 맞췄다면 신청 경로를 선택하세요 망과 제품을 정했다면 개통 페이지에서 진행하거나 카카오톡채널에서 준비 항목을 확인할 수 있습니다. 개통하기카카오톡채널 유심 형태·통신망·단말 조건을 차례로 대조한 뒤 신청...",,,normal_reviewed,normal,high,이미 사람이 감성분석용으로 검수한 정상 콘텐츠
"상대방의 과도한 재산분할 요구를 막고 위자료까지 인정받을 수 있습니다. [1:1 변호사 문의] *** **** **** *부재 시 문자 남겨주시길 바랍니다. [카카오톡 문의] 이완석 변호사 당신의 든든한 법률파트너, 전문 경험으로 결과를 증명하는 형사전문 이완석 변호사입니다. pf.kakao.com 형사전문 이완석 변호사 법원이...",,,normal_reviewed,normal,high,이미 사람이 감성분석용으로 검수한 정상 콘텐츠
신청은 오는 14일 오전 9시부터 26일 오후 6시까지 네이버폼을 통해 접수하며 최종 수강생은 8월 28일 선정 발표 후 9월 8일부터 강좌별로 개강한다. 자세한 내용은 대전문화재단 누리집 공지사항에서 확인할 수 있으며...,,,normal_reviewed,normal,high,이미 사람이 감성분석용으로 검수한 정상 콘텐츠
com/f-e/cafes/15724392/menus/23 ---------------------------------------------------------- 립글로즈랑 핸드크림 선물 받았지용 올리브영에 학원가기전에 가고 학원 끝나고 가서 아주 신중히 골랐다고 어제 엄청 뿌뜻해 하면서...,,,normal_reviewed,normal,high,이미 사람이 감성분석용으로 검수한 정상 콘텐츠
"※ 이 포스팅은 쿠팡 파트너스 활동의 일환으로, 이에 따른 일정액의 수수료를 제공받습니다. 안녕하세요, 여러분! 2026년에도 여전히 뜨거운 감자, '트럼프 행정명령 서명'에 대해 알아볼 시간이에요. 미국...",,,normal_reviewed,normal,high,이미 사람이 감성분석용으로 검수한 정상 콘텐츠
"유망 중소기업 20개사 상품 무료 판매 방송 동그라미별표 돈 뿌리며 납치 방치해놓고 &#34;일부의 일탈&#34;…쿠팡의 '눈 가리고 아웅' 애경산업, 가정폭력 예방의 날 맞아 피해자 보호시설 지원 영하 25도서 로봇이 척척..",,,normal_reviewed,normal,high,이미 사람이 감성분석용으로 검수한 정상 콘텐츠
"취소 즉, <b>환불</b> 하신 분들은 등급이 토익 스타터로 변경되며 카페 동영상 및 자료등을...오차거나, 동명이인의 오차이므로 <b>카카오</b>톡: 두남자토익으로 문의 주시면 확인...",,,normal_reviewed,normal,high,이미 사람이 감성분석용으로 검수한 정상 콘텐츠
무신사가 매일의 패션 트렌드 변화를 일자별 데이터로 축적해 선보이는 ‘급상승 일간 랭킹 아카이브’ 서비스를 개시한다. 무신사는 국내 패션 커머스 업계 최초로 소비자의 구매 및 활동 데이터를 기반으로 한 일간...,,,normal_reviewed,normal,high,이미 사람이 감성분석용으로 검수한 정상 콘텐츠
"""이 포스팅은 쿠팡 파트너스 활동의 일환으로, 이에 따른 일정액의 수수료를 제공받습니다."" 안녕하세요 랩싱맘입니다. 요즘 저희 집에는 믿기지 않는 풍경이 매일 펼쳐지고 있어요. 제가 ""공부해라"", ""책 펴라...",,,normal_reviewed,normal,high,이미 사람이 감성분석용으로 검수한 정상 콘텐츠
고양 스크린골프매장인테리어 운영동선 고객 흐름과 직원 관리 편의를 반영한 배치 전략 스크린골프매장인테리어 운영동선 골프존파크 부스공사 비용 구성 이해하기 골프존파크 부스공사 비용을 효과적으로 절감하려면...,,,normal_reviewed,normal,high,이미 사람이 감성분석용으로 검수한 정상 콘텐츠
"또한, 해당 계좌에 있던 종목 가운데 네이버와 LG씨엔에스 등은 4일 정부가 지원하는 국가대표 AI 사업 참여... 보좌진 갑질러인가&quot;라고 지적했다. 이어 &quot;이 의원님 무엇이 맞느냐. 차명인가 갑질인가&quot;라며 &quot;이재명 정부의... ",,,normal_reviewed,normal,high,이미 사람이 감성분석용으로 검수한 정상 콘텐츠
"를 통해 데뷔한 김규원은 신인답지 않은 연기력으로 'MZ 할아버지'라는 고유 캐릭터를 구축했습니다. 아쉽게도 프로그램이 1쿼터 만에 종영했지만, 그의 진가는 쿠팡플레이 'SNL 코리아' 리부트 시리즈를 통해 폭발했습니다. 2024년 시즌 5에 크루로 발탁된 그는 데뷔 1년도 채 되지 않은 시점에 합류하며 역대 최단기...",,,normal_reviewed,normal,high,이미 사람이 감성분석용으로 검수한 정상 콘텐츠
앞서 아홉의 멤버 스티븐과 즈언은 지난 14일 대구 삼성라이온즈파크에서 열린 ‘2026 신한 SOL뱅크 KBO리그’ 삼성 라이온즈와 SSG 랜더스의 경기에 각각 시구자와 시타자로 초청돼 마운드에 올랐다. 두 멤버는 시구와 시타... ,,,normal_reviewed,normal,high,이미 사람이 감성분석용으로 검수한 정상 콘텐츠
"현재 김 의원은 △공천 헌금 △차남 숭실대 편입 개입 △쿠팡 상대 전직 보좌관 인사 불이익 청탁 △장남... 경찰은 쿠팡 개인정보 유출 의혹과 관련해서도 수사를 이어가고 있다고 밝혔다. 서울청 관계자는 ""해외에 체류...",,,normal_reviewed,normal,high,이미 사람이 감성분석용으로 검수한 정상 콘텐츠
포인트 (1~5번 경기) ​ ​1경기 [두산 vs 한화]: 잠실에서의 맞대결! 최근 타선의 흐름과 선발 투수의 조기 안정감이 승패를 가를 핵심 포인트입니다. ​ ​2경기 [SSG vs 롯데]: 타격전 양상이 자주 나오는 대결입니다. 홈런 타선의 폭발력 및 불펜 소모도가 변수가 될 것입니다. ​ ​3경기 [KIA vs 삼성]: 기아챔피언스필드에서...,,,normal_reviewed,normal,high,이미 사람이 감성분석용으로 검수한 정상 콘텐츠
환불은 개발사가 직접 진행하지 못한다. 클로버게임즈는 법원에 파산 신청이 접수된 상태여서 자체 환불... [사진=클로버게임즈 홈페이지 캡처] 클로버게임즈가 제작·배급하고 있는 게임 '헤븐헬즈' 네이버 공식 라운지... ,,,normal_reviewed,normal,high,이미 사람이 감성분석용으로 검수한 정상 콘텐츠
- 네이버 쇼핑 인기상품 - 쿠팡 베스트 - 11번가 베스트 - G마켓 인기상품 - 옥션 인기상품 이러한 플랫폼에서는 현재 소비자가 많이 구매하는 상품을 쉽게 확인할 수 있어 시장 트렌드를 파악하는 데 도움이...,,,normal_reviewed,normal,high,이미 사람이 감성분석용으로 검수한 정상 콘텐츠
워터프루프X) [대용량]식물나라 페이스 앤 바디 저자극 선 크림 150ml | <b>올리브영</b> 대한민국 NO.1 헬스&amp;뷰티 스토어 OLIVEYOUNG www.oliveyoung.co.kr 순하고...ㅂㄹ여서 다시는 안살거같고(개비추) 팬톤은 갑자기 무슨 문제 생겼다고 <b>환불</b>해준다고 해서 여행 몇 달 전에 보내버림.... 그래서 면세에서 새로 샀당...,,,normal_reviewed,normal,high,이미 사람이 감성분석용으로 검수한 정상 콘텐츠
"공정거래위원회는 쿠팡, 네이버, 컬리, 에스에스지닷컴, 지마켓, 십일번가, 놀유니버스 등 7개 주요 오픈마켓... 및 환불 관련 불이익, 이용자에게 불리한 기타 불공정 약관 등이다. 국내 전자상거래 거래규모가 2023년... ",,,normal_reviewed,normal,high,이미 사람이 감성분석용으로 검수한 정상 콘텐츠
"2024 ‘윤석열즉각퇴진·사회대개혁 비상행동’ 활동 윤석열 정부 2년 감사원 보고서 발표 쿠팡, 카카오모빌리티 공정위 제재·과징금 부과 결정 팔레스타인과 연대하는 한국 시민사회 긴급행동 활동 사진 설명...",,,normal_reviewed,normal,high,이미 사람이 감성분석용으로 검수한 정상 콘텐츠
"한편 한양사이버대는 신·편입생 2차 모집을 오는 8월 20일까지 진행하고 있다. 자세한 내용은 입학지원센터 홈페이지를 통해 확인할 수 있으며, 전화 또는 카카오톡 채널을 통해서도 문의할 수 있다.",,,normal_reviewed,normal,high,이미 사람이 감성분석용으로 검수한 정상 콘텐츠
"권력형 <b>갑질</b>’ 논란 🔘 HJ중공업, 1,055.68억원 규모 공급계약(의정부역2구역 재개발정비사업 공사) 체결 🔘 넥써쓰, 2분기 연속 영업흑자···비트코인 30억원어치 매입 🔘 티쓰리(204610) 소폭 상승세 +4.55%, 외국계 매수 유입 ​ 🔘 폴라리스오피스, 한국도로공사와 AI 전자문서 시스템 구축 🔘 롯데웰푸드 2분기 영업이익...",,,normal_reviewed,normal,high,이미 사람이 감성분석용으로 검수한 정상 콘텐츠
B2C 시장에서는 카카오톡 선물하기가 95% 이상을 차지하는 것으로 알려져 있다. 반면 상품권 발행을 규율하던 상품권법은 IMF 외환위기 이후 규제 완화 기조 속에서 1999년 폐지됐다. 이후 누구나 별도 인허가 없이 상품권을...,,,normal_reviewed,normal,high,이미 사람이 감성분석용으로 검수한 정상 콘텐츠
이 일화가 알려지자 A씨가 언급한 개그맨이 현재 쿠팡플레이 'SNL 코리아'와 JTBC '아파트'에 출연 중인... 이후 쿠팡플레이 'SNL 코리아' 시즌5에 신입 크루로 합류하면서 '규카츠' 등 다양한 부캐릭터로 눈도장을...,,,normal_reviewed,normal,high,이미 사람이 감성분석용으로 검수한 정상 콘텐츠
"현재 진행중인 쿠팡 소송 중 1차는 인원이 많고 청구금액이 많아... 이번 예정된 2차 소송 첫 재판까지도 쿠팡은 구체적인 답변서를... 대리인단에서는 쿠팡측에 개인정보 유출경위 및 원고들 개인정보 유출 범위, 쿠팡의...",,,normal_reviewed,normal,high,이미 사람이 감성분석용으로 검수한 정상 콘텐츠
복권위는 전국 로또 판매점의 실시간 영업정보를 네이버지도와 카카오맵을 통해 제공한다. 판매점 매출을 늘리기 위해 기업 경품용 연금복권교환권도 시범 도입한다. 교환권은 5000원 이하의 소액으로 발행하고 청소년...,,,normal_reviewed,normal,high,이미 사람이 감성분석용으로 검수한 정상 콘텐츠
"소주병을 이용한 폭행과 신체 위협 혐의 음주 운전 중 사고 유발로 인한 상해 논란 이 포스팅은 쿠팡 파트너스 활동의 일환으로, 이에 따른 일정액의 수수료를 제공받습니다. 소속사 페이블컴퍼니의 공식 대응은..",,,normal_reviewed,normal,high,이미 사람이 감성분석용으로 검수한 정상 콘텐츠
"LG, SSG 롯데, 기아 삼성, 샬럿 파추카, 신시내티 클루브아틀라스, 볼리바르 상파울르, 에스투디안테스 우니베르시다드 카톨리카, 미네소타 아틀란테, 레알솔트레이크 후아레스, 티그레스 밴쿠버 화이트캡스, 헬싱보리...",,,normal_reviewed,normal,high,이미 사람이 감성분석용으로 검수한 정상 콘텐츠
선포했습니다. 위 이미지는 생성형 AI 를 활용해 제작되었습니다 콜롬비아 규모 7.4 지진으로 111명 사망··국가..,,,normal_reviewed,normal,high,이미 사람이 감성분석용으로 검수한 정상 콘텐츠
언제든 편하게 쇼룸을 방문하셔서 진정한 휴식의 가치를 느껴보시길 바랍니다. #울산가구단지 #가구11번가 #침대프레임 #매트리스추천 #호텔형침대 #침실인테리어 #신혼가구,,,normal_reviewed,normal,high,이미 사람이 감성분석용으로 검수한 정상 콘텐츠
"본 게시물은 무신사 큐레이터 활동으로 인한 수수료를 지급받습니다 ​ ​ “카키 컬러 백팩을 좋아한다면 로고 하나만으로도 분위기가 확실하게 살아나는 디자인이에요.” 안녕하세요 :) 오늘 눈여겨본 제품은 베이프 스타 코듀라 데이팩 OLIVEDRAB 컬러예요. 무신사 화면에서 확인되는 판매 가격은 ​365,000원으로, 베이프...",,,normal_reviewed,normal,high,이미 사람이 감성분석용으로 검수한 정상 콘텐츠
"6종 재검사 착수, 이미나 기자, 경제 www.hankyung.com ​ ​ #2080치약 #치약회수 #치약<b>리콜</b> #트리클로산 #애경산업 #식약처 #생활정보 #소비자주의 #환불방법 #<b>올리브영</b> #2080 베이직치약 #2080 데일리케어치약 #2080 스마트케어플러스치약 #2080 클래식케어치약 #2080 트리플이펙트 알파 후레쉬치약 #2080 트리플이펙트...",,,normal_reviewed,normal,high,이미 사람이 감성분석용으로 검수한 정상 콘텐츠
광고업계에서는 이를 대표적인 광고 어뷰징 사례로 보고 있다. https://n.news.naver.com/mnews/article/018/0006349173?sid=105 [단독]“쿠팡이 왜 떠?”…‘납치광고...,,,normal_reviewed,normal,high,이미 사람이 감성분석용으로 검수한 정상 콘텐츠
상품명 검색해서 최저가를 다 둘러보고 사는 편인데요! 요즘 계절 바뀌면서 입을 옷 둘러보다가 사고 싶은게 생겨서 가격 비교를 해보고 있었거든요 그러다 에이블리에서 진행하는 최저가 챌린지 혜택이랑 도착보장 프로모션을 알게 됐어요! 다른 플랫폼이나 오픈마켓 다 찾아봐도 결국 에이블리에서 최저가 보장 할인가..,,,normal_reviewed,normal,high,이미 사람이 감성분석용으로 검수한 정상 콘텐츠
7월 23일자로 리콜 대상 떴는데 저는 쿠팡에서 주문해서 연락이 늦은건지 오늘 연락왔네요.. 아이주 국산제조라서 이용하시는 분들 많을텐데 우비만 해당된다니 참고하세요 *[우비(투명창)부분만 해당],,,normal_reviewed,normal,high,이미 사람이 감성분석용으로 검수한 정상 콘텐츠
권력에 대한 수사가 부실해질 수 있다는 지적에 김 의원은 “예전에는 검찰한테 다 권력이 모여 있으니까 예컨대 윤석열에 대한 김건희 주가조작 수사도 안 하고 덮고 쿠팡 노동자 퇴직금도 무혐의로 덮어버리는 것들이...,,,normal_reviewed,normal,high,이미 사람이 감성분석용으로 검수한 정상 콘텐츠
무신사에서 모자 하나 사야겠어요 ^^,,,normal_reviewed,normal,high,이미 사람이 감성분석용으로 검수한 정상 콘텐츠
그 무렵 김민석 총리가 방미해 JD 밴스 부통령를 만났을때 밴스 부통령은 쿠팡 사태와 함께 한국의 종교 자유 문제로 손현보 목사 건을 언급한 것으로 알려졌다. 주한...,,,normal_reviewed,normal,high,이미 사람이 감성분석용으로 검수한 정상 콘텐츠
心 <b>해킹</b>) 샬롬.주님안에서 평안하신지요?본 게시글에는부족하고 어리석고 허물이 많은 자의 뇌피셜이 포함되어 있습니다.다양한 기호 해석이 있을 수 있습니다.이 글을...,,,normal_reviewed,normal,high,이미 사람이 감성분석용으로 검수한 정상 콘텐츠
"쿠팡이 미국과 일본, 홍콩 등에서 로켓직구로 판매하는 브랜드를 늘리고 있다. 올해 새로 입점한 글로벌 브랜드만 600개를 넘어섰다. 건강식품과 가공식품부터 뷰티, 패션, 생활용품까지 판매 품목도 다양해졌다. 쿠팡은...",,,normal_reviewed,normal,high,이미 사람이 감성분석용으로 검수한 정상 콘텐츠
칭구 빌려줬다가 얼결에 영업해버림 ​ 푸딩팟 처음 나왔을 때 제형때문에 <b>리콜</b>이 한번 있었는데 제형 차이는 어쩔 수 없이 조금씩 있는 것 같음 제가 원래 갖고...1+1일때 쟁이자 ​ 퓌 립앤치크 블러리 푸딩팟 어워즈 기획/단품 (+한정컬러 본품증정) | <b>올리브영</b> 대한민국 NO.1 헬스&amp;뷰티 스토어 OLIVEYOUNG oy.run...,,,normal_reviewed,normal,high,이미 사람이 감성분석용으로 검수한 정상 콘텐츠
"하드웨어 <b>결함</b>인지 확인하는 정밀 진단법 볼륨 버튼이 물리적으로 눌리지 않는 느낌이 들거나 화면의 음량 바가 전혀 움직이지 않는다면, 하드웨어가 아닌 운영체제의 명령 처리 지연을 의심해야 합니다. 단순한...",,,normal_reviewed,normal,high,이미 사람이 감성분석용으로 검수한 정상 콘텐츠
"줄 알았습니다 엄마가 쭈삼한다고 돼지 한 마리를 넣은 사건 이름은 쭈삼인데 제육볶음에 쭈꾸미 토핑이랄까.. [오봉집] 주꾸미 볶음 2종 (택1) - 마켓컬리 오차 없이 구현한 매장의 맛 - Better Life for All. 건강한 식재료부터 믿을 수 있는 뷰티, 라이프스타일 상품까지. 나와 내 가족이 사고 싶은 상품을 판매..",,,normal_reviewed,normal,high,이미 사람이 감성분석용으로 검수한 정상 콘텐츠
"쿠팡이 미국과 일본, 홍콩 등 현지 인기 브랜드를 잇달아 확보하며 로켓직구 상품군을 확대하고 있다. 쿠팡은 올해 들어 현재까지 로켓직구에 새롭게 입점한 글로벌 브랜드가 600개를 넘어섰다고 10일 밝혔다. 쿠팡은...",,,normal_reviewed,normal,high,이미 사람이 감성분석용으로 검수한 정상 콘텐츠
저는 너무 만족스러워서 다른 버전도 구매해보려구요! 추천합니다~~ #바노바기마스크팩 #바노바기 #리프레싱 #마스크팩 #올리브영마스크팩 #올리브영 #피부진정 #진정,,,normal_reviewed,normal,high,이미 사람이 감성분석용으로 검수한 정상 콘텐츠
1 + + 등급 초신선 조건이 괜찮게 보여서 참고하시라고 올려봅니다. 직접 써보면 더 좋다는 바로 그 '1 초신선'! '+ +' 장점이 돋보이는 제품입니다. 1원 기준이면 꽤 괜찮은 조건으로 보입니다. 마음에...,,,normal_reviewed,normal,high,이미 사람이 감성분석용으로 검수한 정상 콘텐츠
GS25와 CU가 쿠팡이츠를 통해 24시간 배달에 나선 데 이어 세븐일레븐도 쿠팡이츠에 합류했다. 배달의민족 등 기존 플랫폼과의 협력까지 확대하면서 전국 편의점 점포가 근거리 장보기 수요를 잡기 위한 ‘도심형...,,,normal_reviewed,normal,high,이미 사람이 감성분석용으로 검수한 정상 콘텐츠
#내돈내산 #일리윤 #히알루론모이스춰 #수분크림 #상품리뷰 #쿠팡로켓 #환절기피부관리 #피부속당김 #촉촉한피부 #기초화장품추천 #가성비크림 #올리브영수분크림 #지성피부크림 #복합성피부관리 #민감성피부화장품 #데일리수분크림 #젤크림추천 #속건조해결 #수분충전 #화장품내돈내산 #뷰티블로그 #피부진정 #데일리..,,,normal_reviewed,normal,high,이미 사람이 감성분석용으로 검수한 정상 콘텐츠
"지난 7월 24일 잠실 삼성전. 불과 2⅔이닝 동안 무려 7피안타 10실점(4자책). 팬들은 두 눈을 의심했습니다. 여파는 다음 경기까지 이어졌죠. 30일 SSG전에서는 사사구를 5개나 남발하며 5이닝도 채우지 못하고 강판당했습니다. 어린 투수 특유의 체력 저하와 단기간에 쌓인 피로도가 한꺼번에 터져버린, 그야말로..",,,normal_reviewed,normal,high,이미 사람이 감성분석용으로 검수한 정상 콘텐츠
"명절 선물은 현대 사회에서 단순한 의례적 관행을 초월하여, 발신자의 세련된 감각과 수신자에 대한 깊은 이해도를 전달하는 고도의 커뮤니케이션 수단으로 자리 잡았어요. 특히 경제적 인플레이션 장기화와...",,,normal_reviewed,normal,high,이미 사람이 감성분석용으로 검수한 정상 콘텐츠
"그러나 피해 여성은 최근 본인에게 보낸 카카오톡에서 **“선배라는 존재도 실체가 있는 것인지, 진짜인지 아닌지 생각이 왔다 갔다 한다”**는 취지로 표현하였습니다. 피해 여성은 현재까지 동거남이 말해 온...",,,normal_reviewed,normal,high,이미 사람이 감성분석용으로 검수한 정상 콘텐츠
아냐”…ICAO 규정 어긴 회의록 내용 “16년 둔덕 방치 덮으려 ‘유족 핑계’ 대며 무리한 편파 조사” 쿠팡사태 이은 美 기업 옥죄기…통상 보복 부르는 정부 무능 ▲항공철도사고조사위원회 GI 무안국제공항...,,,normal_reviewed,normal,high,이미 사람이 감성분석용으로 검수한 정상 콘텐츠
"청량한 비키니 패션 화제 올여름 주목! 이소민 치어리더, 청량한 비키니 패션 화제 기아 타이거즈 신입 치어리더 이소민이 올여름 또.. blog.naver.com SSG 안지현 치어리더, 비키니 휴가룩 공개…반전 몸매에 시선 집중 SSG 안지현 치어리더, 비키니 휴가룩 공개…반전 몸매에 시선 집중 응원석에서 누구보다 밝은..",,,normal_reviewed,normal,high,이미 사람이 감성분석용으로 검수한 정상 콘텐츠
"입장에서는 만족스럽지 않을 수가 없었답니다. 배변 훈련을 시작하는 아이들이나 실내 냄새 때문에 고민인 집사분들에게는 더할 나위 없는 아이템이에요. 쿠팡로켓 배송으로 빠르게 받아보니 마음이 편해요, 구매 꿀팁과 총평 사실 처음에 사기 전에는 냄새를 얼마나 잘 잡아줄지 반신반의했는데 막상 써보니 집안...",,,normal_reviewed,normal,high,이미 사람이 감성분석용으로 검수한 정상 콘텐츠
"얼마 전 쿠팡에서 온 개인정보 유출 안내 문자, 다들 받아보셨을... 그런데 최근 소비자분쟁조정위원회가 쿠팡에 1인당 10만원을... ▶대상자 바로 확인하기◀ 쿠팡 개인정보 유출 배상금 10만원 결정 배경...",,,normal_reviewed,normal,high,이미 사람이 감성분석용으로 검수한 정상 콘텐츠
"투명한 검증을 통해 사실과 의혹을 명확하게 구분하는 것, 그것이 선거관리 시스템에 대한 국민 신뢰를 회복하는 출발점이 될 것으로 보인다. 카카오톡 기사제보 바로가기 ↓ http://pf.kakao.com/_DEXxen/chat",,,normal_reviewed,normal,high,이미 사람이 감성분석용으로 검수한 정상 콘텐츠
"사이트가 <b>해킹</b>을 당하거나 데이터가 유출될 경우 그대로 피해를 입습니다. 특히 여러 사이트에서 동일한 아이디와 비밀번호를 사용한다면, 연쇄 피해(크리덴셜 스터핑2)로 이어질 수 있습니다. 주요 기능 4가지 1...",,,normal_reviewed,normal,high,이미 사람이 감성분석용으로 검수한 정상 콘텐츠
거래 차단 이후에는 카카오톡으로 긴급 알림메시지를 발송하고 전담직원이 고객에게 직접 전화해 위험성을 안내한다. 사기 피해가 의심될 경우 경찰 신고 절차도 안내한다. 하나은행은 이 같은 대응체계를 적용한...,,,normal_reviewed,normal,high,이미 사람이 감성분석용으로 검수한 정상 콘텐츠
"지난달 구글 MAU 4,702만 명 기록하며 네이버 추월 2021년 통계 집계 이래 최초… AI 검색 및 제미나이 영향 챗GPT 이용자 급증… 다음(Daum) 대비 2.6배 규모 격차 ■ 모바일 시장 지형 변화… 구글, 통계 집계...",,,normal_reviewed,normal,high,이미 사람이 감성분석용으로 검수한 정상 콘텐츠
29일 2차 파업을 앞둔 카카오 내부에서 노조 집행부에 대한 불만이 커지고 있다. 카카오 본사의 임금 협상보다... 일부 직원들은 파업으로 인한 주가 하락을 걱정하기도 했다. 또 다른 본사 직원은 &quot;최근 주식 호황장에도 우리... ,,,normal_reviewed,normal,high,이미 사람이 감성분석용으로 검수한 정상 콘텐츠
무신사로블록스도해서 예약하고 12시입장~~ 아이들 눈돌아가네요~~ 게임체험도 하구~~ 아이템도사고 체험후 사은품도받고 티니핑팝업도가고 블루엘리펀트안경도 보고 29cm 구경하고 토이스토리도보구~~ 신기한게..,,,normal_reviewed,normal,high,이미 사람이 감성분석용으로 검수한 정상 콘텐츠
엔진 <b>결함</b>으로 회항한 사실이 확인됐습니다. 2시간 넘게 상공을 선회하며 승객들이 불안에 떨었지만 다행히 안전하게 착륙했습니다. ■ 경기 포천에서 16개월 여아가 숨진 사건과 관련해 경찰이 아동학대 살해 혐의로 친모와 계부를 긴급 체포했습니다. 국과수 1차 부검에서 외상성 쇼크 정황이 확인됐습니다. ■ 국내...,,,normal_reviewed,normal,high,이미 사람이 감성분석용으로 검수한 정상 콘텐츠
"올리브영과 쿠팡에서 구매할 수 있는 제품 위주로 수시로 업데이트하고 있으니, 필요하신 분들은 함께 확인해보세요. 회원 비회원 모두 확인가능합니다~!! 요즘 인기 있는 뷰티 꿀템 모음 https://cafe.naver.com/olyounglounge...",,,normal_reviewed,normal,high,이미 사람이 감성분석용으로 검수한 정상 콘텐츠
오늘도 가슴뛰는 하루 보내고 계신가요 핫체 하려고 몬스터 마셨는데 헬장까지 걸어가기-30분♀️ 매일루틴-복근-10세트 플레이트할로우-5세트 덤벨루레이즈-5세트 시티드사레레+사레레-5세트 원암프레레-5세트 뒤레레...,,,normal_reviewed,normal,high,이미 사람이 감성분석용으로 검수한 정상 콘텐츠
그 때문에 바빠 죽겄는데 가격을 계속 수정하느라 시간 다 버리네요 쿠팡에 문의해 보니 시스템 오류인 것 같다고 하는데 시간 버려서 죽겄습니다. 참고로 상표권등록이 되어 있어서 타사랑은 매칭이 거의 안됩니다.,,,normal_reviewed,normal,high,이미 사람이 감성분석용으로 검수한 정상 콘텐츠
친구가 갸 팬이라...ㅋㅋㅋㅋㅋㅋ 지난번에는 문학 가서 응원했으니 이번엔 챔피언스필드도 가자구해서 KTX랑 숙소까지 예약완료했어요!!!!!!!!!! 근ㄷㅔ 문제는 티켓이.... 있으려나 몰라요ㅠ_ㅠ 좌석이나 맛집 같은 꿀팁...,,,normal_reviewed,normal,high,이미 사람이 감성분석용으로 검수한 정상 콘텐츠
"챔프커피 50억 -성수역(2호선) 3번출구에서 도보 약 6분거리에 위치 -성수이로 중대로변에서도 가시성이 탁월함 -건물 앞 사거리가 위치해 접근성 좋음 -인근 무신사, 크래프톤사옥,젠틀몬스터사고...",,,normal_reviewed,normal,high,이미 사람이 감성분석용으로 검수한 정상 콘텐츠
"|중앙이코노미뉴스 김영진 기자|출처=네이버페이 증권 7일 오전 10시 5분 기준, 네이버페이 증권에 따르면 한미반도체는 8월 7일 장중 196,500원에 거래되고 있으며, 지난 종가 200,500원 대비 4,000원 하락한 2.00...",,,normal_reviewed,normal,high,이미 사람이 감성분석용으로 검수한 정상 콘텐츠
"웍스가 갈라선 뒤 여러 대기업들이 호카 총판에 관심을 기울이고 있다는 보도가 쏟아져 나왔습니다. 무신사는 공개적으로 호카 판권에 관심을 가지고 있다고 밝히기도 했고요. 이외에도 신세계인터내셔날, 이랜드...",,,normal_reviewed,normal,high,이미 사람이 감성분석용으로 검수한 정상 콘텐츠
"네이버웹툰, 네이버시리즈, 레진코믹스, 리디, 문피아, 카카오웹툰, 카카오페이지 같은 플랫폼에서 웹툰·웹소설을 찾을 수 있다. 문제는 유료로 웹툰·웹소설을 이용하는 독자가 많아지면서 환불 관련 피해나 서비스...",,,normal_reviewed,normal,high,이미 사람이 감성분석용으로 검수한 정상 콘텐츠
"신제품은 쿠팡 등 온라인 판매처와 대형마트에서 순차적으로 판매된다. 삼립 관계자는 ""최근 가정에서 간편하면서도 근사한 한 끼를 즐기는 홈쿡 문화가 확산되고 있다""며 ""탕종 또띠아는 아이들 간식부터 브런치...",,,normal_reviewed,normal,high,이미 사람이 감성분석용으로 검수한 정상 콘텐츠
쿠팡이츠에서 주문 당시 사용할 수 있는 쿠폰도 있어서 할인받아 조금 더 부담없는 가격이었어요. * 난 종류나 추가메뉴에 따라서 가격은 선택한 것에 따라 달라질 수 있어요. 가장 기대했던 치킨 마크니는 진한...,,,normal_reviewed,normal,high,이미 사람이 감성분석용으로 검수한 정상 콘텐츠
"전산학부에서 공부했고, 인공지능(AI) 분야 공부도 이어온 것으로 알려졌는데요. 쿠팡플레이 ‘대학전쟁’을 통해 대중에게 얼굴을 알린 뒤 웨이브 ‘피의 게임3’ 등 다양한 예능에 출연하며 인지도를 높였습니다.",,,normal_reviewed,normal,high,이미 사람이 감성분석용으로 검수한 정상 콘텐츠
싶은 결함과 숨기고 싶은 치부를 벌레의 형상 등으로 가만히 그려내고 또 직면하는 이유나 작가의 작품을... 글은 전시 개막 이후 오브오브젝트 홈페이지(https://ofob-ject.myportfolio.com/) 및 바움아트스페이스 네이버... ,,,normal_reviewed,normal,high,이미 사람이 감성분석용으로 검수한 정상 콘텐츠
canaan03016(★팔로우필수★) * 가나안신협 블로그: https://blog.naver.com/canaan03016 가나안신협 : 네이버 블로그 당신의 모든 기록을 담는 공간 blog.naver.com,,,normal_reviewed,normal,high,이미 사람이 감성분석용으로 검수한 정상 콘텐츠
"검색을 해봐도 단순히 인터넷에 불만 몇 개 올라왔다 수준으로 치부하기 어려운 상황&#34;이라고 밝혔다.  쿠팡의 경우 관련 불만이 0건에서 1~2건 정도로 드문 반면, 컬리는 상품 변질, 상항 상품, 배송 중 품질...",,,normal_reviewed,normal,high,이미 사람이 감성분석용으로 검수한 정상 콘텐츠
"(쿠팡·컬리·SSG 등) 편의점 알뜰/반값택배 8월 12일(수) 신선식품... 쿠팡, 마켓컬리, SSG 365일 배송의 비밀 모든 택배가 다 멈추는 것은... ♂️ 자체 물류망을 사용하는 쿠팡, 마켓컬리, SSG 등은 연휴 기간에도...",,,normal_reviewed,normal,high,이미 사람이 감성분석용으로 검수한 정상 콘텐츠
오늘 오전 9시 기준 쿠팡을 상대로 한 집단소송을 준비하는 네이버 카페는 30여 개로 회원 수는 50만 명을 넘습니다. 네이버 카페 중 두 곳의 회원 수는 각각 약 14만 명에 이릅니다. 이와 별개로 법적 대응을 검토하기 위한... ,,,normal_reviewed,normal,high,이미 사람이 감성분석용으로 검수한 정상 콘텐츠
튜브 쿠팡에서 장만했다. 펄이 가득들어있는게 이삐다~~ 캠핑만... 물놀이 후 쿠팡에서 산 뒷고기 구웠다. 캠핑오기 전 아무리 찾아봐도... 쿠팡에서 받는거 없음요 ... 내돈내산 남은 뒷고기에 크림부워서...,,,normal_reviewed,normal,high,이미 사람이 감성분석용으로 검수한 정상 콘텐츠
불스원샷 차량용 방석 사용해 보신 분 있으신가요? 매일 장거리 출퇴근으로 엉덩이와 허리가 뽀사질 것 같아서 방석을 사보려고 하는데 생각보다 가격이 있어서 후기가 궁금합니다. 아래 제품 사용해 보신 분 있으실까요?...,,,normal_reviewed,normal,high,이미 사람이 감성분석용으로 검수한 정상 콘텐츠
"배럴 공식몰과 무신사에서 단독으로 판매됩니다. 재미있는 구매... 무신사 구매와는 혜택이 다를 수 있으니 사발면 증정까지 원한다면... 공식몰·무신사 예약판매, 9월 10일부터 순차 배송 배럴 공식몰 구매 시...",,,normal_reviewed,normal,high,이미 사람이 감성분석용으로 검수한 정상 콘텐츠
"수정했습니다. <b>무신사</b>도 문제 게시물을 삭제하고 사과문을 냈습니다. 반면 타임스퀘어 광고 사례는 외부 광고대행사까지 포함된 사안이라, 사과는 했지만 “누가 책임지느냐”를 두고 <b>논란</b>이 더 길게 이어졌습니다 즉, 삭제·사과만으로 끝나는 경우도 있지만, 책임 주체가 불명확하면 <b>논란</b>이 더 커집니다. ​ 5·18 관련...",,,normal_reviewed,normal,high,이미 사람이 감성분석용으로 검수한 정상 콘텐츠
"요즘 올리브영에서 과자 구경하다 보면 처음보는 맛있어 보이는.. 내돈내산 총평 올리브영에서 새로운 과자 찾고 있다면 딜라이트.. 올리브영에서 과자 고르면서 달달한 게 당긴다면 캐러멜, 짭짤하고 고소한..",,,normal_reviewed,normal,high,이미 사람이 감성분석용으로 검수한 정상 콘텐츠
네이버 D2SF가 로봇과 인공지능(AI) 학습에 필요한 3D 데이터 인프라 기업에 다시 투자했다. 실제 환경에서... 네이버 D2SF는 피지컬 AI 데이터 스타트업 엔닷라이트에 후속 투자했다고 11일 밝혔다. 이번 투자 라운드는...,,,normal_reviewed,normal,high,이미 사람이 감성분석용으로 검수한 정상 콘텐츠
"카카오톡 긴급 알림, 전담직원 1대1 전화상담, 경찰 신고 안내도 병행한다. 하나은행은 전문인력 양성과 시스템 고도화를 이어가 금융사기 예방 체계를 강화할 계획이다. 사진=IBK기업은행 IBK기업은행은 서울특별시...",,,normal_reviewed,normal,high,이미 사람이 감성분석용으로 검수한 정상 콘텐츠
SSG가 9회 집중력을 폭발시키며 삼성 상대로 짜릿한 역전승을 거뒀다. SSG는 18일 대구삼성라이온즈파크에서 열린 삼성과 2026 KBO리그 경기에서 5-4로 승리했다. [서울=뉴스핌] SSG 김민준. [사진=SSG 랜더스] 2026.08.18..,,,normal_reviewed,normal,high,이미 사람이 감성분석용으로 검수한 정상 콘텐츠
이번 MLS 생중계에서 <b>쿠팡</b>과 스포티비가 보여준 <b>품질</b> 저하는 단순한 아쉬움이 아니라...밖에 없습니다. 결국 이번 MLS 중계 <b>논란</b>은 단순히&#34;화질이 아쉽다&#34;는 불평에...,,,normal_reviewed,normal,high,이미 사람이 감성분석용으로 검수한 정상 콘텐츠
"""이 포스팅은 쿠팡 파트너스 활동의 일환으로, 이에 따른 일정액의 수수료를 제공받습니다."" 끝까지 글 읽어주셔서 감사합니다. 글이 도움이 되었다면 댓글이랑 좋아요 부탁해요 ! #글쓰기로한달에100만원벌기...",,,normal_reviewed,normal,high,이미 사람이 감성분석용으로 검수한 정상 콘텐츠
"그 여파로 운영자금이 끊기면서 실제 영업중단까지 이어진 것입니다. 1장: 시대가 바뀐 죄 옛날엔 주말마다 가족이 카트 밀고 마트를 돌았죠. 지금은요? 쿠팡, 마켓컬리로 새벽에 문 앞까지 배송되니 굳이 나갈 이유가 줄었습니다. 여기에 매장 임차료, 인건비, 이자(금융비용)까지 계속 나가면서 홈플러스의 곳간은...",,,normal_reviewed,normal,high,이미 사람이 감성분석용으로 검수한 정상 콘텐츠
"쿠팡플레이 오리지널 시리즈 <지금 불륜이 아닙니다>는 100만 인플루언서 부부와 진흙탕 이혼 소송 중인 이웃집 의사 부부가 불륜조차 사소하게 만드는 감당 불가능한 비밀에 얽히며 폭주하는 연쇄 추돌 블랙 코미디 스릴러입니다. <살인자o난감>, <타인은 지옥이다>를 연출한 이창희 감독과 '오징어 게임' 제작사...",,,normal_reviewed,normal,high,이미 사람이 감성분석용으로 검수한 정상 콘텐츠
"정치 박동현 입력 : 2026.08.10 10:29 조회수 : 28 0 0 페이스북 트위터 카카오톡 URL복사 전국 3천558곳 중 1천971곳서 현장·최종 집계 차이 안성 611명 감소·부산 광안1동 785명 증가 합수본, 선거 종료 뒤...",,,normal_reviewed,normal,high,이미 사람이 감성분석용으로 검수한 정상 콘텐츠
이번에 쓰던 화장품들 새로 채워 넣으려고 서치하다가 에이블리... 오직 에이블리 단독! T1 뷰티 굿즈 & 클리어런스 모음 무엇보다 제일 눈에 띄었던 건 오직 에이블리에서만 단독으로 만날 수 있는 T1 뷰티...,,,normal_reviewed,normal,high,이미 사람이 감성분석용으로 검수한 정상 콘텐츠
"함께 되새기는 참여형 공연으로 꾸며질 예정이다. ​ ​ 공연은 오는 8월 22일 2회(14:00, 17:00)에 걸쳐 나주문화예술회관에서 열리며 예매는 8월 10일부터 네이버 예약을 통해 할 수 있고, 관람료는 전석 1만 원으로 나주 시민은 80% 할인된 금액으로 관람할 수 있다. ​ ​ 공연과 관련한 자세한 사항은 나주문화예술회관...",,,normal_reviewed,normal,high,이미 사람이 감성분석용으로 검수한 정상 콘텐츠
"훨씬 솔직하게 서로 속마음을 털어놓을 수 있는 체험형 심리전시가 있다고 해서 계속 눈여겨보고 있었거든요. 💓4233마음센터 단독특가 패션부터 뷰티까지, 에이블리 한 곳에서 스타일의 모든 것을 쇼핑하세요! applink.a-bly.com ​ 바로 4233마음센터라는 곳인데, 처음 연남동에 프리오픈했을 때 2주 만에 전 회차 매진될...",,,normal_reviewed,normal,high,이미 사람이 감성분석용으로 검수한 정상 콘텐츠
카카오 선물하기 실패하신분들참고 이것도 참고하세요!! 전화로 확인하고! 전 롯데마트에서 샀어요! 닌텐도 스위치 한국 커뮤니티 Copyright ⓒ Nintendo Switch Community All rights reserved....,,,normal_reviewed,normal,high,이미 사람이 감성분석용으로 검수한 정상 콘텐츠
"안녕하세요 패션 뷰티 블로거 7eenee입니다 오늘은 어제 미리 구매해놨던 메디힐 팩을 하려고 팩을 개봉했는데, 이렇게 빨간 형태의 무늬들이 팩 주변에 묻어있더라고요 저는 같은 라인인 메디힐 콜라겐 코어...",,,normal_reviewed,normal,high,이미 사람이 감성분석용으로 검수한 정상 콘텐츠
아니면 부상만 아니었다면 더 대단한 선수가 됐을 것이라는 아쉬움인가요? ​ #엄정욱 #엄정욱결혼 #엄정욱근황 #지안 #배우지안 #지안엄정욱 #SK와이번스 #SSG랜더스 #KBO #프로야구 #KBO강속구 #강속구투수 #160km #야구선수근황 #KBO레전드 #야구선수결혼 #스포츠스타 #연예인결혼 #야구이야기 #프로야구선수,,,normal_reviewed,normal,high,이미 사람이 감성분석용으로 검수한 정상 콘텐츠
"예를 들어, 투자 권유 메시지, 계약서, 송금 내역, 투자금 입출금 계좌, 투자처 정보, 코인 거래소 거래 내역, 관련 대화(카카오톡, 문자, 이메일) 등을 미리 준비하면 훨씬 구체적이고 현실적인 조언을 받을 수...",,,normal_reviewed,normal,high,이미 사람이 감성분석용으로 검수한 정상 콘텐츠
"하는데 <b>무신사</b> 조만호의 뚝심…초고가 시니어 주택 흥행 이끌어 <b>무신사</b> 조만호의 뚝심…초고가 시니어 주택 흥행 이끌어, &#39;소요한남 by 파르나스&#39; 청약 흥행...차이가? “메모리 비용 부담” 우려에…애플 장비공급株도 ‘울상’ 애플의 <b>주가</b>가 급락하자 애플에 주요 부품을 공급하는 국내 기업들도 덩달아 <b>하락</b> 전환...",,,normal_reviewed,normal,high,이미 사람이 감성분석용으로 검수한 정상 콘텐츠
"9050, 글카 인상, 아톰 라이센스, 주요 실적, 중국 DUV와 CXMT, 일본 지진, 애플 상황, 윈11 8GB 램, 쿠팡 배상, 키미 K3 오픈웨이트 라데온 RX 9050 등장. 그래픽카드 인상 AMD가 라데온 RX 9050을 발표했습니다...",,,normal_reviewed,normal,high,이미 사람이 감성분석용으로 검수한 정상 콘텐츠
마켓컬리 에서 그릭요거트 사야해서 컬리 둘러보다가 주문~ GS프레시 에서 연어 예약해뒀는데 ..? 컬리에서 샀으니 취소.. 아맞다.. 남편이가 나 돈을 줬다. 금 주식이 올라 2주도 안 돼 50만원의 수익금이 생겼다..,,,normal_reviewed,normal,high,이미 사람이 감성분석용으로 검수한 정상 콘텐츠
7월 11일 올스타전에서도 나눔 올스타의 선발 투수로 등판해 1이닝 무실점을 기록한 올러는 7월 17일 SSG... 16일 SSG와의 후반기 첫 등판에서 4.1이닝 3실점으로 올 시즌 처음으로 5이닝을 채우지 못하고 패전 투수가 된...,,,normal_reviewed,normal,high,이미 사람이 감성분석용으로 검수한 정상 콘텐츠
활용해 SSG와 에이블리처럼 투플렉스에서 지원하지 않는 마켓으로... 스마트스토어와 SSG·에이블리의 카테고리가 서로 다르기 때문에 상품을... 개인적으로는 SSG의 경우 단순히 상품을 많이 올리는 것뿐만 아니라 MD와...,,,normal_reviewed,normal,high,이미 사람이 감성분석용으로 검수한 정상 콘텐츠
"최신 +에이블리 앱 지우면 될거라고 해서 지웟는데 댓음댜♡ 왜인진 모르겟지만 허허... 다들 에이블리 잇으심 에이블리 지우셔요♡ 단판빵님 감다해영!! 캐시,데이터 다 제거하고 앱도 다시 깔아보고 메모리 정리하고...",,,normal_reviewed,normal,high,이미 사람이 감성분석용으로 검수한 정상 콘텐츠
"소비자<b>집단소송</b> 참여 고려 증거 자료 보관이 중요하므로, 영수증, 통화 녹음, 문자 메시지 등을 모두 보관하세요. 관련 인기 글 모음 에어컨 전기세 900원으로 줄이는 필수 절약법 20가지 에어컨 필터 종류부터...",,,normal_reviewed,normal,high,이미 사람이 감성분석용으로 검수한 정상 콘텐츠
네이버를 넘어섰다. 통계 집계 후 사상 처음이다. 검색 시장의 판도를 가른것은 ‘인공지능(AI)’이다. 구글이 최근 ‘AI 검색’을 대폭 강화하고 이용자를 빠르게 확대하면서 부동의 1위였던 국내 포털 네이버까지...,,,normal_reviewed,normal,high,이미 사람이 감성분석용으로 검수한 정상 콘텐츠
남 눈치 보지 않고 차분하게 피로를 푸는 '1인 프라이빗 사우나'가 엄청난 트렌드로 부상하고 있습니다! 네이버 데이터랩 검색량 조사에서도 2030세대가 전체 검색의 70% 이상을 차지할 정도로 반응이 뜨거운데요..,,,normal_reviewed,normal,high,이미 사람이 감성분석용으로 검수한 정상 콘텐츠
본 포스팅은 네이버 쇼핑커넥트의 일환으로 판매시 수수료를 지급받을 수 있습니다 안녕하세요! 요즘 바쁜 일상 속에서 간편하게 요리할 수 있는 도구를 찾고 있었어요. 특히 고기나 생선을 구울 때 편리한...,,,normal_reviewed,normal,high,이미 사람이 감성분석용으로 검수한 정상 콘텐츠
"14~15일 업계 공동 '택배쉬는날'…주요 3사 일제히 배송 중단 쿠팡·컬리 자체 물류망 기반 정상 배송…배송... 쿠팡은 로켓배송을, 컬리는 샛별배송을 정상 운영한다. 자체 물류센터와 배송 인력을 기반으로 운영되는 이들...",,,normal_reviewed,normal,high,이미 사람이 감성분석용으로 검수한 정상 콘텐츠
"통해 입국한 직후, 맷 데이먼은 서울 고척스카이돔을 찾아 KBO 리그(키움 히어로즈 vs SSG 랜더스) 경기를 관람하여 큰 화제를 모았습니다. 경기도중 전광판에 주연배우...",,,normal_reviewed,normal,high,이미 사람이 감성분석용으로 검수한 정상 콘텐츠
점을 함께 고려했다. 작년까지 공정위는 줄곧 김 의장이 아닌 <b>쿠팡</b> 법인을 동일인으로 지정했다. 특혜 <b>논란</b>이 커지자 2024년 5월 10일 신설한 공정거래법 시행령 규정을...,,,normal_reviewed,normal,high,이미 사람이 감성분석용으로 검수한 정상 콘텐츠
"늦은 체크인도 사전에 메일로 요청하니 친절하게 안내해줬고, 골목 입구에 7-11이 있어 늦은 밤에도... 7-11이 있어서 밤 11시 이후에도 간단한 식료품을 사기 편하다. 아고다에서 이 호텔을 검색하면 사진과 실제 객실...",,,normal_reviewed,normal,high,이미 사람이 감성분석용으로 검수한 정상 콘텐츠
월 구독료 역시 2900원으로 책정해 경쟁사인 쿠팡의 와우 멤버십(월 7890원) 대비 3분의 1 수준으로 낮췄다.... 같은 기간 쿠팡(3400만명대)이나 11번가(800만명대) 등 기존 대형 이커머스 업체와 비교하면 미미한...,,,normal_reviewed,normal,high,이미 사람이 감성분석용으로 검수한 정상 콘텐츠
김규원은 2023년 tvN ‘코미디빅리그’를 통해 데뷔한 뒤 쿠팡플레이 ‘SNL 코리아’ 시즌5 크루로 합류하며 대중에게 이름을 알렸어요. 다양한 부캐릭터를 소화하며 상황에 맞는 센스와 표현력을 보여준 김규원은...,,,normal_reviewed,normal,high,이미 사람이 감성분석용으로 검수한 정상 콘텐츠
"및 가맹점 지도 완벽 조회 가이드 2026년 온누리상품권 10% 할인 혜택과 지류·디지털 종류별 차이를 완벽 정리했습니다. 내 주변 전통시장 및 상점가부터 11번가, 삼성전자 환급 등 핵심 온·오프라인 사용처와 가맹점 지도 조회 방법을 지금 바로 확인해 보세요. 핵심 요약 구분주요 사용처 및 m.site.naver.com ​ #일...",,,normal_reviewed,normal,high,이미 사람이 감성분석용으로 검수한 정상 콘텐츠
"SSG닷컴: 보냉제 2배 이상 확대, 주간배송용 보냉 이너박스 사용, 신선식품 판매 기한 최대 50% 단축. 업계 전망 새벽배송 시장의 경쟁 축이 '빠른 배송'에서 '극단적 날씨 속 품질 유지 역량'으로 이동 중.",,,normal_reviewed,normal,high,이미 사람이 감성분석용으로 검수한 정상 콘텐츠
"이 포스팅은 쿠팡 파트너스 활동의 일환으로, 이에 따른 일정액의 수수료를 제공받습니다. 자료출처는 국토교통부입니다. ----------------------- 평당가격 추이, 누적상승률, 연평균수익률 데이터...",,,normal_reviewed,normal,high,이미 사람이 감성분석용으로 검수한 정상 콘텐츠
"가격 비교 사이트 폰유즈의 S등급 매물은 66만 5,500원, 11번가 FIXI 보증 S등급은 67만 7,000원, 사설 매입처의 A등급 매입가는 약 62만 원 수준이다. 전체적으로는 60만 원 중반에서 후반 사이 시세가 잡혀 있어...",,,normal_reviewed,normal,high,이미 사람이 감성분석용으로 검수한 정상 콘텐츠
"문자, <b>카카오</b>톡, 통화 녹음 등을 반드시 보관하세요. (대화 당사자 간의 녹음은 법적 증거로 유효합니다.) 내용증명 발송: 법적 기준을 넘는 요구임을 명시하고, 협박...",,,normal_reviewed,normal,high,이미 사람이 감성분석용으로 검수한 정상 콘텐츠
"집에 있는 가전 몽땅 삼성인데, 이제는 더이상은 삼성은 없을 것 같습니다. 네이버 같은 곳에서 구매하시면 저 같은 상황에도 환불 못받습니다. 다들 쿠팡에서 사세요....",,,normal_reviewed,normal,high,이미 사람이 감성분석용으로 검수한 정상 콘텐츠
거리가 가까워도 큰 대로변에 위치해 있고 주변에 도보로 이동할 만한 곳이 많지 않아서 걸어오기에는 조금 불편할 것 같다 얼마나 신났는지 감도안와 🎶 네이버 예약으로 미리 예약하고 방문했다 우리는 주말 19:00 - 22:00 3시간 이용 ! ​ 매점으로 들어가 예약 확인 후 안내받고 고기를 고르고 결제한 뒤 텐트로 이동...,,,normal_reviewed,normal,high,이미 사람이 감성분석용으로 검수한 정상 콘텐츠
7월 결제액이 감소했음에도 쿠팡의 추정 결제 규모는 G마켓과 11번가를 합친 수준을 크게 웃돌았다. 개인정보 유출 이후 제기됐던 고객 이탈 우려가 곧바로 경쟁사 반사이익으로 이어졌다고 보기는 어려운 셈이다....,,,normal_reviewed,normal,high,이미 사람이 감성분석용으로 검수한 정상 콘텐츠
"출처 : 머니레시피 (상세 데이터는 아래 링크에서 확인하세요) 데이터 소통창구(카카오 오픈톡) 주요 관련 종목 라면: 삼양식품, 농심, 오뚜기, 풀무원 스낵 & 베이커리: 오리온, 농심, 롯데웰푸드...",,,normal_reviewed,normal,high,이미 사람이 감성분석용으로 검수한 정상 콘텐츠
"김 장관은 한미 관계에 뜨거운 감자로 부상한 '쿠팡 사태'에 대해서는 ""미국의 정치인들과 만나면 쿠팡에 대해서 굉장히 과민 반응이 크다는 인상을 받는 반면 제가 만나는 상무부나 미국무역대표부(USTR) 등 통상 쪽...",,,normal_reviewed,normal,high,이미 사람이 감성분석용으로 검수한 정상 콘텐츠
오늘은 책임보험만 가입하고 교통사고가 발생한 경우 벌금이 어느정도 되는지 알아봤습니다. 감사합니다. 나의 법률사무소 보상스토리 상담 전용 카카오톡 http://pf.kakao.com/_eiKdG/chat,,,normal_reviewed,normal,high,이미 사람이 감성분석용으로 검수한 정상 콘텐츠
"광복절 연휴를 앞두고 국내 주요 택배업체들이 이틀간 배송을 일제히 중단하는 가운데, 쿠팡과 컬리는 정상... 가운데, 쿠팡과 컬리는 정상 배송을 이어가기로 하면서 '택배기사 휴식권'과 '배송 경쟁력'이 극명하게...",,,normal_reviewed,normal,high,이미 사람이 감성분석용으로 검수한 정상 콘텐츠
별도의 앱 설치 없이 본인인증을 거치면 1분 안에 신청할 수 있으며 이후 카카오톡 알림톡으로 확인 메시지가 발송되고 1~2일 이내 설계사가 배정된다. 기존 홈페이지는 보험 상담을 지원하는 서비스 영역과 회사·채용...,,,normal_reviewed,normal,high,이미 사람이 감성분석용으로 검수한 정상 콘텐츠
"소소자매가 있는 부모가 함께 뛰기에는 아직 너무 먼 거리라 우리 상황에는 서울에서 열리는 마라톤이 딱 적합했다. 마라톤 신청이 엄청 치열하다고 해서 네이버 시계까지 켜놓고 신청을 준비했는데 대기번호가 무려 4,000번이 넘었다. 러닝의 인기를 제대로 실감했다는... ​ 그래도 다행히 신청은 성공!!! 급하게 신청...",,,normal_reviewed,normal,high,이미 사람이 감성분석용으로 검수한 정상 콘텐츠
포쓰저널 허지원 기자 /마켓컬리 기록적인 폭염 속에서 컬리 신선식품 배송을 둘러싸고 소비자 불만이 이어지고 있다. 냉동식품이 녹은 채 배송되거나 포장재가 파손된 사례가 온라인 커뮤니티를 중심으로 확산되고 있다....,,,normal_reviewed,normal,high,이미 사람이 감성분석용으로 검수한 정상 콘텐츠
반복한 뒤 냉매 수가 아니라 최대 배송시간을 먼저 확정하면 됩니다. 관련 글 중복·말복 보양 메뉴 배달 준비 체크리스트 배달앱 수수료 비교 2026: 배민·쿠팡이츠·요기요 실제 부담액 계산법 확인한 공식 자료 국가법령정보센터 소비기한 설정기준 식약처 식품용 기구·용기·포장 기준 해설서 질병관리청 여름철...,,,normal_reviewed,normal,high,이미 사람이 감성분석용으로 검수한 정상 콘텐츠
세계여행을 끝내고 스쿠터 전국일주도 끝내고 이제 무슨 여행테마를 찾아야 하나. 여름은 절정에 다다랐고 아직 올해의 여름을 제대로 보내진 못한것 같다. 여름을 파랑보다 초록이라 말하고 싶고 여름을...,,,normal_reviewed,normal,high,이미 사람이 감성분석용으로 검수한 정상 콘텐츠
"11번가에서 폴드8구매후 트레이드인 보상판매 하려는데, 플립4인줄알았던 폰이 플립3였다 ㅠ 그래서 급히 플립4당근으로 부품용 구입(액정터치가능한걸로) 이제 트레이드인보상판매 보낼차례 (10만원 추가보상 못참긔)",,,normal_reviewed,normal,high,이미 사람이 감성분석용으로 검수한 정상 콘텐츠
"출처: 대법 &#34;일본제철, 강제징용 피해자 유족들에 8000만원 배상&#34; 확정 일제강점기 강제징용 피해자 유족들..",,,normal_reviewed,normal,high,이미 사람이 감성분석용으로 검수한 정상 콘텐츠
업계에서는 이번 제타 스마트센터를 롯데쇼핑이 쿠팡과 컬리 중심으로 재편된 온라인 장보기 시장에 본격적인 반격을 시작한 신호탄으로 평가한다. 단순히 배송 속도를 높이는 데 그치지 않고 AI와 로봇을 기반으로...,,,normal_reviewed,normal,high,이미 사람이 감성분석용으로 검수한 정상 콘텐츠
"연구원은 이러한 손상들이 건물 상부 무게를 지탱하는 대량과 종부의 결함과 연계된 것으로 보고, 올해... 각종 비리와 부당대우, 사건사고와 미담 등 모든 얘깃거리를 알려주세요.이메일 : 카카오톡 : @노컷뉴스사이트... ",,,normal_reviewed,normal,high,이미 사람이 감성분석용으로 검수한 정상 콘텐츠
수익당을 알게 된 경로 (예: 유튜브 / 블로그 / 네이버 검색 / 지인 추천) - 지인 추천 9. 수익당에서 가장 기대하는 점 - 돈되는 정보 10. 당신이 생각하는 '투자'란? - 인생. 11. 앞으로의 투자 목표 - 행복을 살 수...,,,normal_reviewed,normal,high,이미 사람이 감성분석용으로 검수한 정상 콘텐츠
월드 박동현 입력 : 2026.08.11 10:44 조회수 : 36 0 0 페이스북 트위터 카카오톡 URL복사 초코주 인근서 규모 7.4 강진…111명 사망·87명 부상 칼리 등 곳곳서 건물 붕괴…잔해 속 생존자 수색 접근 어려운...,,,normal_reviewed,normal,high,이미 사람이 감성분석용으로 검수한 정상 콘텐츠
"같은 범죄 혐의는 30% 이상 폭락합니다. 한국거래소(2024년 기준)에 따르면, 범죄 혐의가 확인된 종목의 평균 하락률은 35%였습니다. 🔗 참고 자료 '유퀴즈' 마켓컬리 CEO 김슬아, 명문고·글로벌기업 출신 '엄친아' [별별TV] 자세히 보기 둘째, 경영진 교체 속도입니다. 임시 CEO가 1개월 이내에 선임되면 손실률이 8%로..",,,normal_reviewed,normal,high,이미 사람이 감성분석용으로 검수한 정상 콘텐츠
"최근 흐름을 보면 2연승 이후 SSG를 상대로 2패와 1무를 기록했고, 이어진 KT와의 세 경기에서는 모두 10실점을 허용하며 0:10, 3:10, 2:10으로 연속 패배했습니다. 다만 가장 최근 KIA전에서는 10:4로 승리하며...",,,normal_reviewed,normal,high,이미 사람이 감성분석용으로 검수한 정상 콘텐츠
만다. 안방에서 화장을 하는 아내의 눈치를 살피며 급하게 거실로 이동했다. 이미 주문하기 버튼은 눌러졌다. 허리통증은 이성을 마비시켰다. ​ <b>불매</b>운동에 실패한 <b>쿠팡</b>로켓배송덕에 물건은 다음날 집앞에 고이 안착했다. 택배를 발견한 아내가 또 자기몰래 ‘예쁜 쓰레기’를 주문했냐며 성토를 하려다가 내용물을 확인...,,,normal_reviewed,normal,high,이미 사람이 감성분석용으로 검수한 정상 콘텐츠
"오늘 네이버 실검 트렌드 분석과 활용법 오늘 네이버에서 난리난 키워드는 대중의 실시간 관심사가 급증한 검색어로, 주로 이슈성 뉴스나 날씨 변화에 따라 폭발적인 트래픽을 기록합니다. 스마트폰 화면을 켜자마자 포털 메인에 걸린 단어들을 보면 세상이 어떻게 돌아가는지 대략적인 맥락이 눈에 들어옵니다. 주방...",,,normal_reviewed,normal,high,이미 사람이 감성분석용으로 검수한 정상 콘텐츠
"신세계의 온라인 플랫폼 W컨셉 역시 제조사 상품 시험성적서 등록을 의무화하고 품질 관리 프로그램을 운영하며, 상품 문제가 확인되면 판매 중단 및 브랜드 소명 절차를 진행한다. 카카오스타일의 지그재그는 '허위 정보... ",,,normal_reviewed,normal,high,이미 사람이 감성분석용으로 검수한 정상 콘텐츠
"단호한 불매 릴레이를 제안한다&quot;고 말했다. ※CBS노컷뉴스는 여러분의 제보로 함께 세상을 바꿉니다. 각종 비리와 부당대우, 사건사고와 미담 등 모든 얘깃거리를 알려주세요.이메일 : 카카오톡 : @노컷뉴스사이트 : https... ",,,normal_reviewed,normal,high,이미 사람이 감성분석용으로 검수한 정상 콘텐츠
쿠팡 개인정보 유출 사고 이후에는 공식 발표 확인과 계정 보안 점검을 함께 진행하는 것이 중요합니다. 쿠팡 개인정보 유출 소식 이후 많은 이용자가 계정 안전과 2차 피해 가능성을 걱정하고 있습니다. 이번..,,,normal_reviewed,normal,high,이미 사람이 감성분석용으로 검수한 정상 콘텐츠
무신사 머니 유효기간이 끝나기 직전이라 뭘 살지 고민하다가 때마침... 제품 소개 제가 리뷰할 제품은 무신사 스탠다드의 ”쿨탠다드 레귤러... 제품 착용 사진 상의: 무신사 스탠다드 하의: 브랜디드 신발: 미스테이크...,,,normal_reviewed,normal,high,이미 사람이 감성분석용으로 검수한 정상 콘텐츠
알로나에서 출발해서 첫 관광지까지는 1시간이 조금 넘게걸려요 보홀에도 베나자와 같은 회사인 보홀트래블이라는 네이버 카페가 있습니다. 요기통해서 가면 단독으로 렌트처럼 사진포인트중에 가고싶은 곳만 들려볼 수...,,,normal_reviewed,normal,high,이미 사람이 감성분석용으로 검수한 정상 콘텐츠
④ 문학: 롯데 자이언츠 4 vs 8 SSG 랜더스 승리투수: 아빌라 (SSG) 패전투수: 비슬리 (롯데) 경기 요약: SSG가 선발 아빌라의 호투와 경기 초반부터 폭발한 중심 타선의 화력을 앞세워 롯데를 8-4로 제압했습니다..,,,normal_reviewed,normal,high,이미 사람이 감성분석용으로 검수한 정상 콘텐츠
카카오는 대화 맥락 파악부터 결제까지 이어지는 완결형 서비스를 목표로 하반기 쿠팡이츠와의 제휴 등을 통해 외부 연동을 확대한다. 이를 통해 연말까지 카카오톡 내 AI 서비스 MAU(월간활성이용자수) 1000만명을...,,,normal_reviewed,normal,high,이미 사람이 감성분석용으로 검수한 정상 콘텐츠
"오,,, 마켓컬리 구경하다가 전복 솥밥 키트를 발견했습니다! 바로 구매~ 콜린스 다이닝의 전복솥밥 키트 전복 솥밥 키트와 참기름만 들어있어요~ 쌀 250g은 따로 준비가 필요합니다. 18,900원 (마켓컬리) 0점 계량...",,,normal_reviewed,normal,high,이미 사람이 감성분석용으로 검수한 정상 콘텐츠
"(쿠팡, 11번가 등), 금융권(신한, KB 등) AI 데이터 센터 AI 연구원 / 사이언티스트 (AI Research Scientist) ⭐⭐☆☆☆ (석·박사 필수) * 학·석사 초봉: 6,000만 ~ 8,500만 원 * 해외 박사급: 수억 원 대...",,,normal_reviewed,normal,high,이미 사람이 감성분석용으로 검수한 정상 콘텐츠
education 네이버 카페 · https://cafe.naver.com/seoleducation seol education... education 네이버 카페의 해당 게시글 댓글 또는 Q&A 게시판 이용 지속적인 보완 · 수정을 통한 최신 버전의 자료 seol education 네이버...,,,normal_reviewed,normal,high,이미 사람이 감성분석용으로 검수한 정상 콘텐츠
지난주 11번가 해외로 돌리기 직전에 들어온 주문이 오류입고가 되었다. 오류입고라는 말만 봐도 심장이 벌렁거리는데 아니나 다를까 무시할 수 없는 정도의 오류.. 고민을 하다가 사진을 고객님께 보여드렸고 중판한테도...,,,normal_reviewed,normal,high,이미 사람이 감성분석용으로 검수한 정상 콘텐츠
"마켓컬리나 스마트스토어에서 거대곰탕 밀키트를 시켜 드셨거나, 냉동실에 아직 남아있으신가요? 부산 해운대 한우 맛집으로 유명한 ‘거대곰탕’의 밀키트 제품이 대장균 기준치 초과로 회수 조치됐습니다. 우리...",,,normal_reviewed,normal,high,이미 사람이 감성분석용으로 검수한 정상 콘텐츠
"제니 카이 데이트룩, 무신사 1위 스커트 (?? NEW) 10위. 박지현 100만원대 목걸이 정체 (?? NEW) 11위. 김고은 워스트 패션 논란 (?? NEW) 12위. 올리브영 세일 (?? 하락) 13위. 강동원 가방, 에르메스 스카프 송혜교...",,,normal_reviewed,normal,high,이미 사람이 감성분석용으로 검수한 정상 콘텐츠
"비밀 초특가가 드디어 풀렸어요 올리브영 화장품이 무려 80% 할인된 가격으로 만나볼 수 있다니, 정말 놀라워요! 이런 가격은 지금 아니면 보기 힘들 것 같아요. 딱 일주일 동안만 창고가 오픈하니...",,,normal_reviewed,normal,high,이미 사람이 감성분석용으로 검수한 정상 콘텐츠
ㄱㅊ나요 6s 살건데 중국제품도 잇다해서 ㅠ,,,normal_reviewed,normal,high,이미 사람이 감성분석용으로 검수한 정상 콘텐츠
"배민, 쿠팡만 검색해봐도 배달도 엄청 빼고 있어요. 2026.1월 ~ 6월 매출 1억 넘습니다. 1년 계산하면 연매출 2억으로 보시면 되세요. 국세청 자료 증빙 가능합니다. 그만큼 매장, 배달 단골손님 탄탄하고 위치 좋아요....",,,normal_reviewed,normal,high,이미 사람이 감성분석용으로 검수한 정상 콘텐츠
